raceId,driverId,stop,lap,time,duration,milliseconds,circuitId,alt
841,153,1,1,17:05:23,26.898,26898,1,10
841,30,1,1,17:05:52,25.021,25021,1,10
841,17,1,11,17:20:48,23.426,23426,1,10
841,4,1,12,17:22:34,23.251,23251,1,10
841,13,1,13,17:24:10,23.842,23842,1,10
841,22,1,13,17:24:29,23.643,23643,1,10
841,20,1,14,17:25:17,22.603,22603,1,10
841,814,1,14,17:26:03,24.863,24863,1,10
841,816,1,14,17:26:50,25.259,25259,1,10
841,67,1,15,17:27:34,25.342,25342,1,10
841,2,1,15,17:27:41,22.994,22994,1,10
841,1,1,16,17:28:24,23.227,23227,1,10
841,808,1,16,17:28:39,24.535,24535,1,10
841,3,1,16,17:29:00,23.716,23716,1,10
841,155,1,16,17:29:06,24.064,24064,1,10
841,16,1,16,17:29:08,25.978,25978,1,10
841,15,1,16,17:29:49,24.899,24899,1,10
841,18,1,17,17:30:24,16.867,16867,1,10
841,153,2,17,17:31:06,24.463,24463,1,10
841,5,1,17,17:31:11,24.865,24865,1,10
841,30,2,17,17:32:08,23.988,23988,1,10
841,10,1,18,17:33:02,23.792,23792,1,10
841,18,2,19,17:33:53,23.303,23303,1,10
841,815,1,23,17:40:27,23.438,23438,1,10
841,22,2,23,17:40:45,37.856,37856,1,10
841,17,2,26,17:44:29,22.520,22520,1,10
841,4,2,27,17:46:04,24.733,24733,1,10
841,22,3,28,17:49:07,16.892,16892,1,10
841,67,2,29,17:49:47,23.100,23100,1,10
841,2,2,30,17:51:32,25.098,25098,1,10
841,13,2,31,17:52:28,24.500,24500,1,10
841,155,2,32,17:54:21,24.192,24192,1,10
841,20,2,36,17:59:17,24.036,24036,1,10
841,1,2,36,17:59:29,23.199,23199,1,10
841,153,3,35,17:59:45,26.348,26348,1,10
841,808,2,36,17:59:47,25.683,25683,1,10
841,814,2,36,18:00:48,24.332,24332,1,10
841,18,3,37,18:01:49,22.681,22681,1,10
841,16,2,37,18:02:15,23.871,23871,1,10
841,15,2,37,18:03:55,24.848,24848,1,10
841,816,2,38,18:06:53,26.446,26446,1,10
841,17,3,41,18:07:37,26.230,26230,1,10
841,22,4,40,18:08:03,26.309,26309,1,10
841,4,3,42,18:09:08,24.181,24181,1,10
841,13,3,48,18:18:54,24.095,24095,1,10
842,16,1,3,16:09:07,31.694,31694,2,18
842,22,1,3,16:10:04,32.978,32978,2,18
842,17,1,10,16:21:21,22.572,22572,2,18
842,814,1,11,16:23:16,22.773,22773,2,18
842,1,1,12,16:24:40,22.552,22552,2,18
842,20,1,13,16:26:17,23.019,23019,2,18
842,2,1,13,16:26:28,23.900,23900,2,18
842,18,1,13,16:26:29,22.400,22400,2,18
842,13,1,13,16:26:30,29.224,29224,2,18
842,15,1,13,16:27:03,25.516,25516,2,18
842,4,1,14,16:28:15,23.152,23152,2,18
842,30,1,14,16:28:34,22.576,22576,2,18
842,808,1,15,16:30:10,23.182,23182,2,18
842,67,1,15,16:30:23,23.280,23280,2,18
842,3,1,15,16:30:37,24.967,24967,2,18
842,5,1,15,16:30:37,29.084,29084,2,18
842,153,1,16,16:32:25,23.584,23584,2,18
842,16,2,16,16:32:31,22.046,22046,2,18
842,155,1,17,16:33:53,23.280,23280,2,18
842,815,1,17,16:34:14,23.597,23597,2,18
842,10,1,17,16:34:28,24.617,24617,2,18
842,816,1,17,16:34:39,26.252,26252,2,18
842,24,1,17,16:34:56,27.815,27815,2,18
842,22,2,17,16:35:41,24.502,24502,2,18
842,67,2,20,16:39:30,29.843,29843,2,18
842,17,2,22,16:42:37,21.991,21991,2,18
842,18,2,23,16:44:11,22.471,22471,2,18
842,1,2,24,16:45:48,22.611,22611,2,18
842,814,2,24,16:46:20,22.419,22419,2,18
842,20,2,25,16:47:27,21.893,21893,2,18
842,4,2,26,16:49:19,23.894,23894,2,18
842,2,2,26,16:49:31,23.221,23221,2,18
842,13,2,27,16:51:17,22.541,22541,2,18
842,808,2,27,16:51:25,22.680,22680,2,18
842,30,2,28,16:53:26,22.261,22261,2,18
842,3,2,29,16:55:28,22.577,22577,2,18
842,17,3,32,17:00:01,22.069,22069,2,18
842,153,2,32,17:00:55,22.888,22888,2,18
842,16,3,32,17:00:56,22.550,22550,2,18
842,67,3,32,17:01:03,27.439,27439,2,18
842,5,2,34,17:04:41,23.336,23336,2,18
842,10,2,34,17:05:19,24.429,24429,2,18
842,816,2,35,17:07:20,24.416,24416,2,18
842,155,2,36,17:07:26,23.442,23442,2,18
842,1,3,37,17:08:28,25.382,25382,2,18
842,814,3,37,17:09:21,23.977,23977,2,18
842,18,3,38,17:10:13,22.483,22483,2,18
842,13,3,38,17:10:28,22.893,22893,2,18
842,2,3,39,17:12:09,22.602,22602,2,18
842,24,2,38,17:13:32,26.554,26554,2,18
842,3,3,40,17:15:05,22.526,22526,2,18
842,20,3,41,17:15:08,22.313,22313,2,18
842,4,3,41,17:15:25,23.812,23812,2,18
842,30,3,42,17:18:08,22.227,22227,2,18
842,17,4,43,17:19:10,22.161,22161,2,18
842,808,3,44,17:21:08,28.694,28694,2,18
842,4,4,46,17:24:24,27.182,27182,2,18
842,24,3,44,17:25:07,38.823,38823,2,18
842,1,4,52,17:34:48,22.466,22466,2,18
843,153,1,9,15:19:36,22.419,22419,17,5
843,24,1,9,15:20:00,14.160,14160,17,5
843,30,1,10,15:21:12,20.522,20522,17,5
843,17,1,10,15:21:27,23.442,23442,17,5
843,813,1,10,15:21:35,23.160,23160,17,5
843,814,1,11,15:22:57,21.989,21989,17,5
843,3,1,12,15:24:32,20.771,20771,17,5
843,67,1,12,15:24:56,22.010,22010,17,5
843,18,1,14,15:27:59,23.779,23779,17,5
843,20,1,14,15:28:00,21.995,21995,17,5
843,155,1,14,15:28:17,21.855,21855,17,5
843,13,1,15,15:29:47,21.624,21624,17,5
843,1,1,15,15:29:49,20.878,20878,17,5
843,16,1,15,15:30:01,20.989,20989,17,5
843,4,1,16,15:31:34,22.524,22524,17,5
843,815,1,16,15:31:55,21.473,21473,17,5
843,22,1,16,15:32:01,21.709,21709,17,5
843,67,2,16,15:32:19,24.722,24722,17,5
843,10,1,16,15:32:33,22.683,22683,17,5
843,808,1,17,15:33:36,21.981,21981,17,5
843,2,1,18,15:35:28,22.216,22216,17,5
843,5,1,19,15:37:31,22.485,22485,17,5
843,15,1,20,15:39:24,23.029,23029,17,5
843,816,1,20,15:39:50,22.901,22901,17,5
843,24,2,21,15:42:05,24.467,24467,17,5
843,39,1,23,15:45:28,26.049,26049,17,5
843,18,2,24,15:45:35,20.758,20758,17,5
843,3,2,25,15:47:13,22.005,22005,17,5
843,1,2,25,15:47:20,20.533,20533,17,5
843,17,2,25,15:47:44,21.132,21132,17,5
843,813,2,25,15:48:09,22.062,22062,17,5
843,30,2,26,15:49:15,21.964,21964,17,5
843,10,2,28,15:54:22,21.908,21908,17,5
843,16,2,30,15:56:26,21.058,21058,17,5
843,155,2,30,15:56:28,21.936,21936,17,5
843,2,2,30,15:56:29,21.821,21821,17,5
843,20,2,31,15:57:37,21.533,21533,17,5
843,4,2,32,15:59:39,21.251,21251,17,5
843,814,2,32,15:59:51,21.218,21218,17,5
843,13,2,33,16:01:04,21.168,21168,17,5
843,67,3,33,16:02:13,21.928,21928,17,5
843,816,2,34,16:05:10,22.802,22802,17,5
843,22,2,35,16:05:24,21.481,21481,17,5
843,815,2,36,16:06:55,23.397,23397,17,5
843,18,3,37,16:08:00,21.237,21237,17,5
843,808,2,37,16:08:34,22.005,22005,17,5
843,1,3,38,16:09:38,20.567,20567,17,5
843,3,3,39,16:11:19,20.720,20720,17,5
843,30,3,39,16:11:49,21.400,21400,17,5
843,17,3,40,16:13:29,21.091,21091,17,5
843,10,3,39,16:14:17,33.827,33827,17,5
843,5,2,40,16:14:27,21.890,21890,17,5
843,813,3,40,16:14:36,27.620,27620,17,5
843,15,2,42,16:18:14,22.260,22260,17,5
843,24,3,45,16:25:39,23.499,23499,17,5
843,16,3,47,16:26:24,28.708,28708,17,5
843,815,3,48,16:28:01,13.900,13900,17,5
843,815,4,50,16:31:39,28.845,28845,17,5
844,815,1,1,15:05:18,29.270,29270,5,130
844,30,1,2,15:06:35,30.182,30182,5,130
844,808,1,8,15:16:06,21.422,21422,5,130
844,13,1,9,15:17:37,22.022,22022,5,130
844,1,1,9,15:17:38,20.833,20833,5,130
844,67,1,9,15:17:47,21.769,21769,5,130
844,17,1,10,15:19:04,21.050,21050,5,130
844,4,1,10,15:19:05,21.308,21308,5,130
844,3,1,10,15:19:09,22.573,22573,5,130
844,2,1,10,15:19:16,22.300,22300,5,130
844,22,1,10,15:19:20,22.717,22717,5,130
844,16,1,10,15:19:22,21.649,21649,5,130
844,20,1,11,15:20:32,20.623,20623,5,130
844,814,1,11,15:21:00,20.775,20775,5,130
844,813,1,11,15:21:09,23.881,23881,5,130
844,18,1,13,15:23:57,21.368,21368,5,130
844,155,1,13,15:24:09,21.820,21820,5,130
844,153,1,13,15:24:25,22.713,22713,5,130
844,15,1,13,15:24:28,23.066,23066,5,130
844,30,2,14,15:26:02,20.907,20907,5,130
844,39,1,14,15:26:26,27.353,27353,5,130
844,5,1,15,15:27:42,22.854,22854,5,130
844,24,1,15,15:28:03,24.634,24634,5,130
844,815,2,16,15:29:30,22.895,22895,5,130
844,816,1,16,15:29:37,22.779,22779,5,130
844,24,2,16,15:30:57,56.611,56611,5,130
844,808,2,19,15:33:42,21.323,21323,5,130
844,1,2,20,15:35:09,21.075,21075,5,130
844,17,2,21,15:36:27,20.421,20421,5,130
844,3,2,22,15:38:24,20.927,20927,5,130
844,2,2,22,15:38:25,21.919,21919,5,130
844,4,2,23,15:39:35,21.732,21732,5,130
844,13,2,23,15:39:58,21.322,21322,5,130
844,67,2,23,15:40:07,22.128,22128,5,130
844,155,2,23,15:40:15,23.455,23455,5,130
844,22,2,24,15:41:43,22.868,22868,5,130
844,814,2,24,15:41:50,20.930,20930,5,130
844,20,2,25,15:42:31,20.112,20112,5,130
844,16,2,25,15:43:21,21.084,21084,5,130
844,813,2,25,15:43:41,22.555,22555,5,130
844,15,2,25,15:43:47,22.862,22862,5,130
844,18,2,26,15:44:37,22.639,22639,5,130
844,39,2,27,15:47:59,24.962,24962,5,130
844,153,2,29,15:49:46,21.826,21826,5,130
844,30,3,30,15:51:13,20.379,20379,5,130
844,5,2,31,15:53:27,21.633,21633,5,130
844,814,3,32,15:54:38,20.887,20887,5,130
844,815,3,32,15:54:42,22.365,22365,5,130
844,3,3,33,15:55:49,20.949,20949,5,130
844,1,3,34,15:57:04,35.688,35688,5,130
844,816,2,33,15:57:20,24.837,24837,5,130
844,808,3,34,15:57:21,21.838,21838,5,130
844,13,3,34,15:57:22,23.471,23471,5,130
844,17,3,35,15:58:20,20.843,20843,5,130
844,4,3,36,15:59:49,21.702,21702,5,130
844,2,3,36,16:00:31,20.872,20872,5,130
844,24,3,35,16:02:57,25.125,25125,5,130
844,155,3,38,16:03:58,22.456,22456,5,130
844,18,3,39,16:05:05,21.417,21417,5,130
844,153,3,39,16:05:31,21.986,21986,5,130
844,20,3,40,16:05:46,20.385,20385,5,130
844,15,3,39,16:06:10,22.219,22219,5,130
844,67,3,40,16:06:48,22.032,22032,5,130
844,22,3,40,16:07:01,21.687,21687,5,130
844,16,3,40,16:07:05,21.006,21006,5,130
844,24,4,37,16:07:22,43.603,43603,5,130
844,813,3,41,16:09:04,21.827,21827,5,130
844,815,4,42,16:10:21,21.715,21715,5,130
844,3,4,44,16:12:55,20.308,20308,5,130
844,814,4,44,16:13:28,21.403,21403,5,130
844,17,4,45,16:13:49,22.087,22087,5,130
844,808,4,45,16:14:37,21.662,21662,5,130
844,30,4,45,16:14:46,20.597,20597,5,130
844,4,4,46,16:15:17,21.379,21379,5,130
844,813,4,45,16:15:30,13.925,13925,5,130
844,1,4,46,16:15:51,22.041,22041,5,130
844,2,4,46,16:16:10,21.884,21884,5,130
844,13,4,46,16:16:13,26.685,26685,5,130
844,20,4,47,16:16:40,20.489,20489,5,130
844,39,3,45,16:17:26,24.474,24474,5,130
844,5,3,53,16:28:36,23.114,23114,5,130
844,153,4,55,16:30:31,21.931,21931,5,130
845,155,1,1,14:05:11,24.871,24871,4,109
845,815,1,7,14:14:14,23.592,23592,4,109
845,813,1,8,14:15:48,22.689,22689,4,109
845,20,1,9,14:16:54,20.253,20253,4,109
845,67,1,9,14:17:17,20.818,20818,4,109
845,4,1,10,14:18:23,20.567,20567,4,109
845,17,1,10,14:18:27,20.881,20881,4,109
845,30,1,10,14:18:43,20.084,20084,4,109
845,1,1,11,14:19:57,19.761,19761,4,109
845,808,1,11,14:20:14,21.856,21856,4,109
845,3,1,11,14:20:17,20.647,20647,4,109
845,13,1,11,14:20:19,20.800,20800,4,109
845,153,1,11,14:20:28,20.741,20741,4,109
845,22,1,11,14:20:48,29.936,29936,4,109
845,16,1,13,14:23:57,20.773,20773,4,109
845,18,1,14,14:24:51,20.015,20015,4,109
845,39,1,14,14:25:56,24.843,24843,4,109
845,814,1,15,14:26:40,20.070,20070,4,109
845,15,1,15,14:26:50,22.364,22364,4,109
845,5,1,16,14:28:30,21.019,21019,4,109
845,24,1,16,14:28:55,23.157,23157,4,109
845,10,1,16,14:29:00,22.744,22744,4,109
845,816,1,17,14:30:41,23.176,23176,4,109
845,20,2,18,14:30:44,19.887,19887,4,109
845,4,2,19,14:32:13,20.238,20238,4,109
845,17,2,19,14:32:16,20.079,20079,4,109
845,813,2,20,14:34:36,24.821,24821,4,109
845,13,2,21,14:35:51,21.635,21635,4,109
845,2,1,21,14:36:21,21.322,21322,4,109
845,1,2,23,14:38:08,20.235,20235,4,109
845,22,2,23,14:39:40,21.226,21226,4,109
845,153,2,24,14:40:47,20.872,20872,4,109
845,67,2,25,14:42:10,24.745,24745,4,109
845,155,2,25,14:42:46,21.128,21128,4,109
845,30,2,26,14:43:25,20.487,20487,4,109
845,808,2,26,14:43:33,24.232,24232,4,109
845,3,2,27,14:45:01,19.534,19534,4,109
845,4,3,29,14:47:26,20.738,20738,4,109
845,17,3,29,14:47:27,20.279,20279,4,109
845,5,2,28,14:47:28,20.807,20807,4,109
845,815,2,29,14:48:40,21.143,21143,4,109
845,15,2,29,14:48:41,21.723,21723,4,109
845,39,2,28,14:48:52,24.448,24448,4,109
845,18,2,30,14:49:06,20.763,20763,4,109
845,16,2,30,14:50:19,20.267,20267,4,109
845,814,2,32,14:53:02,20.126,20126,4,109
845,20,3,34,14:54:42,20.426,20426,4,109
845,1,3,35,14:56:14,20.473,20473,4,109
845,816,2,34,14:58:05,22.982,22982,4,109
845,22,3,35,14:58:09,20.650,20650,4,109
845,13,3,36,14:58:48,22.419,22419,4,109
845,813,3,36,14:59:14,21.574,21574,4,109
845,2,2,36,14:59:22,21.953,21953,4,109
845,153,3,36,14:59:25,21.019,21019,4,109
845,4,4,39,15:02:54,20.380,20380,4,109
845,10,2,38,15:03:54,21.632,21632,4,109
845,30,3,41,15:06:21,20.451,20451,4,109
845,808,3,41,15:06:36,21.739,21739,4,109
845,5,3,41,15:07:42,23.068,23068,4,109
845,3,3,42,15:07:53,20.395,20395,4,109
845,67,3,42,15:08:31,20.819,20819,4,109
845,15,3,43,15:10:27,23.001,23001,4,109
845,155,3,44,15:11:40,20.500,20500,4,109
845,17,4,47,15:14:50,19.984,19984,4,109
845,20,4,48,15:15:41,20.292,20292,4,109
845,815,3,47,15:16:00,21.829,21829,4,109
845,18,3,48,15:16:10,20.107,20107,4,109
845,1,4,49,15:17:11,20.988,20988,4,109
845,16,3,48,15:17:54,23.230,23230,4,109
845,39,3,47,15:19:38,24.298,24298,4,109
845,2,3,50,15:20:32,20.796,20796,4,109
845,153,4,50,15:21:09,23.143,23143,4,109
845,816,3,49,15:21:44,21.708,21708,4,109
845,814,3,51,15:22:03,20.573,20573,4,109
845,813,4,53,15:25:26,22.077,22077,4,109
845,10,3,53,15:27:29,21.170,21170,4,109
845,22,4,54,15:27:32,20.637,20637,4,109
846,30,1,12,14:19:30,35.084,35084,6,7
846,18,1,15,14:22:57,25.280,25280,6,7
846,3,1,15,14:23:33,25.189,25189,6,7
846,20,1,16,14:24:15,28.536,28536,6,7
846,17,1,16,14:24:32,37.735,37735,6,7
846,4,1,17,14:25:41,25.352,25352,6,7
846,5,1,19,14:29:21,26.477,26477,6,7
846,814,1,20,14:30:24,24.970,24970,6,7
846,1,1,22,14:33:00,31.445,31445,6,7
846,10,1,22,14:33:33,26.827,26827,6,7
846,15,1,24,14:36:13,25.595,25595,6,7
846,813,1,25,14:37:09,26.468,26468,6,7
846,13,1,26,14:38:20,26.615,26615,6,7
846,39,1,25,14:38:46,28.325,28325,6,7
846,814,2,27,14:40:23,19.360,19360,6,7
846,808,1,28,14:41:17,28.856,28856,6,7
846,153,1,29,14:43:07,25.907,25907,6,7
846,22,1,32,14:46:47,25.921,25921,6,7
846,18,2,33,14:46:57,26.421,26421,6,7
846,814,3,32,14:47:35,47.226,47226,6,7
846,2,1,33,14:48:15,25.851,25851,6,7
846,67,1,33,14:48:16,26.073,26073,6,7
846,4,2,34,14:48:45,31.382,31382,6,7
846,3,2,33,14:48:50,25.310,25310,6,7
846,24,1,32,14:49:02,28.298,28298,6,7
846,816,1,33,14:49:39,27.577,27577,6,7
846,155,1,34,14:49:49,28.642,28642,6,7
846,16,1,34,14:49:51,25.037,25037,6,7
846,39,2,33,14:51:08,39.917,39917,6,7
846,1,2,43,15:03:45,19.347,19347,6,7
846,15,2,46,15:09:08,26.065,26065,6,7
846,18,3,48,15:09:55,24.670,24670,6,7
846,1,3,49,15:12:04,26.977,26977,6,7
846,5,2,52,15:17:38,25.878,25878,6,7
846,3,3,53,15:18:33,25.116,25116,6,7
846,813,2,54,15:18:38,25.687,25687,6,7
846,17,2,55,15:19:56,26.269,26269,6,7
846,153,2,56,15:22:30,27.550,27550,6,7
846,67,2,62,15:30:24,25.045,25045,6,7
846,816,2,63,15:33:21,26.464,26464,6,7
846,16,2,68,15:37:52,27.879,27879,6,7
846,22,2,68,15:38:54,25.675,25675,6,7
846,2,2,69,15:40:13,26.281,26281,6,7
847,18,1,8,13:15:11,23.650,23650,7,13
847,24,1,9,13:17:25,27.202,27202,7,13
847,18,2,13,13:25:10,14.501,14501,7,13
847,22,1,15,13:28:31,23.305,23305,7,13
847,16,1,16,13:30:09,24.052,24052,7,13
847,4,1,17,13:31:21,23.893,23893,7,13
847,3,1,17,13:31:28,23.105,23105,7,13
847,813,1,17,13:31:45,23.571,23571,7,13
847,67,1,17,13:31:50,23.949,23949,7,13
847,816,1,17,13:32:07,24.143,24143,7,13
847,30,1,18,13:33:04,24.472,24472,7,13
847,4,2,19,13:34:54,26.348,26348,7,13
847,18,3,19,13:35:02,23.868,23868,7,13
847,3,2,19,13:35:10,22.986,22986,7,13
847,153,1,19,13:35:14,26.045,26045,7,13
847,22,2,19,13:35:21,25.066,25066,7,13
847,5,1,19,13:35:26,44.037,44037,7,13
847,15,1,19,13:35:28,51.684,51684,7,13
847,813,2,19,13:35:30,24.943,24943,7,13
847,20,1,20,13:36:13,23.872,23872,7,13
847,17,1,20,13:36:40,29.546,29546,7,13
847,67,2,20,13:37:27,24.649,24649,7,13
847,13,1,21,13:38:09,24.886,24886,7,13
847,30,2,21,13:38:51,24.196,24196,7,13
847,816,2,23,13:43:32,30.497,30497,7,13
847,816,3,33,16:07:00,24.655,24655,7,13
847,30,3,34,16:08:48,22.832,22832,7,13
847,16,2,34,16:08:49,22.923,22923,7,13
847,10,1,34,16:08:50,24.425,24425,7,13
847,22,3,34,16:08:51,24.684,24684,7,13
847,67,3,34,16:08:53,23.970,23970,7,13
847,2,1,35,16:10:18,23.113,23113,7,13
847,814,1,35,16:10:20,22.479,22479,7,13
847,18,4,35,16:10:22,23.589,23589,7,13
847,37,1,35,16:10:23,30.288,30288,7,13
847,153,2,35,16:10:26,24.863,24863,7,13
847,813,3,35,16:10:29,23.593,23593,7,13
847,24,2,35,16:10:48,34.897,34897,7,13
847,155,1,36,16:11:49,23.687,23687,7,13
847,13,2,36,16:11:50,22.742,22742,7,13
847,808,1,36,16:11:52,23.816,23816,7,13
847,17,2,36,16:11:53,22.402,22402,7,13
847,4,3,36,16:11:54,26.129,26129,7,13
847,3,3,36,16:11:57,22.735,22735,7,13
847,15,2,36,16:12:14,23.332,23332,7,13
847,816,4,36,16:12:15,14.538,14538,7,13
847,20,2,37,16:13:21,22.958,22958,7,13
847,39,1,37,16:14:01,29.115,29115,7,13
847,18,5,37,16:14:55,31.718,31718,7,13
847,814,2,43,16:24:38,28.630,28630,7,13
847,16,3,45,16:27:43,14.565,14565,7,13
847,16,4,49,16:33:51,32.449,32449,7,13
847,17,3,50,16:35:03,22.770,22770,7,13
847,22,4,50,16:35:12,23.059,23059,7,13
847,67,4,50,16:35:23,26.561,26561,7,13
847,814,3,50,16:35:33,14.538,14538,7,13
847,18,6,51,16:36:41,23.741,23741,7,13
847,153,3,51,16:36:45,23.338,23338,7,13
847,813,4,51,16:36:46,23.700,23700,7,13
847,10,2,51,16:37:16,25.079,25079,7,13
847,39,2,51,16:37:38,29.540,29540,7,13
847,30,4,52,16:37:50,22.869,22869,7,13
847,13,3,52,16:37:52,22.560,22560,7,13
847,2,2,52,16:37:57,23.364,23364,7,13
847,37,2,52,16:38:22,24.039,24039,7,13
847,15,3,52,16:38:45,25.140,25140,7,13
847,816,5,52,16:38:56,30.714,30714,7,13
847,20,3,53,16:39:07,22.526,22526,7,13
847,24,3,52,16:39:20,33.278,33278,7,13
847,155,2,53,16:39:22,24.618,24618,7,13
847,808,2,53,16:39:31,24.145,24145,7,13
847,3,4,53,16:39:36,22.702,22702,7,13
847,13,4,53,16:39:50,28.346,28346,7,13
847,814,4,53,16:40:04,23.129,23129,7,13
847,813,5,61,16:53:19,31.701,31701,7,13
848,813,1,10,14:22:02,21.301,21301,12,4
848,2,1,11,14:23:23,22.114,22114,12,4
848,22,1,11,14:23:27,21.163,21163,12,4
848,155,1,11,14:23:29,23.492,23492,12,4
848,1,1,12,14:24:49,20.340,20340,12,4
848,3,1,12,14:25:02,21.054,21054,12,4
848,16,1,12,14:25:09,20.676,20676,12,4
848,17,1,13,14:26:28,20.465,20465,12,4
848,20,1,14,14:28:11,21.006,21006,12,4
848,4,1,14,14:28:15,21.477,21477,12,4
848,18,1,14,14:28:31,20.997,20997,12,4
848,30,1,14,14:28:40,21.201,21201,12,4
848,814,1,14,14:28:51,20.567,20567,12,4
848,67,1,14,14:28:54,21.321,21321,12,4
848,5,1,14,14:29:11,23.241,23241,12,4
848,39,1,14,14:29:43,28.030,28030,12,4
848,13,1,15,14:30:07,20.718,20718,12,4
848,808,1,15,14:30:49,22.104,22104,12,4
848,30,2,15,14:30:59,30.665,30665,12,4
848,24,1,15,14:31:23,24.459,24459,12,4
848,10,1,17,14:34:56,21.900,21900,12,4
848,15,1,18,14:36:30,23.327,23327,12,4
848,816,1,18,14:36:56,21.943,21943,12,4
848,153,1,19,14:37:50,21.391,21391,12,4
848,1,2,24,14:46:06,21.035,21035,12,4
848,815,1,25,14:48:56,21.939,21939,12,4
848,67,2,26,14:50:28,20.460,20460,12,4
848,5,2,26,14:51:06,21.126,21126,12,4
848,2,2,27,14:52:04,22.285,22285,12,4
848,814,2,27,14:52:08,20.818,20818,12,4
848,808,2,27,14:52:26,21.168,21168,12,4
848,17,2,28,14:52:53,20.319,20319,12,4
848,16,2,28,14:53:47,20.286,20286,12,4
848,22,2,28,14:53:53,21.262,21262,12,4
848,813,2,28,14:54:30,21.805,21805,12,4
848,4,2,29,14:54:36,20.551,20551,12,4
848,24,2,28,14:55:33,22.766,22766,12,4
848,20,2,30,14:56:16,20.441,20441,12,4
848,18,2,30,14:56:46,20.325,20325,12,4
848,3,2,30,14:57:07,23.547,23547,12,4
848,39,2,29,14:58:17,24.675,24675,12,4
848,13,2,31,14:58:23,25.537,25537,12,4
848,30,3,31,14:59:40,21.168,21168,12,4
848,155,2,33,15:03:14,20.545,20545,12,4
848,15,2,34,15:05:36,22.131,22131,12,4
848,816,2,37,15:11:48,22.250,22250,12,4
848,808,3,39,15:13:41,21.105,21105,12,4
848,2,3,40,15:15:10,21.472,21472,12,4
848,22,3,40,15:15:16,21.286,21286,12,4
848,17,3,42,15:17:11,20.367,20367,12,4
848,1,3,42,15:17:41,20.212,20212,12,4
848,153,2,42,15:18:33,21.103,21103,12,4
848,5,3,42,15:19:57,22.632,22632,12,4
848,16,3,43,15:20:21,21.036,21036,12,4
848,10,2,42,15:20:26,22.030,22030,12,4
848,814,3,44,15:22:18,21.069,21069,12,4
848,4,3,45,15:22:21,20.136,20136,12,4
848,24,3,43,15:23:02,22.235,22235,12,4
848,813,3,44,15:23:06,21.490,21490,12,4
848,3,3,45,15:23:36,20.896,20896,12,4
848,67,3,45,15:24:07,20.995,20995,12,4
848,20,3,47,15:25:39,20.331,20331,12,4
848,39,3,44,15:26:13,26.059,26059,12,4
848,13,3,48,15:28:09,20.404,20404,12,4
848,18,3,48,15:28:21,20.479,20479,12,4
849,30,1,9,13:20:38,30.242,30242,9,153
849,2,1,10,13:22:37,24.716,24716,9,153
849,18,1,11,13:24:05,25.070,25070,9,153
849,16,1,11,13:24:13,25.737,25737,9,153
849,155,1,11,13:24:19,28.448,28448,9,153
849,813,1,11,13:24:27,26.238,26238,9,153
849,67,1,11,13:24:30,26.279,26279,9,153
849,808,1,11,13:24:37,24.880,24880,9,153
849,22,1,11,13:24:38,25.860,25860,9,153
849,10,1,11,13:24:52,25.416,25416,9,153
849,24,1,11,13:25:12,26.643,26643,9,153
849,816,1,11,13:25:14,28.742,28742,9,153
849,17,1,12,13:25:41,23.973,23973,9,153
849,4,1,12,13:25:42,26.566,26566,9,153
849,1,1,12,13:25:49,25.100,25100,9,153
849,814,1,12,13:26:02,26.612,26612,9,153
849,3,1,12,13:26:12,24.722,24722,9,153
849,815,1,12,13:26:13,25.386,25386,9,153
849,153,1,12,13:26:20,24.719,24719,9,153
849,817,1,12,13:27:17,25.872,25872,9,153
849,20,1,13,13:27:22,24.818,24818,9,153
849,13,1,13,13:27:39,24.159,24159,9,153
849,30,2,16,13:33:23,31.751,31751,9,153
849,155,2,20,13:40:27,31.551,31551,9,153
849,1,2,24,13:46:21,24.065,24065,9,153
849,814,2,24,13:46:50,45.291,45291,9,153
849,813,2,24,13:47:12,24.272,24272,9,153
849,16,2,25,13:48:32,24.077,24077,9,153
849,67,2,25,13:48:50,24.620,24620,9,153
849,17,2,26,13:49:36,25.490,25490,9,153
849,18,2,26,13:49:45,24.287,24287,9,153
849,13,2,26,13:49:48,23.929,23929,9,153
849,814,3,26,13:50:52,31.471,31471,9,153
849,20,2,27,13:51:10,31.558,31558,9,153
849,4,2,27,13:51:15,23.974,23974,9,153
849,816,2,28,13:55:39,25.428,25428,9,153
849,817,2,28,13:56:23,26.942,26942,9,153
849,3,2,30,13:56:50,24.399,24399,9,153
849,2,2,30,13:57:06,24.434,24434,9,153
849,10,2,30,13:58:43,24.959,24959,9,153
849,153,2,31,13:58:46,24.095,24095,9,153
849,30,3,31,13:58:47,24.651,24651,9,153
849,22,2,31,13:59:02,23.955,23955,9,153
849,815,2,32,14:00:08,25.619,25619,9,153
849,24,2,31,14:00:49,25.505,25505,9,153
849,813,3,35,14:05:42,23.869,23869,9,153
849,20,3,36,14:06:13,23.137,23137,9,153
849,1,3,37,14:07:50,23.340,23340,9,153
849,17,3,38,14:09:30,23.785,23785,9,153
849,808,2,38,14:10:21,24.172,24172,9,153
849,4,3,39,14:10:50,23.474,23474,9,153
849,18,3,39,14:11:08,23.292,23292,9,153
849,16,3,40,14:13:32,27.240,27240,9,153
849,13,3,41,14:14:35,23.238,23238,9,153
850,815,1,8,14:17:05,27.247,27247,20,578
850,67,1,10,14:20:28,27.301,27301,20,578
850,812,1,10,14:21:22,31.879,31879,20,578
850,17,1,14,14:26:23,20.440,20440,20,578
850,3,1,14,14:26:39,20.348,20348,20,578
850,30,1,15,14:28:22,20.768,20768,20,578
850,813,1,15,14:28:35,21.601,21601,20,578
850,1,1,16,14:29:38,20.982,20982,20,578
850,4,1,16,14:29:39,20.430,20430,20,578
850,20,1,16,14:29:57,20.394,20394,20,578
850,13,1,17,14:31:36,20.344,20344,20,578
850,155,1,20,14:36:51,20.882,20882,20,578
850,24,1,20,14:37:44,22.048,22048,20,578
850,817,1,21,14:39:29,22.319,22319,20,578
850,16,1,22,14:39:56,20.839,20839,20,578
850,10,1,22,14:41:05,22.252,22252,20,578
850,808,1,23,14:41:53,21.449,21449,20,578
850,153,1,23,14:42:02,21.062,21062,20,578
850,814,1,23,14:42:05,23.676,23676,20,578
850,18,1,24,14:43:15,20.952,20952,20,578
850,816,1,24,14:44:42,20.762,20762,20,578
850,5,1,26,14:47:26,22.088,22088,20,578
850,17,2,30,14:52:32,21.299,21299,20,578
850,812,2,28,14:53:09,22.331,22331,20,578
850,1,2,31,14:54:10,20.496,20496,20,578
850,4,2,32,14:55:46,20.035,20035,20,578
850,813,2,35,15:01:53,21.057,21057,20,578
850,3,2,36,15:03:03,20.975,20975,20,578
850,67,2,36,15:04:03,20.954,20954,20,578
850,30,2,37,15:04:59,20.299,20299,20,578
850,20,2,40,15:09:11,20.274,20274,20,578
850,13,2,41,15:10:46,20.185,20185,20,578
850,815,2,41,15:11:48,21.645,21645,20,578
850,153,2,43,15:15:07,21.689,21689,20,578
850,808,2,46,15:19:54,20.572,20572,20,578
850,16,2,48,15:22:30,20.879,20879,20,578
850,155,2,48,15:23:03,21.267,21267,20,578
850,10,2,48,15:25:25,21.252,21252,20,578
850,1,3,51,15:26:17,20.403,20403,20,578
850,816,2,49,15:27:24,23.588,23588,20,578
850,817,2,49,15:27:43,24.053,24053,20,578
850,5,2,50,15:27:48,21.175,21175,20,578
850,814,2,51,15:28:11,22.535,22535,20,578
850,4,3,53,15:29:30,19.975,19975,20,578
850,3,3,53,15:30:50,20.047,20047,20,578
850,812,3,51,15:32:52,22.458,22458,20,578
850,17,3,56,15:34:20,20.324,20324,20,578
850,30,3,56,15:35:53,19.930,19930,20,578
850,13,3,59,15:39:43,21.903,21903,20,578
850,20,3,59,15:39:44,20.110,20110,20,578
851,17,1,10,14:20:59,20.854,20854,11,264
851,13,1,10,14:21:09,22.293,22293,11,264
851,808,1,10,14:21:18,25.532,25532,11,264
851,22,1,10,14:21:19,22.640,22640,11,264
851,18,1,11,14:22:29,21.786,21786,11,264
851,814,1,11,14:22:46,22.262,22262,11,264
851,813,1,11,14:23:04,23.397,23397,11,264
851,2,1,11,14:23:12,21.371,21371,11,264
851,10,1,11,14:23:27,22.222,22222,11,264
851,816,1,11,14:23:32,25.337,25337,11,264
851,1,1,12,14:23:59,21.880,21880,11,264
851,20,1,12,14:24:05,20.690,20690,11,264
851,4,1,12,14:24:10,22.886,22886,11,264
851,3,1,12,14:24:17,20.767,20767,11,264
851,155,1,12,14:24:35,23.725,23725,11,264
851,67,1,12,14:24:42,22.349,22349,11,264
851,5,1,12,14:24:53,22.772,22772,11,264
851,16,1,12,14:24:55,21.902,21902,11,264
851,815,1,12,14:24:56,22.215,22215,11,264
851,24,1,12,14:25:35,23.633,23633,11,264
851,30,1,13,14:26:02,21.948,21948,11,264
851,153,1,13,14:26:24,23.734,23734,11,264
851,15,1,13,14:26:49,23.118,23118,11,264
851,817,1,13,14:27:04,22.844,22844,11,264
851,813,2,16,14:31:22,13.186,13186,11,264
851,2,2,23,14:42:16,25.434,25434,11,264
851,22,2,24,14:43:19,22.217,22217,11,264
851,153,2,24,14:43:20,22.552,22552,11,264
851,5,2,24,14:43:45,22.147,22147,11,264
851,815,2,24,14:43:49,20.570,20570,11,264
851,17,2,25,14:44:03,20.000,20000,11,264
851,4,2,25,14:44:04,23.208,23208,11,264
851,13,2,25,14:44:34,21.138,21138,11,264
851,808,2,25,14:44:47,24.194,24194,11,264
851,67,2,25,14:44:55,21.460,21460,11,264
851,1,2,26,14:45:16,20.803,20803,11,264
851,30,2,26,14:46:04,20.071,20071,11,264
851,24,2,25,14:46:40,22.501,22501,11,264
851,16,2,26,14:46:48,20.589,20589,11,264
851,18,2,27,14:46:49,21.065,21065,11,264
851,3,2,27,14:47:28,19.939,19939,11,264
851,814,2,27,14:47:32,20.801,20801,11,264
851,20,2,28,14:48:22,20.611,20611,11,264
851,813,3,28,14:49:55,21.426,21426,11,264
851,10,2,28,14:50:32,20.613,20613,11,264
851,817,2,28,14:51:12,23.563,23563,11,264
851,816,2,29,14:52:27,20.916,20916,11,264
851,815,3,32,14:56:05,13.201,13201,11,264
851,155,2,34,14:58:08,22.852,22852,11,264
851,4,3,36,15:00:23,19.936,19936,11,264
851,22,3,37,15:02:51,20.580,20580,11,264
851,17,3,39,15:04:48,20.673,20673,11,264
851,24,3,37,15:05:37,27.839,27839,11,264
851,1,3,40,15:05:54,20.861,20861,11,264
851,13,3,40,15:06:53,22.453,22453,11,264
851,20,3,41,15:07:32,19.664,19664,11,264
851,18,3,42,15:08:53,20.046,20046,11,264
851,814,3,42,15:10:06,20.935,20935,11,264
851,67,3,43,15:11:41,20.360,20360,11,264
851,5,3,43,15:12:56,20.990,20990,11,264
851,815,4,44,15:14:07,20.917,20917,11,264
851,817,3,43,15:14:54,21.651,21651,11,264
851,4,4,47,15:16:33,20.126,20126,11,264
851,153,3,47,15:17:40,21.345,21345,11,264
851,816,3,47,15:20:46,49.849,49849,11,264
851,3,3,50,15:22:04,20.563,20563,11,264
851,17,4,51,15:22:51,21.122,21122,11,264
851,808,3,50,15:22:54,21.353,21353,11,264
851,22,4,50,15:22:55,31.539,31539,11,264
851,5,4,49,15:22:56,22.364,22364,11,264
851,16,3,50,15:23:22,21.796,21796,11,264
851,24,4,48,15:23:32,23.010,23010,11,264
851,813,4,50,15:23:34,23.016,23016,11,264
851,1,4,52,15:24:11,20.855,20855,11,264
851,17,5,53,15:26:20,20.715,20715,11,264
851,22,5,52,15:26:36,25.596,25596,11,264
851,1,5,54,15:27:35,21.628,21628,11,264
851,808,4,53,15:28:00,21.609,21609,11,264
851,5,5,52,15:28:12,21.715,21715,11,264
851,16,4,53,15:28:27,21.503,21503,11,264
851,816,4,51,15:28:37,22.470,22470,11,264
851,3,4,54,15:28:47,23.244,23244,11,264
851,813,5,53,15:28:55,22.825,22825,11,264
851,24,5,51,15:28:58,22.458,22458,11,264
851,10,3,53,15:30:17,20.929,20929,11,264
851,1,6,56,15:30:48,13.173,13173,11,264
851,13,4,58,15:33:53,21.157,21157,11,264
851,155,3,62,15:40:56,21.258,21258,11,264
852,10,1,1,14:05:58,35.092,35092,13,401
852,811,1,1,14:06:10,30.795,30795,13,401
852,5,1,1,14:06:14,28.539,28539,13,401
852,17,1,3,14:09:42,21.015,21015,13,401
852,18,1,3,14:09:46,26.046,26046,13,401
852,30,1,4,14:11:45,20.153,20153,13,401
852,20,1,5,14:13:27,20.898,20898,13,401
852,815,1,5,14:13:49,26.092,26092,13,401
852,10,2,6,14:16:35,13.914,13914,13,401
852,4,1,8,14:19:18,20.994,20994,13,401
852,811,2,8,14:20:14,13.968,13968,13,401
852,13,1,9,14:21:21,22.267,22267,13,401
852,1,1,10,14:23:14,21.895,21895,13,401
852,3,1,11,14:25:16,23.090,23090,13,401
852,24,1,11,14:26:05,21.766,21766,13,401
852,808,1,12,14:27:22,21.395,21395,13,401
852,813,1,12,14:27:31,21.421,21421,13,401
852,20,2,13,14:29:09,21.411,21411,13,401
852,16,1,13,14:29:31,22.773,22773,13,401
852,22,1,13,14:29:38,21.818,21818,13,401
852,30,2,13,14:29:39,20.226,20226,13,401
852,18,2,13,14:29:40,21.756,21756,13,401
852,817,1,13,14:30:19,23.780,23780,13,401
852,15,1,13,14:30:20,22.159,22159,13,401
852,816,1,13,14:30:22,22.939,22939,13,401
852,5,2,13,14:30:46,22.009,22009,13,401
852,155,1,14,14:32:10,24.161,24161,13,401
852,814,1,14,14:32:11,21.334,21334,13,401
852,10,3,14,14:33:40,24.204,24204,13,401
852,811,3,21,14:47:48,20.756,20756,13,401
852,815,2,22,14:49:35,14.089,14089,13,401
852,815,3,23,14:51:40,23.883,23883,13,401
852,24,2,27,14:59:56,30.959,30959,13,401
852,4,2,29,15:02:28,21.243,21243,13,401
852,813,2,29,15:03:01,22.303,22303,13,401
852,155,2,29,15:03:08,21.269,21269,13,401
852,20,3,30,15:04:14,20.786,20786,13,401
852,3,2,30,15:04:42,21.171,21171,13,401
852,13,2,30,15:04:43,21.856,21856,13,401
852,808,2,30,15:04:45,21.979,21979,13,401
852,814,2,30,15:05:01,21.350,21350,13,401
852,17,2,31,15:06:19,20.947,20947,13,401
852,16,2,31,15:06:38,20.983,20983,13,401
852,30,3,31,15:06:39,21.319,21319,13,401
852,22,2,31,15:06:56,21.478,21478,13,401
852,15,2,31,15:07:16,21.484,21484,13,401
852,18,3,32,15:08:15,21.640,21640,13,401
852,13,3,32,15:08:49,21.485,21485,13,401
852,5,3,33,15:11:16,22.306,22306,13,401
852,10,4,35,15:15:37,21.721,21721,13,401
852,816,2,36,15:17:29,22.114,22114,13,401
852,22,3,40,15:24:23,47.753,47753,13,401
853,155,1,1,14:05:42,27.550,27550,14,162
853,22,1,1,14:06:43,29.157,29157,14,162
853,811,1,2,14:08:02,22.534,22534,14,162
853,817,1,1,14:08:50,16:44.718,1004718,14,162
853,15,1,5,14:13:34,30.391,30391,14,162
853,814,1,13,14:25:33,21.870,21870,14,162
853,30,1,16,14:29:42,22.709,22709,14,162
853,67,1,16,14:30:10,24.234,24234,14,162
853,18,1,17,14:31:10,21.660,21660,14,162
853,1,1,18,14:32:41,22.083,22083,14,162
853,155,2,18,14:33:12,22.939,22939,14,162
853,4,1,19,14:34:04,22.539,22539,14,162
853,813,1,19,14:34:39,23.063,23063,14,162
853,811,2,19,14:34:43,23.145,23145,14,162
853,20,1,20,14:35:21,22.124,22124,14,162
853,153,1,20,14:36:08,21.988,21988,14,162
853,10,1,20,14:36:42,25.147,25147,14,162
853,13,1,21,14:37:20,21.821,21821,14,162
853,5,1,21,14:38:01,23.298,23298,14,162
853,15,2,24,14:43:14,23.420,23420,14,162
853,814,2,31,14:52:56,23.069,23069,14,162
853,22,2,32,14:54:59,23.414,23414,14,162
853,18,2,33,14:55:00,22.095,22095,14,162
853,817,2,20,14:55:30,30.777,30777,14,162
853,4,2,34,14:56:26,21.989,21989,14,162
853,1,2,34,14:56:36,21.876,21876,14,162
853,20,2,35,14:57:38,21.378,21378,14,162
853,5,2,35,14:59:46,22.611,22611,14,162
853,30,2,37,15:01:01,22.014,22014,14,162
853,813,2,37,15:02:04,22.614,22614,14,162
853,10,2,38,15:04:43,22.784,22784,14,162
853,67,2,40,15:06:23,24.086,24086,14,162
853,811,3,40,15:06:27,22.273,22273,14,162
853,13,2,41,15:07:06,22.148,22148,14,162
853,153,2,41,15:07:43,22.279,22279,14,162
854,817,1,1,20:06:48,44.170,44170,15,18
854,3,1,9,20:21:25,29.549,29549,15,18
854,4,1,10,20:23:15,30.621,30621,15,18
854,30,1,10,20:23:27,29.610,29610,15,18
854,811,1,10,20:23:47,35.398,35398,15,18
854,13,1,11,20:25:14,30.290,30290,15,18
854,1,1,11,20:25:15,30.142,30142,15,18
854,16,1,11,20:25:25,30.718,30718,15,18
854,813,1,11,20:25:39,30.888,30888,15,18
854,67,1,11,20:25:50,32.827,32827,15,18
854,5,1,11,20:25:56,32.202,32202,15,18
854,811,2,11,20:26:39,36.856,36856,15,18
854,17,1,12,20:27:10,30.462,30462,15,18
854,22,1,12,20:27:40,30.456,30456,15,18
854,13,2,12,20:28:04,32.351,32351,15,18
854,1,2,13,20:29:39,33.456,33456,15,18
854,24,1,13,20:30:31,34.329,34329,15,18
854,20,1,14,20:30:38,30.023,30023,15,18
854,18,1,14,20:30:49,30.169,30169,15,18
854,815,1,15,20:33:28,30.810,30810,15,18
854,1,3,15,20:34:04,24.342,24342,15,18
854,155,1,16,20:35:49,30.464,30464,15,18
854,15,1,16,20:36:05,31.048,31048,15,18
854,808,1,16,20:36:09,30.807,30807,15,18
854,817,2,15,20:36:19,34.782,34782,15,18
854,816,1,16,20:36:22,31.763,31763,15,18
854,153,1,17,20:38:05,30.948,30948,15,18
854,814,1,19,20:41:08,30.704,30704,15,18
854,15,2,19,20:43:14,33.317,33317,15,18
854,3,2,22,20:47:06,29.417,29417,15,18
854,30,2,24,20:51:04,29.473,29473,15,18
854,13,3,24,20:51:44,30.478,30478,15,18
854,153,2,24,20:52:14,24.299,24299,15,18
854,4,2,25,20:52:35,30.387,30387,15,18
854,813,2,25,20:53:37,30.187,30187,15,18
854,5,2,26,20:56:11,31.621,31621,15,18
854,24,2,26,20:57:30,32.122,32122,15,18
854,17,2,29,21:00:16,31.204,31204,15,18
854,816,2,28,21:00:59,31.592,31592,15,18
854,814,2,29,21:01:05,29.764,29764,15,18
854,16,2,29,21:01:11,33.418,33418,15,18
854,3,3,29,21:01:12,30.261,30261,15,18
854,815,2,29,21:01:17,33.344,33344,15,18
854,817,3,27,21:01:25,33.058,33058,15,18
854,811,3,28,21:01:27,30.832,30832,15,18
854,1,4,29,21:01:31,30.706,30706,15,18
854,20,2,30,21:01:48,30.809,30809,15,18
854,155,2,29,21:01:59,31.602,31602,15,18
854,18,2,30,21:02:11,29.921,29921,15,18
854,808,2,29,21:02:43,30.625,30625,15,18
854,22,2,30,21:04:10,30.544,30544,15,18
854,67,2,31,21:06:25,31.394,31394,15,18
854,153,3,35,21:16:28,31.836,31836,15,18
854,155,3,40,21:25:43,24.715,24715,15,18
854,13,4,41,21:26:06,30.983,30983,15,18
854,813,3,45,21:33:51,30.477,30477,15,18
854,15,3,44,21:36:23,31.168,31168,15,18
854,17,3,47,21:36:42,30.413,30413,15,18
854,24,3,45,21:38:30,31.687,31687,15,18
854,18,3,48,21:38:31,30.305,30305,15,18
854,1,5,48,21:39:06,29.876,29876,15,18
854,5,3,47,21:40:09,31.207,31207,15,18
854,20,3,49,21:40:10,30.796,30796,15,18
854,808,3,47,21:40:13,30.485,30485,15,18
854,4,3,49,21:40:46,29.972,29972,15,18
854,67,3,49,21:41:40,32.739,32739,15,18
854,24,4,46,21:41:47,42.920,42920,15,18
854,811,4,48,21:42:01,30.987,30987,15,18
854,155,4,53,21:51:26,30.869,30869,15,18
855,1,1,8,15:17:14,21.091,21091,22,45
855,16,1,8,15:17:26,21.511,21511,22,45
855,24,1,8,15:18:13,28.244,28244,22,45
855,20,1,9,15:18:49,22.374,22374,22,45
855,30,1,9,15:19:04,20.667,20667,22,45
855,18,1,10,15:20:34,21.094,21094,22,45
855,4,1,10,15:20:34,21.147,21147,22,45
855,17,1,10,15:20:39,21.820,21820,22,45
855,814,1,10,15:20:50,21.964,21964,22,45
855,155,1,10,15:20:59,24.263,24263,22,45
855,5,1,10,15:21:10,21.412,21412,22,45
855,13,1,11,15:22:19,21.313,21313,22,45
855,67,1,11,15:22:41,21.849,21849,22,45
855,15,1,11,15:22:59,21.636,21636,22,45
855,817,1,11,15:23:13,23.723,23723,22,45
855,22,1,12,15:24:26,22.130,22130,22,45
855,3,1,12,15:24:36,20.575,20575,22,45
855,10,1,12,15:24:57,25.563,25563,22,45
855,816,1,13,15:26:41,23.013,23013,22,45
855,811,1,15,15:29:45,25.927,25927,22,45
855,813,1,16,15:31:31,21.339,21339,22,45
855,153,1,17,15:33:17,21.792,21792,22,45
855,808,1,18,15:34:39,21.304,21304,22,45
855,20,2,19,15:35:48,21.596,21596,22,45
855,17,2,19,15:35:57,21.369,21369,22,45
855,18,2,20,15:37:28,20.713,20713,22,45
855,10,2,19,15:37:30,21.726,21726,22,45
855,815,1,20,15:38:10,21.655,21655,22,45
855,4,2,21,15:39:11,21.319,21319,22,45
855,1,2,21,15:39:19,22.821,22821,22,45
855,13,2,22,15:41:00,21.214,21214,22,45
855,5,2,22,15:42:00,21.519,21519,22,45
855,817,2,22,15:42:48,23.172,23172,22,45
855,16,2,23,15:43:10,21.337,21337,22,45
855,816,2,23,15:44:26,22.258,22258,22,45
855,30,2,24,15:44:52,22.570,22570,22,45
855,814,2,24,15:45:11,21.964,21964,22,45
855,155,2,24,15:45:21,22.299,22299,22,45
855,22,2,24,15:45:22,22.736,22736,22,45
855,3,2,24,15:45:23,20.665,20665,22,45
855,24,2,23,15:45:48,24.716,24716,22,45
855,15,2,24,15:46:04,22.233,22233,22,45
855,813,2,25,15:47:52,21.075,21075,22,45
855,20,3,33,16:01:45,21.705,21705,22,45
855,17,3,34,16:03:28,21.455,21455,22,45
855,1,3,35,16:05:09,21.292,21292,22,45
855,814,3,35,16:05:21,21.553,21553,22,45
855,811,2,35,16:05:42,22.466,22466,22,45
855,18,3,36,16:06:38,20.998,20998,22,45
855,13,3,36,16:06:46,21.100,21100,22,45
855,153,2,36,16:07:16,22.584,22584,22,45
855,24,3,35,16:07:51,22.631,22631,22,45
855,4,3,37,16:08:19,20.731,20731,22,45
855,815,2,37,16:08:38,24.461,24461,22,45
855,16,3,37,16:08:44,21.839,21839,22,45
855,22,3,37,16:08:54,21.890,21890,22,45
855,5,3,37,16:09:04,22.532,22532,22,45
855,10,3,36,16:09:24,22.877,22877,22,45
855,15,3,38,16:10:48,22.156,22156,22,45
855,816,3,37,16:11:06,24.269,24269,22,45
855,808,2,39,16:12:09,20.832,20832,22,45
855,817,3,38,16:12:53,22.910,22910,22,45
855,30,3,41,16:15:04,20.879,20879,22,45
855,3,3,41,16:15:25,20.809,20809,22,45
855,813,3,41,16:15:38,21.012,21012,22,45
856,24,1,1,15:05:51,26.379,26379,35,0
856,155,1,10,15:21:45,21.623,21623,35,0
856,22,1,10,15:21:47,21.722,21722,35,0
856,814,1,11,15:23:25,22.075,22075,35,0
856,15,1,12,15:25:30,22.441,22441,35,0
856,18,1,13,15:26:42,20.766,20766,35,0
856,3,1,13,15:26:43,20.091,20091,35,0
856,811,1,13,15:27:10,21.163,21163,35,0
856,5,1,13,15:27:13,21.951,21951,35,0
856,17,1,14,15:28:23,20.828,20828,35,0
856,13,1,14,15:28:28,23.642,23642,35,0
856,808,1,14,15:28:33,21.478,21478,35,0
856,30,1,14,15:28:35,20.238,20238,35,0
856,67,1,14,15:28:48,22.098,22098,35,0
856,1,1,15,15:30:01,20.846,20846,35,0
856,4,1,15,15:30:19,20.978,20978,35,0
856,20,1,16,15:31:42,19.985,19985,35,0
856,16,1,16,15:32:24,24.820,24820,35,0
856,813,1,16,15:32:31,21.569,21569,35,0
856,815,1,16,15:32:32,21.225,21225,35,0
856,10,1,16,15:33:19,22.533,22533,35,0
856,817,1,16,15:33:22,23.196,23196,35,0
856,816,1,16,15:33:28,26.905,26905,35,0
856,153,1,17,15:34:24,22.301,22301,35,0
856,24,2,16,15:34:32,23.544,23544,35,0
856,813,2,22,15:45:44,13.984,13984,35,0
856,155,2,24,15:49:22,25.578,25578,35,0
856,3,2,27,15:54:18,20.772,20772,35,0
856,813,3,28,15:56:30,22.035,22035,35,0
856,811,2,30,15:59:48,21.893,21893,35,0
856,814,2,31,16:01:23,21.060,21060,35,0
856,22,2,31,16:01:32,22.347,22347,35,0
856,1,2,33,16:04:21,20.584,20584,35,0
856,17,2,33,16:04:22,20.800,20800,35,0
856,20,2,34,16:05:58,20.170,20170,35,0
856,18,2,34,16:06:08,20.758,20758,35,0
856,13,2,34,16:06:13,21.080,21080,35,0
856,16,2,35,16:08:18,21.916,21916,35,0
856,67,2,36,16:10:01,21.992,21992,35,0
856,815,2,36,16:10:09,21.385,21385,35,0
856,15,2,36,16:10:35,22.851,22851,35,0
856,4,2,37,16:11:21,20.639,20639,35,0
856,153,2,37,16:11:31,22.325,22325,35,0
856,5,2,38,16:13:56,22.669,22669,35,0
856,816,2,38,16:14:40,22.412,22412,35,0
856,24,3,38,16:16:35,22.092,22092,35,0
856,10,2,41,16:19:51,22.481,22481,35,0
856,817,2,41,16:19:54,22.115,22115,35,0
856,155,3,42,16:21:02,21.472,21472,35,0
856,815,3,53,16:39:58,21.971,21971,35,0
857,815,1,1,15:05:16,22.676,22676,68,194
857,10,1,1,15:05:23,27.378,27378,68,194
857,22,1,1,15:05:36,33.650,33650,68,194
857,15,1,1,15:06:37,40.734,40734,68,194
857,814,1,2,15:06:50,21.525,21525,68,194
857,808,1,3,15:08:27,27.137,27137,68,194
857,16,1,15,15:27:09,21.424,21424,68,194
857,17,1,16,15:28:08,21.392,21392,68,194
857,4,1,16,15:28:09,21.873,21873,68,194
857,1,1,16,15:28:14,22.530,22530,68,194
857,153,1,16,15:28:37,22.856,22856,68,194
857,13,1,17,15:29:43,21.848,21848,68,194
857,3,1,17,15:29:56,21.149,21149,68,194
857,18,1,18,15:31:05,21.092,21092,68,194
857,30,1,18,15:31:35,20.893,20893,68,194
857,67,1,18,15:31:43,22.579,22579,68,194
857,20,1,19,15:32:31,21.415,21415,68,194
857,814,2,19,15:33:45,24.150,24150,68,194
857,5,1,21,15:36:36,22.226,22226,68,194
857,811,1,22,15:38:07,22.144,22144,68,194
857,39,1,22,15:38:47,24.046,24046,68,194
857,816,1,22,15:38:52,22.687,22687,68,194
857,1,2,24,15:40:48,27.193,27193,68,194
857,817,1,25,15:43:17,25.074,25074,68,194
857,15,2,27,15:49:31,22.894,22894,68,194
857,13,2,30,15:49:55,14.919,14919,68,194
857,13,3,31,15:51:40,27.619,27619,68,194
857,817,2,32,15:54:51,42.529,42529,68,194
857,808,2,33,15:55:13,22.519,22519,68,194
857,815,2,34,15:56:37,24.789,24789,68,194
857,16,2,35,15:58:06,21.977,21977,68,194
857,22,2,35,15:59:21,22.339,22339,68,194
857,17,2,37,16:00:03,21.240,21240,68,194
857,4,2,39,16:03:03,21.755,21755,68,194
857,814,3,39,16:04:47,20.984,20984,68,194
857,5,2,41,16:07:49,22.001,22001,68,194
857,3,2,45,16:12:29,22.978,22978,68,194
857,1,3,45,16:12:44,22.172,22172,68,194
857,18,2,46,16:13:11,21.838,21838,68,194
857,153,2,46,16:14:27,23.084,23084,68,194
857,20,2,47,16:14:36,21.449,21449,68,194
857,30,2,50,16:19:55,21.482,21482,68,194
857,39,2,50,16:23:00,23.605,23605,68,194
857,811,2,56,16:30:01,21.723,21723,68,194
857,816,2,55,16:30:49,22.472,22472,68,194
857,15,3,54,16:32:20,24.150,24150,68,194
857,817,3,56,16:32:48,28.474,28474,68,194
858,811,1,1,17:05:36,20.882,20882,24,3
858,815,1,2,17:07:22,24.654,24654,24,3
858,155,1,5,17:13:02,19.833,19833,24,3
858,13,1,15,17:30:30,20.471,20471,24,3
858,153,1,15,17:31:05,43.574,43574,24,3
858,1,1,16,17:32:01,19.439,19439,24,3
858,4,1,16,17:32:03,20.211,20211,24,3
858,18,1,16,17:32:14,20.908,20908,24,3
858,16,1,16,17:32:35,20.356,20356,24,3
858,30,1,16,17:32:36,19.660,19660,24,3
858,5,1,16,17:33:01,21.146,21146,24,3
858,17,1,17,17:34:01,25.182,25182,24,3
858,3,1,17,17:34:12,19.785,19785,24,3
858,15,1,17,17:35:11,20.824,20824,24,3
858,808,1,18,17:36:34,20.738,20738,24,3
858,22,1,18,17:36:43,24.219,24219,24,3
858,817,1,18,17:37:20,21.693,21693,24,3
858,811,2,20,17:40:33,20.330,20330,24,3
858,24,1,24,17:48:28,21.247,21247,24,3
858,813,1,25,17:49:31,20.201,20201,24,3
858,10,1,25,17:50:06,21.792,21792,24,3
858,814,1,27,17:52:50,20.216,20216,24,3
858,815,2,27,17:53:09,19.979,19979,24,3
858,813,2,30,17:58:49,12.897,12897,24,3
858,155,2,33,18:03:42,23.108,23108,24,3
858,22,2,34,18:05:35,20.534,20534,24,3
858,17,2,35,18:06:07,20.000,20000,24,3
858,153,2,34,18:06:16,21.363,21363,24,3
858,18,2,36,18:07:45,20.301,20301,24,3
858,16,2,36,18:08:17,20.614,20614,24,3
858,811,3,36,18:09:34,12.959,12959,24,3
858,808,2,38,18:12:53,19.968,19968,24,3
858,1,2,40,18:14:22,19.350,19350,24,3
858,5,2,39,18:14:52,20.652,20652,24,3
858,13,2,40,18:14:54,20.035,20035,24,3
858,30,2,42,18:18:51,20.638,20638,24,3
858,817,2,41,18:19:37,23.192,23192,24,3
858,4,2,43,18:19:38,21.314,21314,24,3
858,15,2,42,18:20:55,20.791,20791,24,3
858,10,2,44,18:24:59,20.561,20561,24,3
858,3,2,48,18:29:04,19.907,19907,24,3
858,17,3,54,18:39:14,19.525,19525,24,3
859,30,1,10,14:17:19,25.481,25481,18,785
859,811,1,12,14:19:18,21.900,21900,18,785
859,808,1,13,14:20:39,21.169,21169,18,785
859,16,1,14,14:21:51,21.097,21097,18,785
859,18,1,15,14:22:58,22.005,22005,18,785
859,4,1,16,14:24:15,20.773,20773,18,785
859,1,1,16,14:24:18,21.099,21099,18,785
859,3,1,16,14:24:30,20.773,20773,18,785
859,22,1,16,14:24:50,21.537,21537,18,785
859,20,1,17,14:25:24,20.927,20927,18,785
859,814,1,17,14:25:58,20.745,20745,18,785
859,813,1,17,14:26:13,21.561,21561,18,785
859,5,1,17,14:26:16,22.854,22854,18,785
859,17,1,18,14:26:46,20.755,20755,18,785
859,811,2,18,14:27:37,14.029,14029,18,785
859,67,1,19,14:28:43,22.417,22417,18,785
859,815,1,20,14:30:05,22.221,22221,18,785
859,816,1,20,14:30:42,21.859,21859,18,785
859,817,1,20,14:30:47,23.473,23473,18,785
859,13,1,21,14:30:57,21.696,21696,18,785
859,155,1,21,14:31:18,25.117,25117,18,785
859,153,1,21,14:31:26,22.773,22773,18,785
859,24,1,21,14:32:06,22.666,22666,18,785
859,10,1,21,14:32:08,22.452,22452,18,785
859,15,1,22,14:33:08,22.616,22616,18,785
859,811,3,28,14:41:14,23.289,23289,18,785
859,808,2,30,14:43:17,23.102,23102,18,785
859,18,2,31,14:44:05,21.038,21038,18,785
859,16,2,31,14:44:24,20.900,20900,18,785
859,5,2,31,14:45:14,22.013,22013,18,785
859,1,2,33,14:46:43,20.396,20396,18,785
859,30,2,32,14:46:47,20.782,20782,18,785
859,22,2,34,14:48:56,22.590,22590,18,785
859,4,2,35,14:49:11,20.664,20664,18,785
859,17,2,38,14:52:52,20.990,20990,18,785
859,20,2,39,14:54:13,20.652,20652,18,785
859,814,2,40,14:56:27,21.767,21767,18,785
859,3,2,42,14:58:56,20.658,20658,18,785
859,67,2,42,14:59:19,22.461,22461,18,785
859,816,2,41,14:59:31,23.542,23542,18,785
859,817,2,41,14:59:46,22.904,22904,18,785
859,15,2,42,15:00:23,21.555,21555,18,785
859,155,2,43,15:00:26,21.231,21231,18,785
859,1,3,44,15:01:16,20.681,20681,18,785
859,815,2,44,15:02:10,21.337,21337,18,785
859,13,2,45,15:02:33,21.053,21053,18,785
859,16,3,45,15:02:49,21.138,21138,18,785
859,808,3,45,15:03:14,21.781,21781,18,785
859,24,2,45,15:05:02,22.996,22996,18,785
859,153,2,48,15:07:11,21.855,21855,18,785
859,811,4,48,15:08:23,22.128,22128,18,785
859,5,3,49,15:09:19,21.478,21478,18,785
859,18,3,52,15:11:27,21.583,21583,18,785
859,30,3,51,15:11:49,21.373,21373,18,785
859,4,3,54,15:13:55,20.752,20752,18,785
859,22,3,53,15:14:17,21.638,21638,18,785
859,17,3,58,15:18:40,20.781,20781,18,785
859,20,3,59,15:20:05,22.094,22094,18,785
860,811,1,1,17:05:23,24.599,24599,1,10
860,817,1,1,17:05:35,32.319,32319,1,10
860,13,1,11,17:21:08,22.313,22313,1,10
860,3,1,12,17:22:31,23.203,23203,1,10
860,4,1,13,17:24:04,22.035,22035,1,10
860,155,1,13,17:24:20,25.346,25346,1,10
860,814,1,13,17:24:21,24.933,24933,1,10
860,17,1,14,17:25:41,23.302,23302,1,10
860,5,1,14,17:26:12,24.397,24397,1,10
860,18,1,16,17:28:30,23.275,23275,1,10
860,20,1,16,17:28:41,24.256,24256,1,10
860,813,1,16,17:28:53,23.427,23427,1,10
860,1,1,17,17:30:12,22.862,22862,1,10
860,808,1,18,17:32:32,24.579,24579,1,10
860,8,1,19,17:33:43,24.881,24881,1,10
860,818,1,19,17:33:54,23.203,23203,1,10
860,10,1,20,17:36:09,26.322,26322,1,10
860,819,1,21,17:37:59,25.303,25303,1,10
860,817,2,22,17:39:23,23.257,23257,1,10
860,815,1,24,17:41:45,23.882,23882,1,10
860,13,2,28,17:48:15,22.528,22528,1,10
860,811,2,30,17:51:46,23.777,23777,1,10
860,3,2,31,17:52:34,23.017,23017,1,10
860,814,2,33,17:55:58,24.579,24579,1,10
860,4,2,34,17:57:06,21.910,21910,1,10
860,5,2,34,17:58:11,24.580,24580,1,10
860,18,2,36,17:59:44,22.837,22837,1,10
860,1,2,36,17:59:54,23.464,23464,1,10
860,155,2,36,18:00:33,24.162,24162,1,10
860,819,2,35,18:01:35,48.984,48984,1,10
860,20,2,37,18:01:36,24.131,24131,1,10
860,17,2,37,18:01:58,22.915,22915,1,10
860,813,2,37,18:02:03,23.166,23166,1,10
860,8,2,37,18:02:13,23.310,23310,1,10
860,818,2,37,18:02:41,23.569,23569,1,10
860,10,2,36,18:02:46,25.046,25046,1,10
860,13,3,37,18:03:05,22.103,22103,1,10
860,5,3,37,18:04:32,28.888,28888,1,10
860,817,3,38,18:05:15,24.348,24348,1,10
860,811,3,47,18:22:20,30.888,30888,1,10
860,819,3,51,18:30:07,17.088,17088,1,10
861,815,1,1,16:05:39,25.671,25671,2,18
861,811,1,1,16:06:01,31.006,31006,2,18
861,814,1,2,16:07:52,23.988,23988,2,18
861,13,1,3,16:10:03,24.034,24034,2,18
861,10,1,3,16:10:14,25.096,25096,2,18
861,819,1,3,16:10:20,29.317,29317,2,18
861,18,1,4,16:12:01,24.305,24305,2,18
861,4,1,4,16:12:09,24.653,24653,2,18
861,807,1,4,16:12:17,23.856,23856,2,18
861,817,1,4,16:12:26,25.470,25470,2,18
861,808,1,4,16:12:28,24.718,24718,2,18
861,5,1,4,16:12:30,32.670,32670,2,18
861,1,1,5,16:14:12,24.271,24271,2,18
861,17,1,5,16:14:20,24.569,24569,2,18
861,20,1,5,16:14:27,25.658,25658,2,18
861,3,1,5,16:14:31,25.600,25600,2,18
861,813,1,5,16:14:32,25.535,25535,2,18
861,8,1,5,16:14:36,27.602,27602,2,18
861,155,1,5,16:14:39,28.122,28122,2,18
861,30,1,5,16:14:40,24.831,24831,2,18
861,811,2,7,16:20:17,26.269,26269,2,18
861,18,2,13,17:26:27,25.922,25922,2,18
861,3,2,13,17:26:30,25.199,25199,2,18
861,8,2,13,17:26:32,24.927,24927,2,18
861,155,2,13,17:26:34,26.255,26255,2,18
861,37,1,13,17:26:36,15.684,15684,2,18
861,808,2,13,17:26:37,29.359,29359,2,18
861,10,2,13,17:26:37,25.660,25660,2,18
861,811,3,13,17:26:38,24.980,24980,2,18
861,1,2,14,17:28:30,27.961,27961,2,18
861,4,2,14,17:28:34,22.864,22864,2,18
861,17,2,14,17:28:36,26.337,26337,2,18
861,13,2,14,17:28:39,24.420,24420,2,18
861,814,2,14,17:28:42,22.856,22856,2,18
861,813,2,14,17:28:42,21.621,21621,2,18
861,30,2,14,17:28:43,24.094,24094,2,18
861,817,2,14,17:28:45,24.539,24539,2,18
861,5,2,14,17:28:46,25.130,25130,2,18
861,815,2,15,17:30:37,24.520,24520,2,18
861,20,2,15,17:30:43,24.057,24057,2,18
861,818,1,15,17:30:48,24.216,24216,2,18
861,807,2,15,17:30:50,23.549,23549,2,18
861,819,2,15,17:31:03,36.542,36542,2,18
861,39,1,15,17:31:07,36.876,36876,2,18
861,18,3,15,17:31:07,36.517,36517,2,18
861,813,3,15,17:31:11,23.974,23974,2,18
861,37,2,16,17:33:35,38.887,38887,2,18
861,5,3,23,17:48:07,34.109,34109,2,18
861,18,4,24,17:50:04,23.509,23509,2,18
861,817,3,25,17:51:55,22.610,22610,2,18
861,3,3,26,17:53:46,23.050,23050,2,18
861,13,3,27,17:55:53,23.130,23130,2,18
861,817,4,37,18:16:06,23.648,23648,2,18
861,39,2,37,18:18:02,27.700,27700,2,18
861,13,4,38,18:18:08,26.934,26934,2,18
861,5,4,38,18:18:52,23.782,23782,2,18
861,17,3,39,18:19:05,23.195,23195,2,18
861,814,3,39,18:19:15,22.175,22175,2,18
861,811,4,39,18:19:18,23.824,23824,2,18
861,30,3,39,18:19:33,22.163,22163,2,18
861,813,4,39,18:19:34,23.409,23409,2,18
861,3,4,39,18:19:47,23.231,23231,2,18
861,18,5,39,18:19:49,23.477,23477,2,18
861,808,3,39,18:20:00,30.335,30335,2,18
861,10,3,39,18:20:20,25.390,25390,2,18
861,4,3,40,18:20:25,22.534,22534,2,18
861,819,3,39,18:20:48,32.224,32224,2,18
861,20,3,40,18:20:50,22.998,22998,2,18
861,8,3,40,18:20:58,25.041,25041,2,18
861,818,2,40,18:21:12,23.343,23343,2,18
861,807,3,40,18:21:13,23.358,23358,2,18
861,155,3,40,18:21:24,23.662,23662,2,18
861,37,3,39,18:22:06,28.483,28483,2,18
861,815,3,41,18:22:19,24.543,24543,2,18
861,1,3,41,18:22:31,26.338,26338,2,18
861,20,4,47,18:33:40,25.884,25884,2,18
862,4,2,27,15:50:50,20.136,20136,17,5
862,8,2,28,15:52:32,21.494,21494,17,5
862,818,2,28,15:53:07,23.623,23623,17,5
862,5,2,28,15:53:24,22.606,22606,17,5
862,811,2,29,15:54:32,21.323,21323,17,5
862,808,2,29,15:55:09,22.007,22007,17,5
862,807,2,30,15:56:37,21.027,21027,17,5
862,5,3,29,15:57:39,37.748,37748,17,5
862,20,2,31,15:57:50,21.146,21146,17,5
862,154,2,32,15:59:28,25.835,25835,17,5
862,37,2,31,15:59:35,23.488,23488,17,5
862,814,2,32,15:59:44,21.006,21006,17,5
862,813,2,33,16:01:26,21.229,21229,17,5
862,817,2,33,16:01:52,22.318,22318,17,5
862,39,2,32,16:01:55,23.151,23151,17,5
862,3,2,34,16:02:40,20.645,20645,17,5
862,17,3,34,16:03:03,20.471,20471,17,5
862,815,2,35,16:04:47,22.565,22565,17,5
862,10,2,36,16:07:41,21.515,21515,17,5
862,819,2,37,16:09:27,23.579,23579,17,5
862,1,3,38,16:09:51,20.177,20177,17,5
862,4,3,38,16:09:52,20.024,20024,17,5
862,155,3,38,16:10:03,21.795,21795,17,5
862,18,3,39,16:11:21,26.618,26618,17,5
862,13,2,41,16:15:10,20.051,20051,17,5
862,818,3,41,16:15:32,22.531,22531,17,5
862,819,3,48,16:28:45,13.981,13981,17,5
862,17,1,6,15:14:20,20.474,20474,17,5
862,155,1,9,15:19:30,21.551,21551,17,5
862,20,1,9,15:19:39,21.449,21449,17,5
862,807,1,9,15:19:47,32.407,32407,17,5
862,8,1,10,15:21:12,21.433,21433,17,5
862,1,1,10,15:21:13,20.903,20903,17,5
862,808,1,10,15:21:40,21.851,21851,17,5
862,18,1,11,15:22:56,20.563,20563,17,5
862,154,1,11,15:23:04,21.184,21184,17,5
862,814,1,11,15:23:08,20.387,20387,17,5
862,813,1,11,15:23:09,21.569,21569,17,5
862,818,1,11,15:23:22,22.835,22835,17,5
862,30,1,12,15:24:39,21.746,21746,17,5
862,4,1,12,15:24:44,20.296,20296,17,5
862,811,1,12,15:24:49,21.184,21184,17,5
862,5,1,12,15:25:06,22.713,22713,17,5
862,3,1,13,15:26:17,21.113,21113,17,5
862,815,1,16,15:31:38,23.009,23009,17,5
862,39,1,16,15:32:47,24.937,24937,17,5
862,817,1,17,15:33:56,21.884,21884,17,5
862,37,1,17,15:34:24,23.634,23634,17,5
862,13,1,18,15:35:14,20.250,20250,17,5
862,10,1,18,15:35:58,21.327,21327,17,5
862,819,1,19,15:37:45,22.306,22306,17,5
862,17,2,21,15:40:30,20.377,20377,17,5
862,1,2,22,15:42:10,20.691,20691,17,5
862,18,2,24,15:45:32,20.474,20474,17,5
862,155,2,25,15:47:30,21.012,21012,17,5
863,5,1,1,15:05:40,25.047,25047,3,7
863,817,1,7,15:15:42,25.829,25829,3,7
863,18,1,8,15:17:12,23.016,23016,3,7
863,13,1,8,15:17:14,23.557,23557,3,7
863,3,1,8,15:17:15,22.228,22228,3,7
863,1,1,9,15:18:49,28.341,28341,3,7
863,17,1,9,15:18:50,22.236,22236,3,7
863,4,1,9,15:18:53,22.094,22094,3,7
863,815,1,9,15:19:00,23.408,23408,3,7
863,811,1,9,15:19:03,23.405,23405,3,7
863,30,1,9,15:19:05,21.979,21979,3,7
863,807,1,9,15:19:08,22.413,22413,3,7
863,37,1,9,15:19:27,24.241,24241,3,7
863,154,1,10,15:20:26,23.246,23246,3,7
863,818,1,10,15:20:50,22.763,22763,3,7
863,808,1,10,15:20:55,23.411,23411,3,7
863,10,1,10,15:21:10,23.423,23423,3,7
863,39,1,10,15:21:21,25.896,25896,3,7
863,20,1,11,15:22:02,22.017,22017,3,7
863,8,1,11,15:22:13,22.412,22412,3,7
863,813,1,11,15:22:27,22.868,22868,3,7
863,819,1,12,15:24:32,24.020,24020,3,7
863,5,2,13,15:26:27,23.323,23323,3,7
863,814,1,14,15:27:28,22.069,22069,3,7
863,155,1,14,15:27:35,22.758,22758,3,7
863,807,2,19,15:36:18,22.446,22446,3,7
863,815,2,21,15:39:34,23.428,23428,3,7
863,39,2,21,15:40:50,25.204,25204,3,7
863,18,2,22,15:41:03,22.270,22270,3,7
863,3,2,22,15:41:09,22.903,22903,3,7
863,13,2,22,15:41:13,21.963,21963,3,7
863,37,2,22,15:42:24,23.420,23420,3,7
863,17,2,23,15:42:40,22.649,22649,3,7
863,1,2,23,15:42:46,30.622,30622,3,7
863,4,2,23,15:42:48,23.449,23449,3,7
863,813,2,23,15:42:55,22.330,22330,3,7
863,30,2,23,15:43:00,22.105,22105,3,7
863,808,2,23,15:43:18,23.421,23421,3,7
863,817,2,23,15:43:21,22.295,22295,3,7
863,10,2,23,15:43:55,29.648,29648,3,7
863,8,2,24,15:44:08,22.362,22362,3,7
863,811,2,24,15:44:50,22.310,22310,3,7
863,20,2,25,15:45:43,22.717,22717,3,7
863,154,2,25,15:45:51,22.896,22896,3,7
863,818,2,25,15:46:40,23.353,23353,3,7
863,5,3,25,15:47:05,23.639,23639,3,7
863,155,2,31,15:56:31,25.590,25590,3,7
863,814,2,33,15:59:46,22.483,22483,3,7
863,39,3,32,16:00:15,26.417,26417,3,7
863,3,3,36,16:04:47,21.888,21888,3,7
863,1,3,36,16:04:54,23.696,23696,3,7
863,807,3,36,16:05:05,22.560,22560,3,7
863,18,3,37,16:06:26,22.616,22616,3,7
863,4,3,37,16:06:29,23.207,23207,3,7
863,815,3,37,16:06:37,22.924,22924,3,7
863,30,3,37,16:06:38,22.192,22192,3,7
863,13,3,38,16:08:13,21.938,21938,3,7
863,811,3,38,16:08:29,22.796,22796,3,7
863,817,3,38,16:08:50,22.495,22495,3,7
863,5,4,38,16:09:08,23.173,23173,3,7
863,20,3,39,16:09:10,21.800,21800,3,7
863,8,3,39,16:09:12,22.597,22597,3,7
863,17,3,39,16:09:31,21.705,21705,3,7
863,10,3,38,16:10:20,22.933,22933,3,7
863,808,3,39,16:10:35,23.167,23167,3,7
863,37,3,38,16:10:38,24.520,24520,3,7
863,154,3,40,16:10:56,22.763,22763,3,7
863,818,3,40,16:12:03,22.241,22241,3,7
863,39,4,45,16:22:48,24.317,24317,3,7
863,155,3,50,16:28:31,24.674,24674,3,7
863,18,4,53,16:33:05,23.943,23943,3,7
864,815,1,1,14:05:24,21.864,21864,4,109
864,17,1,6,14:12:45,20.119,20119,4,109
864,20,1,7,14:14:11,19.745,19745,4,109
864,155,1,8,14:15:44,22.260,22260,4,109
864,3,1,9,14:17:10,20.502,20502,4,109
864,18,1,9,14:17:14,20.333,20333,4,109
864,814,1,9,14:17:22,19.987,19987,4,109
864,4,1,10,14:18:30,19.456,19456,4,109
864,154,1,10,14:18:42,20.223,20223,4,109
864,30,1,10,14:18:44,20.113,20113,4,109
864,818,1,10,14:18:52,20.388,20388,4,109
864,13,1,10,14:18:53,20.130,20130,4,109
864,807,1,10,14:18:56,20.521,20521,4,109
864,808,1,10,14:19:03,24.856,24856,4,109
864,37,1,10,14:19:19,22.275,22275,4,109
864,813,1,11,14:20:01,20.620,20620,4,109
864,8,1,11,14:20:05,19.777,19777,4,109
864,817,1,11,14:20:29,21.101,21101,4,109
864,39,1,11,14:20:59,21.518,21518,4,109
864,5,1,13,14:23:37,21.290,21290,4,109
864,1,1,14,14:24:59,21.963,21963,4,109
864,10,1,14,14:25:27,21.082,21082,4,109
864,819,1,15,14:27:06,20.936,20936,4,109
864,17,2,17,14:29:54,24.864,24864,4,109
864,815,2,17,14:30:09,21.055,21055,4,109
864,807,2,19,14:32:55,20.558,20558,4,109
864,37,2,19,14:33:43,22.135,22135,4,109
864,3,2,22,14:37:13,20.059,20059,4,109
864,39,2,22,14:38:37,22.515,22515,4,109
864,814,2,23,14:38:57,21.680,21680,4,109
864,818,2,23,14:38:58,22.645,22645,4,109
864,813,2,24,14:39:46,20.218,20218,4,109
864,18,2,25,14:41:49,21.061,21061,4,109
864,817,2,25,14:42:02,20.114,20114,4,109
864,4,2,26,14:42:46,20.028,20028,4,109
864,154,2,26,14:43:10,21.215,21215,4,109
864,155,2,26,14:43:23,20.381,20381,4,109
864,10,2,26,14:44:13,20.902,20902,4,109
864,8,2,27,14:44:27,21.301,21301,4,109
864,20,2,27,14:44:46,19.624,19624,4,109
864,5,2,27,14:45:19,22.566,22566,4,109
864,819,2,27,14:45:53,21.338,21338,4,109
864,13,2,28,14:46:33,13.259,13259,4,109
864,808,2,28,14:47:06,23.072,23072,4,109
864,13,3,29,14:48:17,19.699,19699,4,109
864,20,3,30,14:49:35,13.335,13335,4,109
864,1,2,35,14:57:08,19.980,19980,4,109
864,37,3,35,14:59:17,21.543,21543,4,109
864,815,3,37,15:00:35,28.531,28531,4,109
864,18,3,38,15:01:44,19.888,19888,4,109
864,807,3,39,15:03:27,20.515,20515,4,109
864,817,3,39,15:03:31,20.059,20059,4,109
864,3,3,40,15:04:39,20.197,20197,4,109
864,17,3,40,15:05:00,20.129,20129,4,109
864,818,3,40,15:05:04,20.460,20460,4,109
864,813,3,41,15:05:16,22.829,22829,4,109
864,155,3,41,15:06:09,21.311,21311,4,109
864,20,4,42,15:07:43,26.143,26143,4,109
864,814,3,42,15:08:07,19.867,19867,4,109
864,4,3,44,15:09:47,20.105,20105,4,109
864,5,3,43,15:10:04,21.275,21275,4,109
864,808,3,44,15:11:45,21.817,21817,4,109
864,13,4,45,15:12:32,22.645,22645,4,109
864,8,3,48,15:16:02,20.073,20073,4,109
864,10,3,47,15:16:42,20.669,20669,4,109
864,154,3,51,15:20:41,21.035,21035,4,109
864,37,4,51,15:24:24,21.471,21471,4,109
865,155,1,1,14:04:47,28.390,28390,6,7
865,808,1,3,14:08:18,39.391,39391,6,7
865,818,1,17,14:27:24,26.063,26063,6,7
865,3,1,27,14:40:15,24.874,24874,6,7
865,17,1,29,14:42:54,25.566,25566,6,7
865,1,1,29,14:43:03,25.748,25748,6,7
865,8,1,29,14:43:28,26.380,26380,6,7
865,807,1,29,14:43:29,26.447,26447,6,7
865,811,1,29,14:43:29,26.410,26410,6,7
865,39,1,29,14:44:09,27.306,27306,6,7
865,4,1,30,14:44:22,25.220,25220,6,7
865,5,1,30,14:44:53,26.066,26066,6,7
865,10,1,30,14:45:01,25.567,25567,6,7
865,13,1,31,14:45:47,24.993,24993,6,7
865,819,1,33,14:49:17,27.186,27186,6,7
865,30,1,34,14:50:07,25.117,25117,6,7
865,815,1,34,14:50:36,25.666,25666,6,7
865,814,1,35,14:51:32,25.642,25642,6,7
865,18,1,38,14:55:43,25.219,25219,6,7
865,815,2,39,14:57:38,19.677,19677,6,7
865,817,1,40,14:58:28,25.335,25335,6,7
865,20,1,46,15:05:40,25.079,25079,6,7
865,10,2,54,15:17:48,36.503,36503,6,7
865,818,2,70,15:38:55,26.157,26157,6,7
865,5,2,73,15:43:52,31.293,31293,6,7
865,39,2,74,15:46:48,26.973,26973,6,7
866,13,1,12,14:19:28,21.128,21128,7,13
866,814,1,13,14:20:45,21.489,21489,7,13
866,30,1,13,14:20:47,21.807,21807,7,13
866,18,1,15,14:23:32,21.748,21748,7,13
866,20,1,16,14:24:31,21.639,21639,7,13
866,818,1,16,14:24:55,22.278,22278,7,13
866,1,1,17,14:25:51,21.375,21375,7,13
866,17,1,17,14:25:59,21.199,21199,7,13
866,817,1,17,14:26:17,21.689,21689,7,13
866,5,1,17,14:26:32,21.733,21733,7,13
866,808,1,18,14:27:54,21.888,21888,7,13
866,4,1,19,14:28:31,21.133,21133,7,13
866,3,1,19,14:28:43,21.222,21222,7,13
866,154,1,21,14:31:23,21.830,21830,7,13
866,807,1,21,14:31:32,24.583,24583,7,13
866,811,1,23,14:34:41,22.781,22781,7,13
866,155,1,24,14:35:30,21.453,21453,7,13
866,10,1,24,14:36:31,25.520,25520,7,13
866,819,1,28,14:41:55,23.291,23291,7,13
866,813,1,29,14:42:22,22.704,22704,7,13
866,18,2,33,14:47:50,21.845,21845,7,13
866,3,2,38,14:53:57,21.179,21179,7,13
866,8,1,40,14:56:32,21.534,21534,7,13
866,815,1,41,14:57:52,21.407,21407,7,13
866,807,2,42,14:59:35,23.660,23660,7,13
866,5,2,42,15:00:15,21.704,21704,7,13
866,30,2,43,15:00:53,22.524,22524,7,13
866,818,2,43,15:01:05,23.163,23163,7,13
866,808,2,43,15:01:38,21.403,21403,7,13
866,814,2,44,15:02:08,21.734,21734,7,13
866,818,3,47,15:06:41,14.641,14641,7,13
866,1,2,50,15:09:20,22.530,22530,7,13
866,17,2,52,15:12:15,21.254,21254,7,13
866,18,3,52,15:13:15,21.363,21363,7,13
866,13,2,58,15:20:18,21.115,21115,7,13
866,817,2,58,15:20:40,21.558,21558,7,13
866,20,2,63,15:26:26,22.428,22428,7,13
867,18,1,10,14:21:23,20.246,20246,12,4
867,815,1,10,14:21:27,21.032,21032,12,4
867,13,1,11,14:23:08,20.498,20498,12,4
867,819,1,11,14:23:43,31.636,31636,12,4
867,5,1,12,14:25:12,21.040,21040,12,4
867,1,1,13,14:26:30,19.355,19355,12,4
867,808,1,13,14:26:58,20.726,20726,12,4
867,155,1,14,14:28:20,23.071,23071,12,4
867,8,1,14,14:28:21,21.879,21879,12,4
867,813,1,14,14:28:23,21.342,21342,12,4
867,807,1,14,14:28:26,21.198,21198,12,4
867,817,1,14,14:28:38,21.209,21209,12,4
867,37,1,14,14:29:09,23.127,23127,12,4
867,4,1,15,14:30:09,19.789,19789,12,4
867,39,1,15,14:31:07,22.930,22930,12,4
867,20,1,16,14:31:32,20.357,20357,12,4
867,154,1,16,14:31:48,20.479,20479,12,4
867,818,1,17,14:34:17,21.303,21303,12,4
867,30,1,19,14:37:38,20.477,20477,12,4
867,17,1,19,14:37:40,20.246,20246,12,4
867,3,1,20,14:39:17,20.625,20625,12,4
867,155,2,20,14:39:29,25.719,25719,12,4
867,811,1,20,14:40:14,28.440,28440,12,4
867,814,1,23,14:44:48,20.295,20295,12,4
867,811,2,24,14:47:48,14.659,14659,12,4
867,815,2,25,14:48:26,20.904,20904,12,4
867,808,2,25,14:48:42,21.224,21224,12,4
867,18,2,26,14:50:09,19.640,19640,12,4
867,13,2,27,14:51:54,20.126,20126,12,4
867,5,2,27,14:53:03,24.445,24445,12,4
867,154,2,28,14:53:16,23.183,23183,12,4
867,1,2,28,14:53:30,31.081,31081,12,4
867,4,2,28,14:53:33,20.718,20718,12,4
867,8,2,28,14:53:38,21.103,21103,12,4
867,813,2,28,14:53:44,21.525,21525,12,4
867,807,2,28,14:53:50,20.332,20332,12,4
867,808,3,28,14:54:43,21.407,21407,12,4
867,20,2,29,14:55:02,20.023,20023,12,4
867,37,2,28,14:55:13,23.125,23125,12,4
867,819,2,28,14:55:13,22.838,22838,12,4
867,39,2,29,14:57:51,26.370,26370,12,4
867,13,3,34,15:07:46,39.041,39041,12,4
867,817,2,37,15:12:44,22.597,22597,12,4
867,17,2,38,15:14:32,20.222,20222,12,4
867,39,3,39,15:16:58,14.780,14780,12,4
867,30,2,41,15:19:40,20.041,20041,12,4
867,3,2,46,15:28:36,20.115,20115,12,4
867,808,4,47,15:30:40,30.800,30800,12,4
867,13,4,53,15:41:54,20.476,20476,12,4
868,819,2,32,13:58:04,26.164,26164,9,153
868,17,2,33,13:57:42,25.179,25179,9,153
868,813,2,12,13:24:16,33.068,33068,9,153
868,13,1,13,13:24:56,25.325,25325,9,153
868,8,1,13,13:24:58,25.581,25581,9,153
868,819,1,13,13:25:46,26.313,26313,9,153
868,17,1,14,13:26:30,25.854,25854,9,153
868,811,1,14,13:26:49,25.983,25983,9,153
868,818,1,14,13:26:57,26.489,26489,9,153
868,4,1,15,13:28:03,25.372,25372,9,153
868,3,1,15,13:28:30,25.189,25189,9,153
868,155,1,16,13:30:03,26.845,26845,9,153
868,807,1,16,13:30:05,26.060,26060,9,153
868,18,1,16,13:30:09,25.138,25138,9,153
868,817,1,16,13:30:14,25.626,25626,9,153
868,39,1,16,13:30:53,29.908,29908,9,153
868,10,1,18,13:34:02,26.165,26165,9,153
868,1,1,21,13:38:11,24.498,24498,9,153
868,154,2,26,13:46:39,25.388,25388,9,153
868,37,1,27,13:49:37,27.715,27715,9,153
868,1,2,28,13:49:52,25.003,25003,9,153
868,817,2,29,13:51:50,25.613,25613,9,153
868,5,2,29,13:52:21,26.434,26434,9,153
868,811,2,30,13:53:19,26.573,26573,9,153
868,20,2,31,13:54:33,25.319,25319,9,153
868,18,2,31,13:55:02,24.762,24762,9,153
868,818,2,32,13:56:46,26.200,26200,9,153
868,814,1,1,13:05:45,32.790,32790,9,153
868,154,1,2,13:06:42,34.201,34201,9,153
868,20,1,10,13:19:58,25.829,25829,9,153
868,813,1,11,13:21:39,25.630,25630,9,153
868,815,1,11,13:21:41,25.192,25192,9,153
868,30,1,12,13:23:17,25.938,25938,9,153
868,5,1,12,13:23:46,26.196,26196,9,153
868,8,2,34,13:59:31,25.871,25871,9,153
868,30,2,34,13:59:45,25.552,25552,9,153
868,13,2,35,14:01:05,25.110,25110,9,153
868,807,2,35,14:01:25,25.444,25444,9,153
868,39,2,35,14:03:37,27.944,27944,9,153
868,4,2,37,14:04:03,24.998,24998,9,153
868,155,2,37,14:04:36,39.208,39208,9,153
868,3,2,37,14:04:48,33.529,33529,9,153
868,10,2,38,14:07:52,25.241,25241,9,153
869,13,1,1,14:04:39,23.049,23049,10,103
869,811,1,1,14:04:53,47.942,47942,10,103
869,154,1,1,14:04:56,32.766,32766,10,103
869,1,1,3,14:07:52,21.012,21012,10,103
869,818,1,6,14:11:33,18.901,18901,10,103
869,814,1,10,14:17:02,17.899,17899,10,103
869,8,1,11,14:18:20,18.002,18002,10,103
869,807,1,12,14:19:41,18.442,18442,10,103
869,17,1,12,14:19:43,18.253,18253,10,103
869,3,1,12,14:19:51,18.395,18395,10,103
869,813,1,13,14:21:05,19.646,19646,10,103
869,5,1,13,14:21:24,19.385,19385,10,103
869,30,1,14,14:22:25,18.497,18497,10,103
869,808,1,14,14:22:47,19.802,19802,10,103
869,815,1,17,14:26:37,18.143,18143,10,103
869,4,1,18,14:27:43,17.570,17570,10,103
869,18,1,19,14:29:13,17.867,17867,10,103
869,817,1,19,14:29:34,18.374,18374,10,103
869,10,1,19,14:30:15,21.399,21399,10,103
869,20,1,20,14:30:30,17.512,17512,10,103
869,37,1,20,14:31:43,19.850,19850,10,103
869,819,1,21,14:32:56,17.821,17821,10,103
869,155,1,22,14:33:31,18.904,18904,10,103
869,39,1,22,14:34:43,19.535,19535,10,103
869,13,2,24,14:36:49,19.137,19137,10,103
869,154,2,24,14:37:20,20.388,20388,10,103
869,811,2,25,14:38:46,18.822,18822,10,103
869,818,2,27,14:40:49,18.425,18425,10,103
869,807,2,31,14:46:05,18.286,18286,10,103
869,5,2,31,14:46:32,18.801,18801,10,103
869,1,2,31,14:46:44,17.598,17598,10,103
869,3,2,32,14:47:31,17.894,17894,10,103
869,808,2,32,14:47:59,18.323,18323,10,103
869,30,2,36,14:52:44,17.928,17928,10,103
869,8,2,38,14:55:22,17.735,17735,10,103
869,813,2,38,14:55:56,19.210,19210,10,103
869,817,2,38,14:55:57,17.990,17990,10,103
869,814,2,39,14:57:08,17.968,17968,10,103
869,18,2,40,14:57:48,16.831,16831,10,103
869,815,2,40,14:58:14,18.199,18199,10,103
869,17,2,40,14:58:22,17.290,17290,10,103
869,4,2,41,14:59:05,17.942,17942,10,103
869,20,2,41,14:59:07,17.859,17859,10,103
869,10,2,40,15:00:18,18.952,18952,10,103
869,154,3,42,15:02:09,22.743,22743,10,103
869,155,2,43,15:02:13,19.177,19177,10,103
869,819,2,43,15:03:49,19.391,19391,10,103
869,5,3,44,15:04:41,19.233,19233,10,103
869,818,3,45,15:05:35,19.949,19949,10,103
869,807,3,46,15:06:33,18.365,18365,10,103
869,37,2,45,15:07:26,20.664,20664,10,103
869,13,3,47,15:08:15,19.680,19680,10,103
869,1,3,47,15:08:33,18.877,18877,10,103
869,39,2,46,15:08:59,19.382,19382,10,103
869,811,3,47,15:09:01,18.313,18313,10,103
869,3,3,50,15:11:59,18.741,18741,10,103
869,808,3,50,15:12:58,18.354,18354,10,103
869,30,3,52,15:14:25,18.163,18163,10,103
869,5,4,53,15:17:23,28.988,28988,10,103
869,813,3,57,15:22:00,18.085,18085,10,103
870,30,1,1,14:08:08,21.336,21336,11,264
870,30,2,4,14:12:58,13.199,13199,11,264
870,155,1,8,14:18:40,20.234,20234,11,264
870,818,1,12,14:24:37,20.363,20363,11,264
870,817,1,14,14:27:32,20.510,20510,11,264
870,18,1,15,14:28:38,19.408,19408,11,264
870,807,1,15,14:28:52,20.736,20736,11,264
870,813,1,15,14:28:54,20.304,20304,11,264
870,811,1,16,14:30:15,20.213,20213,11,264
870,3,1,16,14:30:21,20.352,20352,11,264
870,814,1,16,14:30:26,20.460,20460,11,264
870,20,1,17,14:31:35,19.380,19380,11,264
870,4,1,17,14:31:38,19.669,19669,11,264
870,5,1,17,14:32:09,20.780,20780,11,264
870,1,1,18,14:32:53,20.436,20436,11,264
870,13,1,18,14:33:17,19.981,19981,11,264
870,808,1,18,14:33:47,21.070,21070,11,264
870,39,1,18,14:34:22,21.259,21259,11,264
870,154,1,19,14:34:22,22.151,22151,11,264
870,10,1,18,14:34:25,21.337,21337,11,264
870,8,1,20,14:36:01,20.087,20087,11,264
870,17,1,20,14:36:05,19.611,19611,11,264
870,819,1,20,14:36:59,20.915,20915,11,264
870,815,1,21,14:37:57,20.320,20320,11,264
870,37,1,22,14:40:27,22.332,22332,11,264
870,818,2,30,14:51:44,19.858,19858,11,264
870,30,3,32,14:54:51,20.503,20503,11,264
870,18,2,34,14:56:39,19.083,19083,11,264
870,817,2,34,14:57:29,19.630,19630,11,264
870,808,2,35,14:59:27,20.592,20592,11,264
870,5,2,36,15:00:48,21.855,21855,11,264
870,20,2,38,15:02:27,19.331,19331,11,264
870,814,2,38,15:03:06,20.352,20352,11,264
870,154,2,39,15:03:52,20.231,20231,11,264
870,17,2,39,15:04:09,19.175,19175,11,264
870,807,2,39,15:04:31,20.607,20607,11,264
870,1,2,40,15:05:18,19.059,19059,11,264
870,819,2,39,15:05:50,21.378,21378,11,264
870,3,2,40,15:05:53,20.632,20632,11,264
870,155,2,40,15:06:36,20.065,20065,11,264
870,39,2,39,15:07:06,22.031,22031,11,264
870,813,2,41,15:07:28,19.755,19755,11,264
870,10,2,40,15:08:28,20.383,20383,11,264
870,811,2,42,15:08:36,20.604,20604,11,264
870,37,2,41,15:10:00,21.877,21877,11,264
870,4,2,43,15:10:01,19.365,19365,11,264
870,13,2,43,15:10:12,19.917,19917,11,264
870,8,2,45,15:12:35,19.772,19772,11,264
870,18,3,45,15:12:56,20.355,20355,11,264
870,818,3,46,15:15:27,19.644,19644,11,264
870,815,2,47,15:16:34,20.216,20216,11,264
870,817,3,47,15:16:46,20.027,20027,11,264
870,808,3,51,15:23:46,20.515,20515,11,264
870,813,3,52,15:23:48,13.206,13206,11,264
870,17,3,55,15:27:30,19.386,19386,11,264
870,5,3,56,15:30:55,20.567,20567,11,264
870,20,3,58,15:31:43,18.964,18964,11,264
870,818,4,64,15:42:01,19.600,19600,11,264
871,37,1,1,14:06:31,29.107,29107,13,401
871,155,1,1,14:06:35,27.248,27248,13,401
871,813,1,1,14:06:36,21.842,21842,13,401
871,155,2,7,14:21:42,21.669,21669,13,401
871,814,1,10,14:27:27,21.402,21402,13,401
871,8,1,11,14:29:22,20.383,20383,13,401
871,17,1,11,14:29:28,20.908,20908,13,401
871,10,1,11,14:29:54,22.463,22463,13,401
871,817,1,12,14:31:21,20.287,20287,13,401
871,13,1,12,14:31:26,20.306,20306,13,401
871,808,1,12,14:31:42,25.972,25972,13,401
871,807,1,13,14:33:14,22.152,22152,13,401
871,5,1,14,14:35:49,52.206,52206,13,401
871,39,1,14,14:35:55,23.953,23953,13,401
871,818,1,15,14:37:19,20.660,20660,13,401
871,37,2,15,14:38:00,25.027,25027,13,401
871,811,1,16,14:39:19,21.690,21690,13,401
871,819,1,18,14:44:03,21.611,21611,13,401
871,30,1,19,14:45:02,21.664,21664,13,401
871,18,1,20,14:46:43,19.668,19668,13,401
871,3,1,20,14:47:24,21.062,21062,13,401
871,20,1,21,14:48:56,20.811,20811,13,401
871,155,3,24,14:55:27,22.106,22106,13,401
871,10,2,25,14:58:05,20.660,20660,13,401
871,814,2,26,14:59:07,21.115,21115,13,401
871,808,2,26,14:59:52,21.180,21180,13,401
871,807,2,27,15:00:38,20.696,20696,13,401
871,17,2,27,15:00:39,20.385,20385,13,401
871,13,2,27,15:00:45,21.049,21049,13,401
871,37,3,27,15:02:18,22.064,22064,13,401
871,5,2,27,15:02:21,21.931,21931,13,401
871,8,2,28,15:02:30,20.289,20289,13,401
871,817,2,28,15:02:51,21.060,21060,13,401
871,39,2,28,15:04:17,22.523,22523,13,401
871,818,2,29,15:04:49,21.077,21077,13,401
871,30,2,35,15:16:18,20.835,20835,13,401
871,3,2,36,15:18:36,20.534,20534,13,401
871,811,2,39,15:24:25,22.030,22030,13,401
872,10,1,7,14:14:33,28.747,28747,14,162
872,813,1,13,14:23:38,22.970,22970,14,162
872,3,1,14,14:25:03,22.346,22346,14,162
872,30,1,15,14:26:24,22.247,22247,14,162
872,8,1,17,14:29:28,21.730,21730,14,162
872,5,1,17,14:29:51,22.737,22737,14,162
872,819,1,18,14:31:32,24.039,24039,14,162
872,13,1,19,14:32:19,22.161,22161,14,162
872,808,1,19,14:32:59,22.182,22182,14,162
872,20,1,20,14:33:51,22.303,22303,14,162
872,4,1,20,14:33:52,21.515,21515,14,162
872,155,1,20,14:34:08,22.874,22874,14,162
872,17,1,21,14:35:36,21.556,21556,14,162
872,814,1,21,14:35:39,22.190,22190,14,162
872,18,1,22,14:36:49,23.375,23375,14,162
872,37,1,22,14:38:04,23.488,23488,14,162
872,1,1,23,14:38:13,20.736,20736,14,162
872,39,1,23,14:39:30,31.745,31745,14,162
872,817,1,24,14:40:19,21.720,21720,14,162
872,811,1,24,14:40:20,22.985,22985,14,162
872,807,1,27,14:44:55,22.746,22746,14,162
872,816,1,27,14:45:12,21.962,21962,14,162
872,815,1,29,14:47:32,22.472,22472,14,162
872,10,2,32,14:53:27,22.581,22581,14,162
872,20,2,34,14:55:13,15.008,15008,14,162
872,813,2,35,14:57:05,21.814,21814,14,162
872,819,2,35,14:57:49,22.046,22046,14,162
872,30,2,37,14:59:46,22.310,22310,14,162
872,3,2,38,15:01:21,21.854,21854,14,162
872,5,2,39,15:03:38,21.910,21910,14,162
872,808,2,40,15:05:10,22.811,22811,14,162
873,10,2,25,20:54:19,32.015,32015,15,18
873,5,2,26,20:55:51,30.099,30099,15,18
873,17,2,28,20:58:56,29.304,29304,15,18
873,813,2,29,21:00:34,30.540,30540,15,18
873,4,2,29,21:00:36,29.190,29190,15,18
873,155,2,30,21:03:49,30.842,30842,15,18
873,808,3,30,21:04:39,30.405,30405,15,18
873,37,2,30,21:05:01,32.625,32625,15,18
873,817,2,31,21:05:16,29.789,29789,15,18
873,8,2,32,21:07:02,29.370,29370,15,18
873,20,2,33,21:08:19,31.137,31137,15,18
873,18,2,33,21:08:25,29.662,29662,15,18
873,819,2,32,21:08:32,30.834,30834,15,18
873,814,2,33,21:08:49,30.029,30029,15,18
873,3,2,33,21:09:07,29.687,29687,15,18
873,154,2,33,21:09:08,31.753,31753,15,18
873,813,3,33,21:09:10,30.981,30981,15,18
873,30,2,33,21:09:20,30.338,30338,15,18
873,811,3,33,21:09:41,30.684,30684,15,18
873,13,3,33,21:10:02,29.455,29455,15,18
873,17,3,40,21:26:54,29.348,29348,15,18
873,807,2,40,21:26:54,30.613,30613,15,18
873,815,2,40,21:26:57,30.217,30217,15,18
873,808,4,40,21:27:04,41.154,41154,15,18
873,37,3,40,21:27:06,44.101,44101,15,18
873,5,3,45,21:38:17,30.232,30232,15,18
873,155,3,50,21:48:02,36.146,36146,15,18
873,807,3,50,21:48:19,34.601,34601,15,18
873,808,1,1,20:06:04,36.148,36148,15,18
873,13,1,1,20:06:31,31.958,31958,15,18
873,17,1,8,20:19:35,29.333,29333,15,18
873,20,1,10,20:23:17,29.117,29117,15,18
873,811,1,10,20:23:50,30.317,30317,15,18
873,4,1,11,20:25:22,29.557,29557,15,18
873,30,1,11,20:25:39,30.879,30879,15,18
873,817,1,11,20:25:50,30.992,30992,15,18
873,1,1,12,20:27:09,29.124,29124,15,18
873,814,1,12,20:27:23,31.026,31026,15,18
873,3,1,12,20:27:30,29.546,29546,15,18
873,818,1,12,20:27:44,30.499,30499,15,18
873,5,1,12,20:27:55,30.440,30440,15,18
873,813,1,13,20:29:11,30.234,30234,15,18
873,8,1,13,20:29:37,29.669,29669,15,18
873,10,1,13,20:30:01,30.977,30977,15,18
873,18,1,14,20:31:06,30.019,30019,15,18
873,154,1,14,20:31:24,32.080,32080,15,18
873,155,1,14,20:31:56,30.693,30693,15,18
873,819,1,16,20:36:09,30.647,30647,15,18
873,807,1,18,20:39:33,30.363,30363,15,18
873,815,1,18,20:39:37,30.043,30043,15,18
873,37,1,18,20:40:26,33.042,33042,15,18
873,808,2,18,20:40:30,30.341,30341,15,18
873,13,2,19,20:42:14,29.403,29403,15,18
873,39,1,19,20:42:28,32.436,32436,15,18
873,818,2,24,20:51:30,29.898,29898,15,18
873,811,2,25,20:53:24,30.828,30828,15,18
874,154,1,1,15:05:37,32.329,32329,22,45
874,811,1,1,15:05:49,27.098,27098,22,45
874,17,1,1,15:06:19,32.462,32462,22,45
874,154,2,7,15:16:52,29.793,29793,22,45
874,18,1,13,15:26:28,20.233,20233,22,45
874,8,1,13,15:26:35,20.901,20901,22,45
874,807,1,13,15:26:38,21.007,21007,22,45
874,814,1,13,15:26:54,21.063,21063,22,45
874,155,1,14,15:28:06,20.783,20783,22,45
874,819,1,14,15:29:02,21.343,21343,22,45
874,815,1,15,15:29:58,21.273,21273,22,45
874,39,1,15,15:30:44,23.227,23227,22,45
874,1,1,16,15:31:39,21.148,21148,22,45
874,813,1,16,15:31:44,21.361,21361,22,45
874,811,2,16,15:32:04,21.538,21538,22,45
874,20,1,17,15:32:58,20.508,20508,22,45
874,13,1,17,15:33:08,20.936,20936,22,45
874,817,1,17,15:33:31,21.944,21944,22,45
874,30,1,17,15:33:45,20.643,20643,22,45
874,37,1,17,15:34:08,26.287,26287,22,45
874,5,1,18,15:35:26,22.816,22816,22,45
874,818,1,18,15:35:28,22.528,22528,22,45
874,808,1,19,15:37:33,21.368,21368,22,45
874,10,1,20,15:39:00,20.662,20662,22,45
874,811,3,21,15:40:44,14.608,14608,22,45
874,154,3,22,15:42:35,21.143,21143,22,45
874,17,2,26,15:48:48,20.691,20691,22,45
874,8,2,30,15:55:12,21.222,21222,22,45
874,155,2,31,15:56:42,20.762,20762,22,45
874,1,2,31,15:56:51,19.794,19794,22,45
874,807,2,31,15:56:55,21.688,21688,22,45
874,819,2,31,15:58:08,42.505,42505,22,45
874,814,2,32,15:59:02,21.344,21344,22,45
874,813,2,33,16:00:13,21.118,21118,22,45
874,817,2,34,16:02:03,21.516,21516,22,45
874,811,4,34,16:02:29,21.520,21520,22,45
874,18,2,35,16:03:20,21.099,21099,22,45
874,818,2,35,16:04:02,21.431,21431,22,45
874,13,2,36,16:04:50,20.778,20778,22,45
874,30,2,36,16:05:33,20.379,20379,22,45
874,20,2,37,16:06:11,20.346,20346,22,45
874,37,2,36,16:06:51,22.487,22487,22,45
874,10,2,40,16:12:57,21.520,21520,22,45
874,5,2,41,16:14:28,22.678,22678,22,45
874,808,2,42,16:16:46,21.367,21367,22,45
874,808,3,48,16:27:04,14.250,14250,22,45
875,155,1,1,15:06:00,33.003,33003,35,0
875,155,2,7,15:17:22,13.986,13986,35,0
875,1,1,13,15:26:44,19.638,19638,35,0
875,807,1,13,15:26:59,22.125,22125,35,0
875,154,1,13,15:27:00,21.681,21681,35,0
875,30,1,13,15:27:06,20.087,20087,35,0
875,818,1,13,15:27:09,20.865,20865,35,0
875,5,1,13,15:27:25,21.896,21896,35,0
875,17,1,14,15:28:25,19.811,19811,35,0
875,13,1,14,15:28:32,20.607,20607,35,0
875,8,1,14,15:28:33,20.211,20211,35,0
875,817,1,14,15:28:56,20.151,20151,35,0
875,811,1,14,15:28:57,21.886,21886,35,0
875,808,1,14,15:29:17,22.278,22278,35,0
875,10,1,14,15:29:19,22.334,22334,35,0
875,20,1,15,15:30:06,19.830,19830,35,0
875,4,1,15,15:30:13,19.930,19930,35,0
875,814,1,15,15:30:41,20.805,20805,35,0
875,819,1,17,15:35:01,21.302,21302,35,0
875,815,1,18,15:35:58,24.408,24408,35,0
875,39,1,18,15:37:11,22.749,22749,35,0
875,813,1,21,15:41:35,21.137,21137,35,0
875,1,2,26,15:50:01,20.777,20777,35,0
875,814,2,28,15:54:05,20.218,20218,35,0
875,154,2,31,15:59:00,20.935,20935,35,0
875,10,2,31,16:00:08,20.494,20494,35,0
875,17,2,32,16:00:11,19.616,19616,35,0
875,807,2,32,16:00:43,20.982,20982,35,0
875,30,2,32,16:01:04,20.276,20276,35,0
875,811,2,32,16:01:12,22.813,22813,35,0
875,808,2,32,16:01:49,21.581,21581,35,0
875,815,2,33,16:02:54,20.767,20767,35,0
875,5,2,33,16:03:37,21.489,21489,35,0
875,4,2,34,16:03:41,20.090,20090,35,0
875,817,2,34,16:04:24,20.804,20804,35,0
875,20,2,35,16:05:18,19.801,19801,35,0
875,13,2,35,16:05:28,20.855,20855,35,0
875,8,2,35,16:05:40,21.012,21012,35,0
875,819,2,34,16:06:00,22.019,22019,35,0
875,818,2,38,16:11:27,21.188,21188,35,0
875,1,3,42,16:18:28,19.447,19447,35,0
876,818,1,1,15:05:15,25.097,25097,68,194
876,30,1,1,15:05:50,25.036,25036,68,194
876,815,1,14,15:25:19,21.336,21336,68,194
876,815,2,19,15:33:50,24.508,24508,68,194
876,18,1,25,15:42:00,21.509,21509,68,194
876,811,1,26,15:43:56,22.047,22047,68,194
876,39,1,26,15:45:08,24.544,24544,68,194
876,8,1,27,15:45:09,21.404,21404,68,194
876,3,1,27,15:45:26,21.490,21490,68,194
876,813,1,27,15:45:28,22.003,22003,68,194
876,817,1,27,15:45:46,22.637,22637,68,194
876,13,1,28,15:46:40,21.100,21100,68,194
876,807,1,28,15:46:47,21.654,21654,68,194
876,814,1,28,15:47:07,23.948,23948,68,194
876,819,1,28,15:47:38,22.692,22692,68,194
876,4,1,29,15:47:52,20.800,20800,68,194
876,17,1,30,15:49:21,20.808,20808,68,194
876,813,2,30,15:50:59,28.053,28053,68,194
876,808,1,31,15:52:12,22.445,22445,68,194
876,10,1,31,15:52:31,27.303,27303,68,194
876,1,1,32,15:52:33,20.852,20852,68,194
876,5,1,32,15:53:40,22.967,22967,68,194
876,20,1,33,15:53:43,20.707,20707,68,194
876,37,1,32,15:54:30,23.830,23830,68,194
876,818,2,33,15:55:26,21.658,21658,68,194
876,30,2,33,15:56:04,21.322,21322,68,194
876,154,1,36,15:59:04,20.976,20976,68,194
876,155,1,36,15:59:41,22.726,22726,68,194
877,3,1,1,17:05:24,29.277,29277,24,3
877,154,1,1,17:05:48,26.057,26057,24,3
877,814,1,1,17:06:13,26.670,26670,24,3
877,818,1,9,17:20:35,20.319,20319,24,3
877,154,2,9,17:21:21,21.017,21017,24,3
877,814,2,9,17:21:58,19.829,19829,24,3
877,20,1,13,17:31:03,24.962,24962,24,3
877,155,1,25,17:53:36,19.529,19529,24,3
877,13,1,26,17:55:31,19.585,19585,24,3
877,817,1,26,17:55:32,20.122,20122,24,3
877,819,1,26,17:55:56,21.941,21941,24,3
877,30,1,27,17:57:17,19.701,19701,24,3
877,10,1,27,17:57:44,19.884,19884,24,3
877,808,1,27,17:57:47,20.769,20769,24,3
877,4,1,28,17:58:45,19.368,19368,24,3
877,5,1,28,17:59:21,23.032,23032,24,3
877,37,1,28,17:59:46,22.272,22272,24,3
877,18,1,29,18:00:35,19.455,19455,24,3
877,813,1,29,18:00:45,20.723,20723,24,3
877,815,1,30,18:02:32,19.486,19486,24,3
877,17,1,30,18:02:33,19.066,19066,24,3
877,8,1,31,18:03:59,20.278,20278,24,3
877,811,1,32,18:06:19,22.587,22587,24,3
877,818,2,33,18:08:11,19.885,19885,24,3
877,20,2,37,18:15:02,19.918,19918,24,3
877,815,2,38,18:17:35,33.431,33431,24,3
877,817,2,38,18:17:36,21.231,21231,24,3
877,814,3,39,18:19:26,20.265,20265,24,3
877,30,2,41,18:24:11,21.270,21270,24,3
877,815,3,44,18:30:24,26.858,26858,24,3
878,154,1,9,13:19:50,21.190,21190,69,161
878,155,1,13,13:26:55,24.079,24079,69,161
878,30,1,14,13:28:39,22.263,22263,69,161
878,807,1,17,13:33:38,22.099,22099,69,161
878,1,1,20,13:38:21,20.814,20814,69,161
878,4,1,20,13:38:33,24.439,24439,69,161
878,811,1,20,13:38:57,22.143,22143,69,161
878,20,1,21,13:40:02,20.904,20904,69,161
878,814,1,21,13:40:40,22.498,22498,69,161
878,813,1,21,13:40:43,22.342,22342,69,161
878,5,1,21,13:41:14,22.713,22713,69,161
878,10,1,21,13:41:15,23.092,23092,69,161
878,815,1,22,13:42:28,22.079,22079,69,161
878,808,1,23,13:44:41,22.762,22762,69,161
878,8,1,24,13:45:33,24.840,24840,69,161
878,37,1,24,13:47:04,24.798,24798,69,161
878,39,1,25,13:48:53,24.497,24497,69,161
878,13,1,26,13:49:03,21.520,21520,69,161
878,819,1,26,13:50:13,22.379,22379,69,161
878,817,1,30,13:56:20,22.651,22651,69,161
878,814,2,30,13:56:45,22.444,22444,69,161
878,3,1,34,14:03:17,21.346,21346,69,161
878,18,1,35,14:04:36,21.445,21445,69,161
878,30,2,39,14:12:20,21.297,21297,69,161
879,8,1,5,14:10:08,21.541,21541,18,785
879,30,1,5,14:10:23,25.980,25980,18,785
879,155,1,8,14:14:32,27.266,27266,18,785
879,30,2,8,14:15:29,22.486,22486,18,785
879,3,1,9,14:16:06,23.018,23018,18,785
879,817,1,9,14:16:07,22.838,22838,18,785
879,17,1,9,14:16:09,23.127,23127,18,785
879,1,1,10,14:17:17,24.410,24410,18,785
879,4,1,10,14:17:29,22.472,22472,18,785
879,20,1,10,14:17:36,20.997,20997,18,785
879,814,1,10,14:17:37,28.336,28336,18,785
879,39,1,13,14:22:30,27.113,27113,18,785
879,819,1,13,14:22:37,24.427,24427,18,785
879,10,1,14,14:23:56,23.251,23251,18,785
879,808,1,14,14:23:58,23.031,23031,18,785
879,37,1,14,14:24:13,25.787,25787,18,785
879,13,1,15,14:25:26,22.596,22596,18,785
879,818,1,15,14:25:27,22.362,22362,18,785
879,5,1,15,14:25:33,23.429,23429,18,785
879,30,3,17,14:29:13,22.243,22243,18,785
879,1,2,18,14:29:24,21.606,21606,18,785
879,4,2,18,14:29:41,23.000,23000,18,785
879,155,2,18,14:29:44,24.254,24254,18,785
879,3,2,18,14:29:54,21.806,21806,18,785
879,814,2,18,14:29:55,21.364,21364,18,785
879,20,2,19,14:31:08,22.016,22016,18,785
879,17,2,19,14:31:16,21.232,21232,18,785
879,817,2,19,14:31:25,21.182,21182,18,785
879,8,2,19,14:31:26,22.731,22731,18,785
879,13,2,19,14:31:32,21.680,21680,18,785
879,10,2,19,14:31:36,21.442,21442,18,785
879,808,2,19,14:31:43,27.452,27452,18,785
879,5,2,19,14:31:46,38.291,38291,18,785
879,37,2,19,14:32:05,26.573,26573,18,785
879,818,2,20,14:33:06,21.302,21302,18,785
879,819,2,20,14:33:27,22.746,22746,18,785
879,39,2,20,14:33:37,26.739,26739,18,785
879,3,3,20,14:33:42,24.262,24262,18,785
879,807,1,23,14:35:55,21.347,21347,18,785
879,18,1,23,14:35:56,21.550,21550,18,785
879,818,3,29,14:48:26,25.976,25976,18,785
879,10,3,31,14:51:14,23.544,23544,18,785
879,5,3,37,14:59:15,22.721,22721,18,785
879,3,4,50,15:17:16,31.768,31768,18,785
879,37,3,50,15:17:24,25.375,25375,18,785
879,817,3,51,15:18:04,21.444,21444,18,785
879,39,3,51,15:19:00,23.625,23625,18,785
879,20,3,52,15:19:17,21.256,21256,18,785
879,8,3,53,15:21:39,32.309,32309,18,785
879,155,3,54,15:22:32,32.823,32823,18,785
879,30,4,54,15:22:33,21.827,21827,18,785
879,20,4,54,15:22:38,28.932,28932,18,785
879,808,3,54,15:23:17,22.702,22702,18,785
879,13,3,55,15:23:33,22.427,22427,18,785
879,17,3,55,15:23:53,21.006,21006,18,785
879,819,3,55,15:24:35,23.082,23082,18,785
879,4,3,56,15:25:03,21.862,21862,18,785
879,818,4,56,15:25:47,22.061,22061,18,785
879,37,4,55,15:25:57,24.510,24510,18,785
879,817,4,56,15:26:13,22.923,22923,18,785
879,18,2,57,15:26:15,21.456,21456,18,785
879,39,4,55,15:26:24,27.480,27480,18,785
879,807,2,57,15:26:30,22.250,22250,18,785
879,5,4,56,15:26:34,23.002,23002,18,785
879,10,4,56,15:26:40,24.816,24816,18,785
879,814,3,57,15:27:15,22.389,22389,18,785
879,807,3,58,15:28:20,14.128,14128,18,785
879,5,5,59,15:31:24,21.849,21849,18,785
879,817,5,61,15:33:59,21.973,21973,18,785
880,18,1,4,17:09:54,22.282,22282,1,10
880,17,1,5,17:11:28,24.240,24240,1,10
880,154,1,5,17:11:33,22.239,22239,1,10
880,821,1,5,17:11:35,22.316,22316,1,10
880,822,1,6,17:13:14,23.528,23528,1,10
880,820,1,6,17:13:26,36.564,36564,1,10
880,20,1,7,17:14:25,21.807,21807,1,10
880,823,1,7,17:15:07,24.104,24104,1,10
880,13,1,8,17:16:00,21.754,21754,1,10
880,814,1,8,17:16:13,23.010,23010,1,10
880,819,1,8,17:16:47,23.394,23394,1,10
880,4,1,9,17:17:35,21.792,21792,1,10
880,8,1,9,17:17:36,22.709,22709,1,10
880,818,1,9,17:17:54,23.074,23074,1,10
880,824,1,9,17:18:08,23.371,23371,1,10
880,813,1,10,17:19:36,23.099,23099,1,10
880,1,1,13,17:23:56,22.155,22155,1,10
880,3,1,14,17:25:35,22.274,22274,1,10
880,817,1,15,17:27:32,23.435,23435,1,10
880,815,1,16,17:29:00,23.677,23677,1,10
880,823,2,16,17:29:58,23.834,23834,1,10
880,17,2,18,17:32:17,21.717,21717,1,10
880,154,2,19,17:33:53,22.133,22133,1,10
880,820,2,19,17:34:48,30.838,30838,1,10
880,4,2,20,17:35:01,21.606,21606,1,10
880,18,2,20,17:35:24,23.571,23571,1,10
880,16,1,21,17:36:31,22.693,22693,1,10
880,20,2,21,17:36:32,22.704,22704,1,10
880,13,2,23,17:39:40,21.511,21511,1,10
880,815,2,23,17:40:25,22.004,22004,1,10
880,818,2,24,17:41:44,24.688,24688,1,10
880,822,2,24,17:42:08,23.215,23215,1,10
880,821,2,27,17:46:47,22.315,22315,1,10
880,824,2,27,17:47:07,23.387,23387,1,10
880,817,2,30,17:51:27,24.177,24177,1,10
880,1,2,31,17:52:21,22.015,22015,1,10
880,814,2,33,17:55:48,23.051,23051,1,10
880,8,2,34,17:56:41,22.181,22181,1,10
880,819,2,33,17:57:12,23.509,23509,1,10
880,823,3,34,17:59:22,23.917,23917,1,10
880,820,3,34,17:59:26,22.948,22948,1,10
880,13,3,36,18:00:04,21.509,21509,1,10
880,20,3,37,18:01:32,21.596,21596,1,10
880,18,3,37,18:02:18,21.538,21538,1,10
880,154,3,37,18:02:19,22.534,22534,1,10
880,17,3,38,18:03:34,21.515,21515,1,10
880,4,3,39,18:04:29,21.704,21704,1,10
880,822,3,40,18:07:27,24.060,24060,1,10
880,815,3,41,18:08:37,21.705,21705,1,10
880,1,3,42,18:09:35,21.778,21778,1,10
880,818,3,44,18:13:03,23.160,23160,1,10
880,16,2,46,18:15:28,22.749,22749,1,10
880,824,3,50,18:23:42,22.669,22669,1,10
881,20,1,5,16:13:32,21.135,21135,2,18
881,13,1,5,16:13:49,22.403,22403,2,18
881,16,1,6,16:15:54,37.833,37833,2,18
881,817,1,6,16:15:56,22.416,22416,2,18
881,8,1,6,16:15:57,25.905,25905,2,18
881,814,1,6,16:15:57,43.713,43713,2,18
881,813,1,6,16:16:01,24.737,24737,2,18
881,823,1,6,16:16:05,23.252,23252,2,18
881,824,1,6,16:16:07,26.546,26546,2,18
881,822,1,6,16:16:09,24.960,24960,2,18
881,820,1,6,16:16:12,30.365,30365,2,18
881,17,1,7,16:17:26,21.010,21010,2,18
881,1,1,7,16:17:30,24.933,24933,2,18
881,18,1,7,16:17:43,22.448,22448,2,18
881,807,1,7,16:17:44,22.996,22996,2,18
881,815,1,7,16:17:51,21.583,21583,2,18
881,154,1,7,16:17:52,22.105,22105,2,18
881,821,1,7,16:17:55,24.397,24397,2,18
881,818,1,7,16:17:57,49.216,49216,2,18
881,819,1,7,16:18:03,44.428,44428,2,18
881,3,1,8,16:19:28,22.028,22028,2,18
881,813,2,13,16:29:27,32.561,32561,2,18
881,824,2,17,16:36:29,23.755,23755,2,18
881,823,2,18,16:38:15,22.706,22706,2,18
881,17,2,19,16:38:48,20.736,20736,2,18
881,817,2,19,16:39:32,22.388,22388,2,18
881,820,2,19,16:40:11,22.668,22668,2,18
881,13,2,20,16:40:56,21.635,21635,2,18
881,154,2,20,16:40:57,21.812,21812,2,18
881,819,2,20,16:41:58,25.015,25015,2,18
881,1,2,21,16:42:22,21.465,21465,2,18
881,18,2,21,16:42:32,21.028,21028,2,18
881,807,2,21,16:42:39,21.699,21699,2,18
881,8,2,21,16:42:42,22.677,22677,2,18
881,20,2,22,16:44:00,21.339,21339,2,18
881,3,2,22,16:44:07,21.079,21079,2,18
881,815,2,22,16:44:32,20.894,20894,2,18
881,821,2,22,16:44:52,22.575,22575,2,18
881,822,2,22,16:44:54,28.045,28045,2,18
881,818,2,26,16:52:14,21.638,21638,2,18
881,823,3,28,16:56:15,25.118,25118,2,18
881,824,3,29,16:57:51,22.017,22017,2,18
881,1,3,30,16:58:00,21.549,21549,2,18
881,17,3,31,16:59:38,20.883,20883,2,18
881,3,3,31,16:59:42,22.114,22114,2,18
881,20,3,32,17:01:24,21.482,21482,2,18
881,820,3,31,17:01:52,22.115,22115,2,18
881,813,3,32,17:03:12,22.703,22703,2,18
881,819,3,32,17:03:34,23.373,23373,2,18
881,13,3,33,17:03:34,21.561,21561,2,18
881,815,3,33,17:03:40,21.338,21338,2,18
881,817,3,33,17:04:13,22.008,22008,2,18
881,807,3,34,17:05:21,22.629,22629,2,18
881,8,3,34,17:05:22,21.903,21903,2,18
881,154,3,35,17:07:03,22.385,22385,2,18
881,821,3,36,17:09:30,22.394,22394,2,18
881,822,3,40,17:16:24,22.937,22937,2,18
881,1,4,41,17:17:00,21.271,21271,2,18
881,20,4,42,17:18:37,20.757,20757,2,18
881,3,4,42,17:18:44,21.202,21202,2,18
881,820,4,41,17:19:43,22.271,22271,2,18
881,17,4,43,17:20:16,20.767,20767,2,18
881,823,4,42,17:21:22,22.744,22744,2,18
881,818,3,43,17:21:38,21.702,21702,2,18
881,824,4,43,17:22:37,22.335,22335,2,18
881,807,4,44,17:22:50,23.198,23198,2,18
881,819,4,43,17:23:04,23.844,23844,2,18
881,13,4,47,17:27:39,20.970,20970,2,18
881,821,4,51,17:35:38,22.542,22542,2,18
881,815,4,54,17:40:12,21.366,21366,2,18
882,17,1,1,15:05:52,21.287,21287,17,5
882,817,1,4,15:11:03,24.946,24946,17,5
882,1,1,5,15:12:45,20.379,20379,17,5
882,3,1,5,15:12:50,22.299,22299,17,5
882,819,1,5,15:12:59,21.265,21265,17,5
882,4,1,6,15:14:28,19.719,19719,17,5
882,8,1,6,15:14:31,20.753,20753,17,5
882,824,1,6,15:14:46,21.097,21097,17,5
882,823,1,6,15:14:51,20.905,20905,17,5
882,13,1,7,15:16:16,20.753,20753,17,5
882,154,1,7,15:16:21,20.083,20083,17,5
882,813,1,7,15:16:30,20.794,20794,17,5
882,820,1,7,15:16:42,21.063,21063,17,5
882,807,1,14,15:28:27,22.838,22838,17,5
882,20,1,14,15:28:27,19.323,19323,17,5
882,814,1,14,15:28:38,20.598,20598,17,5
882,17,2,15,15:30:32,26.956,26956,17,5
882,818,1,15,15:30:41,20.977,20977,17,5
882,822,1,16,15:32:22,21.614,21614,17,5
882,824,2,16,15:32:43,24.834,24834,17,5
882,819,2,17,15:34:28,22.183,22183,17,5
882,13,2,19,15:37:26,20.027,20027,17,5
882,3,2,19,15:37:32,19.894,19894,17,5
882,3,3,20,15:39:47,22.727,22727,17,5
882,823,2,20,15:40:06,20.743,20743,17,5
882,1,2,21,15:40:48,20.584,20584,17,5
882,8,2,21,15:40:49,20.759,20759,17,5
882,820,2,21,15:41:43,25.091,25091,17,5
882,4,2,23,15:44:07,20.521,20521,17,5
882,18,1,23,15:44:11,19.898,19898,17,5
882,154,2,23,15:44:31,20.286,20286,17,5
882,817,2,23,15:44:33,20.303,20303,17,5
882,813,2,23,15:44:50,21.517,21517,17,5
882,815,1,24,15:46:14,19.969,19969,17,5
882,807,2,29,15:54:43,20.327,20327,17,5
882,20,2,31,15:58:05,20.084,20084,17,5
882,815,2,31,15:58:33,20.253,20253,17,5
882,814,2,32,16:00:08,20.320,20320,17,5
882,824,3,32,16:00:54,20.625,20625,17,5
882,819,3,33,16:02:38,21.294,21294,17,5
882,820,3,33,16:02:57,25.151,25151,17,5
882,8,3,34,16:03:20,20.464,20464,17,5
882,822,2,34,16:04:01,22.217,22217,17,5
882,807,3,36,16:07:00,19.957,19957,17,5
882,13,3,36,16:07:01,19.449,19449,17,5
882,1,3,37,16:08:26,19.600,19600,17,5
882,154,3,37,16:08:50,20.109,20109,17,5
882,818,2,37,16:09:02,20.235,20235,17,5
882,823,3,37,16:10:13,21.067,21067,17,5
882,817,3,38,16:10:28,20.362,20362,17,5
882,813,3,39,16:12:48,20.982,20982,17,5
882,4,3,41,16:14:58,21.012,21012,17,5
882,818,3,43,16:19:28,20.716,20716,17,5
882,18,2,49,16:28:59,19.862,19862,17,5
882,20,3,51,16:32:06,20.191,20191,17,5
882,822,3,51,16:33:18,21.490,21490,17,5
882,814,3,53,16:35:54,19.831,19831,17,5
883,821,1,1,15:06:04,28.102,28102,3,7
883,16,1,1,15:06:49,26.495,26495,3,7
883,823,1,2,15:08:11,28.344,28344,3,7
883,818,1,2,15:09:07,41.485,41485,3,7
883,4,1,7,15:16:09,23.055,23055,3,7
883,17,1,8,15:17:54,21.798,21798,3,7
883,154,1,8,15:17:57,24.605,24605,3,7
883,4,2,8,15:18:11,21.436,21436,3,7
883,3,1,9,15:19:37,22.237,22237,3,7
883,18,1,9,15:19:38,23.093,23093,3,7
883,817,1,9,15:19:48,22.529,22529,3,7
883,824,1,9,15:19:57,24.325,24325,3,7
883,20,1,10,15:21:11,21.660,21660,3,7
883,13,1,10,15:21:20,21.665,21665,3,7
883,815,1,10,15:21:21,21.471,21471,3,7
883,1,1,10,15:21:24,22.072,22072,3,7
883,813,1,10,15:21:26,23.173,23173,3,7
883,820,1,10,15:21:45,22.745,22745,3,7
883,819,1,11,15:23:21,22.912,22912,3,7
883,807,1,12,15:24:51,21.656,21656,3,7
883,822,1,13,15:26:40,22.729,22729,3,7
883,814,1,14,15:28:08,22.009,22009,3,7
883,823,2,14,15:29:30,22.950,22950,3,7
883,8,1,16,15:31:35,22.715,22715,3,7
883,821,2,16,15:32:19,21.997,21997,3,7
883,13,2,17,15:33:34,21.722,21722,3,7
883,16,2,18,15:36:08,22.199,22199,3,7
883,3,2,20,15:38:32,21.331,21331,3,7
883,815,2,20,15:38:33,21.161,21161,3,7
883,17,2,21,15:40:08,21.221,21221,3,7
883,18,2,21,15:40:13,21.894,21894,3,7
883,1,2,22,15:42:02,21.444,21444,3,7
883,824,2,22,15:42:41,23.455,23455,3,7
883,813,2,23,15:43:49,22.220,22220,3,7
883,819,2,23,15:44:11,22.576,22576,3,7
883,820,2,23,15:44:27,24.141,24141,3,7
883,4,3,24,15:45:32,21.123,21123,3,7
883,20,2,25,15:46:35,21.290,21290,3,7
883,823,3,24,15:47:12,22.252,22252,3,7
883,817,2,25,15:47:31,22.028,22028,3,7
883,807,2,26,15:48:57,22.400,22400,3,7
883,154,2,27,15:50:20,21.608,21608,3,7
883,13,3,28,15:52:18,21.569,21569,3,7
883,822,2,29,15:54:07,28.408,28408,3,7
883,3,3,33,16:00:40,21.183,21183,3,7
883,821,3,33,16:01:35,22.438,22438,3,7
883,8,2,34,16:02:06,21.723,21723,3,7
883,18,3,34,16:02:20,21.696,21696,3,7
883,819,3,35,16:04:48,23.263,23263,3,7
883,814,2,36,16:05:30,22.475,22475,3,7
883,13,4,36,16:06:01,27.757,27757,3,7
883,824,3,36,16:06:51,22.817,22817,3,7
883,17,3,37,16:07:17,21.031,21031,3,7
883,820,3,37,16:08:38,26.004,26004,3,7
883,1,3,38,16:09:03,21.600,21600,3,7
883,815,3,39,16:10:45,21.319,21319,3,7
883,4,4,39,16:10:48,21.189,21189,3,7
883,813,3,39,16:11:04,22.066,22066,3,7
883,823,4,39,16:13:18,22.380,22380,3,7
883,807,3,41,16:14:30,22.814,22814,3,7
883,817,3,41,16:14:49,22.623,22623,3,7
883,20,3,42,16:15:09,21.906,21906,3,7
883,154,3,42,16:15:35,21.556,21556,3,7
883,16,3,42,16:16:30,22.346,22346,3,7
883,821,4,43,16:18:34,22.246,22246,3,7
883,3,4,44,16:19:15,21.267,21267,3,7
883,18,4,46,16:22:36,21.230,21230,3,7
883,820,4,46,16:24:10,22.552,22552,3,7
883,822,3,47,16:24:37,23.837,23837,3,7
883,823,5,47,16:27:16,23.375,23375,3,7
883,824,4,48,16:27:23,23.803,23803,3,7
884,824,1,2,14:06:58,29.994,29994,4,109
884,17,1,7,14:14:27,19.668,19668,4,109
884,13,1,8,14:15:53,19.490,19490,4,109
884,807,1,8,14:15:59,19.993,19993,4,109
884,813,1,8,14:16:03,20.205,20205,4,109
884,819,1,8,14:16:15,20.734,20734,4,109
884,4,1,9,14:17:21,18.909,18909,4,109
884,1,1,9,14:17:26,22.018,22018,4,109
884,814,1,9,14:17:29,20.615,20615,4,109
884,818,1,9,14:17:33,19.772,19772,4,109
884,823,1,9,14:17:41,21.686,21686,4,109
884,822,1,9,14:17:42,21.171,21171,4,109
884,3,1,10,14:18:50,19.414,19414,4,109
884,20,1,10,14:18:51,18.606,18606,4,109
884,8,1,10,14:18:53,19.978,19978,4,109
884,815,1,10,14:18:59,19.250,19250,4,109
884,817,1,10,14:19:03,19.795,19795,4,109
884,18,1,11,14:20:44,18.810,18810,4,109
884,821,1,13,14:23:38,22.144,22144,4,109
884,813,2,13,14:23:55,13.266,13266,4,109
884,820,1,15,14:27:24,25.294,25294,4,109
884,824,2,16,14:28:59,20.656,20656,4,109
884,814,2,19,14:32:58,19.792,19792,4,109
884,13,2,20,14:34:12,19.373,19373,4,109
884,17,2,20,14:34:27,19.151,19151,4,109
884,818,2,20,14:34:37,20.671,20671,4,109
884,813,3,20,14:34:52,23.139,23139,4,109
884,823,2,20,14:34:59,22.029,22029,4,109
884,4,2,21,14:35:36,19.952,19952,4,109
884,807,2,21,14:36:06,19.402,19402,4,109
884,16,2,22,14:38:15,20.306,20306,4,109
884,815,2,23,14:39:06,20.578,20578,4,109
884,819,2,23,14:39:41,20.870,20870,4,109
884,20,2,24,14:40:14,18.708,18708,4,109
884,817,2,24,14:40:39,20.100,20100,4,109
884,1,2,25,14:42:21,20.132,20132,4,109
884,822,2,25,14:42:37,20.533,20533,4,109
884,8,2,26,14:43:15,19.743,19743,4,109
884,3,2,27,14:45:06,20.032,20032,4,109
884,821,2,28,14:46:47,19.988,19988,4,109
884,18,2,28,14:46:53,19.196,19196,4,109
884,824,3,29,14:49:08,19.904,19904,4,109
884,820,2,30,14:50:58,21.582,21582,4,109
884,807,3,34,14:56:00,22.324,22324,4,109
884,818,3,34,14:56:06,25.362,25362,4,109
884,807,4,35,14:57:53,24.001,24001,4,109
884,813,4,35,14:57:57,20.800,20800,4,109
884,4,3,36,14:58:10,19.519,19519,4,109
884,13,3,36,14:58:25,19.326,19326,4,109
884,17,3,36,14:58:48,19.170,19170,4,109
884,1,3,36,14:59:15,19.700,19700,4,109
884,16,3,36,14:59:34,19.591,19591,4,109
884,818,4,37,15:01:38,29.740,29740,4,109
884,814,3,38,15:01:59,19.822,19822,4,109
884,815,3,38,15:02:10,19.866,19866,4,109
884,807,5,38,15:02:43,28.971,28971,4,109
884,20,3,39,15:03:01,19.551,19551,4,109
884,817,3,39,15:03:42,19.498,19498,4,109
884,819,3,41,15:07:38,21.202,21202,4,109
884,821,3,42,15:08:17,20.082,20082,4,109
884,822,3,43,15:10:28,19.908,19908,4,109
884,8,3,45,15:11:53,20.184,20184,4,109
884,18,3,46,15:14:18,19.290,19290,4,109
884,824,4,46,15:15:24,19.830,19830,4,109
884,3,3,47,15:15:40,19.352,19352,4,109
884,820,3,47,15:17:21,21.340,21340,4,109
884,4,4,49,15:17:37,18.471,18471,4,109
884,16,4,49,15:19:07,22.931,22931,4,109
884,17,4,50,15:19:53,18.931,18931,4,109
884,815,4,50,15:20:19,19.993,19993,4,109
884,1,4,50,15:20:35,19.457,19457,4,109
884,13,4,51,15:20:57,19.001,19001,4,109
884,20,4,51,15:21:09,18.694,18694,4,109
884,817,4,51,15:21:47,19.857,19857,4,109
884,814,4,53,15:24:38,19.481,19481,4,109
884,813,5,53,15:25:17,19.723,19723,4,109
884,807,6,53,15:25:37,20.314,20314,4,109
884,821,4,54,15:26:28,19.324,19324,4,109
885,813,1,1,14:04:48,40.507,40507,6,7
885,823,1,1,14:04:55,35.100,35100,6,7
885,814,1,9,14:15:54,25.643,25643,6,7
885,817,1,22,14:33:49,25.225,25225,6,7
885,824,1,22,14:34:05,25.098,25098,6,7
885,820,1,23,14:35:17,25.337,25337,6,7
885,823,2,24,14:37:13,25.676,25676,6,7
885,17,1,25,14:37:28,24.316,24316,6,7
885,8,1,26,14:38:49,24.420,24420,6,7
885,18,1,26,14:38:54,24.585,24585,6,7
885,13,1,26,14:39:26,25.331,25331,6,7
885,807,1,27,14:40:28,24.974,24974,6,7
885,4,1,28,14:41:32,24.489,24489,6,7
885,821,1,28,14:42:09,25.364,25364,6,7
885,815,1,29,14:42:57,24.672,24672,6,7
885,818,1,29,14:43:05,24.827,24827,6,7
885,20,1,30,14:44:08,24.375,24375,6,7
885,16,1,30,14:44:28,25.274,25274,6,7
885,822,1,30,14:44:53,29.063,29063,6,7
885,154,1,30,14:44:55,24.565,24565,6,7
885,813,2,30,14:45:08,26.146,26146,6,7
885,3,1,31,14:45:40,25.200,25200,6,7
885,1,1,31,14:45:51,24.801,24801,6,7
885,824,2,35,14:54:16,25.215,25215,6,7
885,823,3,35,14:55:21,25.862,25862,6,7
885,820,2,48,15:38:30,19.553,19553,6,7
885,154,2,62,15:58:00,39.980,39980,6,7
885,821,2,63,15:59:23,25.926,25926,6,7
885,820,3,63,15:59:31,26.198,26198,6,7
885,8,2,70,16:10:41,25.125,25125,6,7
881,814,2,20,16:41:12,2:03.124,123124,2,18
881,16,2,22,16:44:43,1:29.401,89401,2,18
881,18,3,35,17:06:47,1:44.833,104833,2,18
884,16,1,8,14:15:56,1:14.026,74026,4,109
886,823,1,8,14:14:22,22.323,22323,7,13
886,16,1,9,14:15:30,22.789,22789,7,13
886,819,1,11,14:18:33,22.184,22184,7,13
886,817,1,12,14:19:39,21.223,21223,7,13
886,807,1,12,14:19:40,21.623,21623,7,13
886,813,1,12,14:19:42,24.557,24557,7,13
886,17,1,13,14:20:32,20.716,20716,7,13
886,818,1,13,14:20:45,21.900,21900,7,13
886,815,1,13,14:21:03,20.427,20427,7,13
886,3,1,14,14:21:51,21.125,21125,7,13
886,822,1,14,14:22:18,22.242,22242,7,13
886,20,1,16,14:24:20,20.835,20835,7,13
886,4,1,16,14:24:36,20.512,20512,7,13
886,13,1,17,14:26:26,20.473,20473,7,13
886,813,2,17,14:26:50,14.446,14446,7,13
886,1,1,19,14:28:27,20.879,20879,7,13
886,821,1,21,14:32:08,22.017,22017,7,13
886,8,1,22,14:33:09,25.182,25182,7,13
886,18,1,27,14:40:12,20.212,20212,7,13
886,3,2,31,14:44:51,20.832,20832,7,13
886,823,2,32,14:48:17,22.039,22039,7,13
886,819,2,36,14:53:10,22.033,22033,7,13
886,16,2,37,14:53:24,21.000,21000,7,13
886,807,2,38,14:55:03,21.014,21014,7,13
886,820,1,38,14:55:52,21.374,21374,7,13
886,817,2,39,14:56:29,21.315,21315,7,13
886,823,3,38,14:56:58,29.056,29056,7,13
886,822,2,40,14:57:42,24.418,24418,7,13
886,13,2,41,14:58:51,20.372,20372,7,13
886,824,1,41,14:59:38,21.378,21378,7,13
886,823,4,40,15:00:06,24.510,24510,7,13
886,154,1,42,15:00:07,20.859,20859,7,13
886,815,2,43,15:01:30,20.805,20805,7,13
886,17,2,46,15:04:23,22.709,22709,7,13
886,4,2,47,15:05:39,20.636,20636,7,13
886,1,2,48,15:06:50,20.656,20656,7,13
886,20,2,49,15:07:50,20.898,20898,7,13
886,813,3,49,15:10:14,21.637,21637,7,13
886,154,2,53,15:14:53,21.574,21574,7,13
886,814,1,56,15:18:16,21.066,21066,7,13
886,3,3,57,15:19:14,21.459,21459,7,13
886,818,2,57,15:19:32,20.739,20739,7,13
886,16,3,61,15:25:13,14.489,14489,7,13
886,821,2,63,15:28:44,21.524,21524,7,13
887,1,1,8,13:17:20,29.026,29026,9,153
887,154,1,9,13:18:36,24.725,24725,9,153
887,814,1,9,13:18:47,25.004,25004,9,153
887,4,1,10,13:20:16,24.572,24572,9,153
887,17,1,10,13:20:19,31.448,31448,9,153
887,821,1,10,13:20:28,25.330,25330,9,153
887,823,1,10,13:20:57,26.515,26515,9,153
887,13,1,10,13:21:18,35.210,35210,9,153
887,8,1,11,13:21:52,24.992,24992,9,153
887,817,1,11,13:21:54,29.446,29446,9,153
887,18,1,11,13:22:03,24.745,24745,9,153
887,824,1,11,13:22:28,25.729,25729,9,153
887,3,1,12,13:23:20,24.990,24990,9,153
887,16,1,12,13:23:29,24.807,24807,9,153
887,807,1,12,13:23:43,29.684,29684,9,153
887,820,1,12,13:24:20,26.031,26031,9,153
887,20,1,13,13:24:55,24.159,24159,9,153
887,815,1,13,13:25:16,24.596,24596,9,153
887,818,1,14,13:27:16,29.418,29418,9,153
887,813,1,15,13:29:05,25.244,25244,9,153
887,822,1,15,13:29:14,30.231,30231,9,153
887,819,1,15,13:29:18,26.191,26191,9,153
887,13,2,16,13:32:21,24.680,24680,9,153
887,807,2,25,13:50:08,26.256,26256,9,153
887,818,2,25,13:50:17,26.317,26317,9,153
887,821,2,27,13:53:31,26.040,26040,9,153
887,823,2,28,13:55:33,25.814,25814,9,153
887,8,2,29,13:56:33,24.428,24428,9,153
887,821,3,29,13:57:08,31.937,31937,9,153
887,4,2,30,13:58:10,24.789,24789,9,153
887,154,2,30,13:58:16,24.751,24751,9,153
887,17,2,31,13:59:51,24.781,24781,9,153
887,817,2,32,14:01:28,26.229,26229,9,153
887,18,2,32,14:01:33,24.357,24357,9,153
887,820,2,32,14:02:17,25.701,25701,9,153
887,16,2,33,14:03:04,25.158,25158,9,153
887,815,2,33,14:03:08,25.028,25028,9,153
887,814,2,33,14:03:14,25.099,25099,9,153
887,824,2,33,14:03:42,25.927,25927,9,153
887,3,2,34,14:04:28,24.893,24893,9,153
887,819,2,34,14:05:14,26.371,26371,9,153
887,20,2,35,14:06:01,24.092,24092,9,153
887,1,2,36,14:08:08,24.635,24635,9,153
887,13,3,36,14:08:18,24.400,24400,9,153
887,813,2,37,14:10:02,25.275,25275,9,153
887,807,3,37,14:10:02,24.863,24863,9,153
887,822,2,38,14:11:48,31.851,31851,9,153
887,821,4,40,14:15:23,25.087,25087,9,153
887,823,3,40,14:16:02,26.391,26391,9,153
887,4,3,41,14:16:06,25.018,25018,9,153
887,3,3,42,14:17:48,25.436,25436,9,153
887,17,3,42,14:18:03,24.473,24473,9,153
887,154,3,42,14:18:29,25.911,25911,9,153
887,814,3,42,14:18:34,33.401,33401,9,153
887,13,4,42,14:18:38,24.872,24872,9,153
888,814,1,4,14:10:30,20.547,20547,20,578
888,818,1,4,14:10:37,23.147,23147,20,578
888,819,1,4,14:10:40,22.699,22699,20,578
888,817,1,5,14:12:03,19.846,19846,20,578
888,16,1,5,14:12:09,19.910,19910,20,578
888,823,1,5,14:12:16,21.900,21900,20,578
888,824,1,5,14:12:18,20.840,20840,20,578
888,1,1,6,14:13:34,19.487,19487,20,578
888,821,1,6,14:13:52,19.816,19816,20,578
888,20,1,7,14:15:09,18.979,18979,20,578
888,815,1,7,14:15:22,20.432,20432,20,578
888,17,1,8,14:16:48,2:42.042,162042,20,578
888,8,1,8,14:16:51,19.378,19378,20,578
888,820,1,8,14:17:26,21.021,21021,20,578
888,4,1,12,14:23:32,20.199,20199,20,578
888,154,1,13,14:25:00,20.273,20273,20,578
888,3,1,16,14:30:21,19.690,19690,20,578
888,807,1,17,14:31:56,21.226,21226,20,578
888,817,2,18,14:33:49,19.952,19952,20,578
888,824,2,18,14:34:30,20.371,20371,20,578
888,823,2,19,14:36:10,20.974,20974,20,578
888,820,2,20,14:37:56,19.953,19953,20,578
888,18,1,21,14:38:27,20.812,20812,20,578
888,813,1,21,14:38:44,20.331,20331,20,578
888,1,2,22,14:40:10,19.321,19321,20,578
888,822,1,22,14:40:31,33.796,33796,20,578
888,821,2,22,14:40:34,19.869,19869,20,578
888,20,2,24,14:43:10,20.039,20039,20,578
888,154,2,24,14:43:13,20.007,20007,20,578
888,8,2,24,14:43:25,20.528,20528,20,578
888,4,2,24,14:43:36,19.539,19539,20,578
888,815,2,24,14:43:57,20.433,20433,20,578
888,16,2,24,14:44:00,20.204,20204,20,578
888,814,2,24,14:44:07,21.483,21483,20,578
888,3,2,24,14:44:07,22.207,22207,20,578
888,17,2,23,14:44:15,19.991,19991,20,578
888,819,2,24,14:44:58,21.388,21388,20,578
888,820,3,26,14:48:52,20.272,20272,20,578
888,819,3,34,15:03:58,22.986,22986,20,578
888,807,2,37,15:08:26,20.364,20364,20,578
888,820,4,37,15:08:55,21.433,21433,20,578
888,17,3,38,15:10:15,19.921,19921,20,578
888,823,3,38,15:10:34,20.545,20545,20,578
888,154,3,40,15:13:03,19.591,19591,20,578
888,817,3,40,15:13:28,20.196,20196,20,578
888,20,3,41,15:14:38,19.118,19118,20,578
888,821,3,41,15:15:07,21.160,21160,20,578
888,16,3,43,15:18:18,21.799,21799,20,578
888,1,3,45,15:21:19,19.316,19316,20,578
888,18,2,47,15:24:27,19.692,19692,20,578
888,3,3,48,15:26:26,19.684,19684,20,578
888,8,3,49,15:27:24,19.390,19390,20,578
888,4,3,49,15:27:29,19.476,19476,20,578
888,807,3,49,15:28:02,20.557,20557,20,578
888,813,2,50,15:29:39,36.196,36196,20,578
888,822,2,54,15:36:20,45.695,45695,20,578
890,818,1,8,14:15:51,22.745,22745,11,264
890,823,1,8,14:15:55,23.200,23200,11,264
890,1,1,9,14:16:48,21.840,21840,11,264
890,813,1,9,14:17:14,22.103,22103,11,264
890,814,1,9,14:17:18,22.754,22754,11,264
890,817,1,10,14:18:44,24.033,24033,11,264
890,3,1,10,14:18:45,22.015,22015,11,264
890,822,1,10,14:18:55,22.023,22023,11,264
890,20,1,11,14:19:47,21.343,21343,11,264
890,13,1,11,14:19:57,23.012,23012,11,264
890,807,1,11,14:20:17,22.303,22303,11,264
890,4,1,12,14:21:21,21.599,21599,11,264
890,154,1,13,14:22:46,22.054,22054,11,264
890,8,1,13,14:22:56,22.161,22161,11,264
890,819,1,13,14:23:32,22.465,22465,11,264
890,824,1,20,14:34:40,22.159,22159,11,264
890,820,1,21,14:36:25,22.323,22323,11,264
890,17,1,23,14:37:39,21.762,21762,11,264
890,815,1,23,14:38:10,22.323,22323,11,264
890,821,1,23,14:38:18,22.425,22425,11,264
890,18,1,24,14:39:26,22.107,22107,11,264
890,154,2,25,14:40:51,22.267,22267,11,264
890,814,2,26,14:43:05,22.723,22723,11,264
890,823,2,27,14:44:59,22.831,22831,11,264
890,813,2,28,14:45:48,21.880,21880,11,264
890,3,2,29,14:47:10,22.628,22628,11,264
890,818,2,30,14:49:06,22.282,22282,11,264
890,1,2,31,14:49:23,21.454,21454,11,264
890,13,2,31,14:50:01,21.753,21753,11,264
890,822,2,33,14:53:46,22.612,22612,11,264
890,20,2,34,14:53:58,21.863,21863,11,264
890,4,2,34,14:54:07,22.249,22249,11,264
890,824,2,33,14:54:39,22.221,22221,11,264
890,807,2,35,14:56:17,22.606,22606,11,264
890,820,2,34,14:56:34,22.301,22301,11,264
890,154,3,37,14:58:34,16.453,16453,11,264
890,18,2,37,14:58:44,22.496,22496,11,264
890,815,2,38,15:00:37,22.722,22722,11,264
890,817,2,38,15:01:00,21.996,21996,11,264
890,819,2,38,15:01:50,22.450,22450,11,264
890,807,3,40,15:04:00,16.512,16512,11,264
890,8,2,42,15:05:48,21.643,21643,11,264
890,17,2,43,15:07:06,22.349,22349,11,264
890,823,3,44,15:10:43,22.384,22384,11,264
890,154,4,47,15:13:17,22.451,22451,11,264
890,824,3,46,15:14:34,23.030,23030,11,264
890,4,3,48,15:14:42,21.753,21753,11,264
890,13,3,48,15:15:06,21.612,21612,11,264
890,3,3,48,15:15:07,21.854,21854,11,264
890,814,3,48,15:15:49,23.027,23027,11,264
890,1,3,50,15:17:08,22.136,22136,11,264
890,818,3,50,15:18:45,23.756,23756,11,264
890,813,3,51,15:19:53,24.796,24796,11,264
890,820,3,50,15:21:06,23.257,23257,11,264
890,20,3,55,15:24:30,21.666,21666,11,264
890,17,3,59,15:30:24,22.022,22022,11,264
891,807,1,9,14:21:40,24.219,24219,13,401
891,13,1,9,14:21:42,22.872,22872,13,401
891,814,1,10,14:23:35,23.475,23475,13,401
891,818,1,10,14:23:44,24.070,24070,13,401
891,1,1,11,14:25:16,23.397,23397,13,401
891,16,1,11,14:25:37,23.327,23327,13,401
891,813,1,11,14:25:40,27.059,27059,13,401
891,3,1,12,14:27:19,22.893,22893,13,401
891,4,1,13,14:29:10,22.631,22631,13,401
891,17,1,13,14:29:16,23.004,23004,13,401
891,815,1,13,14:29:25,17.378,17378,13,401
891,20,1,14,14:30:58,22.685,22685,13,401
891,8,1,14,14:31:18,23.744,23744,13,401
891,822,1,14,14:31:44,23.411,23411,13,401
891,824,1,14,14:32:07,24.083,24083,13,401
891,823,1,15,14:33:51,24.968,24968,13,401
891,820,1,15,14:34:15,24.013,24013,13,401
891,817,1,16,14:35:26,23.144,23144,13,401
891,18,1,17,14:37:03,22.465,22465,13,401
891,815,2,18,14:39:24,22.597,22597,13,401
891,821,1,19,14:41:20,22.761,22761,13,401
891,154,1,22,14:46:53,23.445,23445,13,401
891,807,2,24,14:50:59,23.334,23334,13,401
891,818,2,24,14:51:01,24.539,24539,13,401
891,3,2,25,14:52:20,23.723,23723,13,401
891,814,2,25,14:52:51,23.540,23540,13,401
891,1,2,26,14:54:11,22.682,22682,13,401
891,13,2,26,14:54:35,22.634,22634,13,401
891,16,2,26,14:54:42,23.655,23655,13,401
891,813,2,27,14:57:12,35.228,35228,13,401
891,4,2,28,14:57:52,22.444,22444,13,401
891,821,2,28,14:58:53,22.712,22712,13,401
891,822,2,28,14:59:02,23.540,23540,13,401
891,824,2,28,14:59:47,23.961,23961,13,401
891,17,2,29,15:00:00,23.477,23477,13,401
891,823,2,29,15:01:18,23.998,23998,13,401
891,20,2,30,15:01:29,22.884,22884,13,401
891,820,2,29,15:02:06,23.916,23916,13,401
891,817,2,33,15:08:12,22.871,22871,13,401
891,820,3,32,15:08:14,17.427,17427,13,401
891,18,2,34,15:09:32,23.317,23317,13,401
891,813,3,38,15:18:29,30.894,30894,13,401
891,821,3,41,15:23:35,17.433,17433,13,401
892,8,1,1,14:05:19,30.975,30975,14,162
892,1,1,13,14:23:23,24.460,24460,14,162
892,819,1,17,14:29:42,25.569,25569,14,162
892,823,1,18,14:31:18,26.302,26302,14,162
892,154,1,20,14:33:49,27.040,27040,14,162
892,18,1,21,14:35:17,24.450,24450,14,162
892,817,1,22,14:36:44,24.319,24319,14,162
892,815,1,22,14:36:45,25.933,25933,14,162
892,824,1,22,14:37:35,25.541,25541,14,162
892,20,1,23,14:37:56,24.305,24305,14,162
892,17,1,23,14:38:07,24.205,24205,14,162
892,820,1,23,14:39:08,26.146,26146,14,162
892,13,1,24,14:39:35,24.692,24692,14,162
892,807,1,24,14:39:37,25.633,25633,14,162
892,16,1,24,14:39:52,26.873,26873,14,162
892,813,1,24,14:39:58,25.397,25397,14,162
892,822,1,25,14:41:33,24.665,24665,14,162
892,3,1,26,14:42:35,24.079,24079,14,162
892,4,1,27,14:43:56,24.208,24208,14,162
892,821,1,27,14:44:20,24.668,24668,14,162
892,8,2,30,14:48:51,24.764,24764,14,162
892,1,2,38,15:00:35,24.315,24315,14,162
892,819,2,38,15:01:38,26.363,26363,14,162
892,823,2,39,15:03:12,33.200,33200,14,162
893,4,2,25,20:52:09,29.176,29176,15,18
893,154,2,25,20:52:13,30.293,30293,15,18
893,13,2,25,20:52:21,29.136,29136,15,18
893,18,2,25,20:52:22,30.085,30085,15,18
893,8,2,25,20:52:24,33.013,33013,15,18
893,815,2,25,20:52:31,29.396,29396,15,18
893,807,2,25,20:52:32,30.253,30253,15,18
893,821,2,25,20:52:42,31.706,31706,15,18
893,16,2,25,20:52:54,30.166,30166,15,18
893,813,2,25,20:53:06,30.444,30444,15,18
893,819,2,25,20:53:55,32.008,32008,15,18
893,823,2,26,20:55:33,37.700,37700,15,18
893,154,3,33,21:11:23,1:13.009,73009,15,18
893,818,3,39,21:22:44,29.999,29999,15,18
893,17,2,40,21:24:28,28.909,28909,15,18
893,16,3,40,21:24:36,31.230,31230,15,18
893,824,4,40,21:25:13,29.421,29421,15,18
893,3,2,41,21:26:16,29.616,29616,15,18
893,813,3,41,21:26:35,30.175,30175,15,18
893,820,3,41,21:27:04,29.687,29687,15,18
893,814,2,42,21:28:14,29.777,29777,15,18
893,13,3,42,21:28:15,29.573,29573,15,18
893,822,3,42,21:28:43,33.836,33836,15,18
893,823,3,42,21:28:50,30.141,30141,15,18
893,1,2,43,21:30:03,30.085,30085,15,18
893,20,2,44,21:31:26,28.934,28934,15,18
893,819,3,54,21:52:04,31.546,31546,15,18
893,8,1,10,20:23:19,29.469,29469,15,18
893,824,1,10,20:23:58,29.573,29573,15,18
893,821,1,11,20:25:19,29.364,29364,15,18
893,818,1,11,20:25:28,29.736,29736,15,18
893,819,1,11,20:25:52,31.841,31841,15,18
893,820,1,11,20:25:57,30.497,30497,15,18
893,824,2,11,20:26:28,32.243,32243,15,18
893,13,1,12,20:26:59,29.040,29040,15,18
893,16,1,12,20:27:25,29.678,29678,15,18
893,17,1,13,20:28:48,29.031,29031,15,18
893,18,1,13,20:28:57,29.284,29284,15,18
893,807,1,13,20:29:01,29.910,29910,15,18
893,823,1,13,20:29:27,30.161,30161,15,18
893,822,1,13,20:29:30,31.792,31792,15,18
893,4,1,14,20:30:36,29.436,29436,15,18
893,815,1,14,20:30:57,28.709,28709,15,18
893,3,1,15,20:32:27,29.212,29212,15,18
893,154,1,15,20:32:38,29.702,29702,15,18
893,1,1,15,20:32:41,29.032,29032,15,18
893,817,1,15,20:33:06,32.097,32097,15,18
893,813,1,16,20:35:13,29.966,29966,15,18
893,20,1,17,20:36:08,28.787,28787,15,18
893,814,1,20,20:42:28,29.667,29667,15,18
893,824,3,23,20:50:22,29.823,29823,15,18
893,818,2,24,20:50:34,30.714,30714,15,18
893,822,2,24,20:50:54,30.790,30790,15,18
893,820,2,24,20:51:40,31.173,31173,15,18
894,16,1,3,15:09:31,29.829,29829,35,0
894,18,1,4,15:11:11,26.948,26948,35,0
894,13,1,6,15:14:57,22.474,22474,35,0
894,813,1,7,15:16:37,23.470,23470,35,0
894,814,1,7,15:16:40,23.814,23814,35,0
894,821,1,7,15:16:43,23.096,23096,35,0
894,822,1,8,15:18:36,23.912,23912,35,0
894,1,1,9,15:19:55,22.270,22270,35,0
894,4,1,9,15:20:07,22.208,22208,35,0
894,819,1,9,15:20:36,24.320,24320,35,0
894,154,1,10,15:21:39,22.519,22519,35,0
894,3,1,10,15:21:47,23.412,23412,35,0
894,807,1,10,15:21:50,23.654,23654,35,0
894,815,1,10,15:22:03,22.901,22901,35,0
894,823,1,10,15:22:24,17.513,17513,35,0
894,824,1,10,15:22:31,23.097,23097,35,0
894,20,1,11,15:23:22,22.662,22662,35,0
894,8,1,11,15:23:39,22.924,22924,35,0
894,823,2,11,15:24:34,23.987,23987,35,0
894,17,1,12,15:25:27,22.587,22587,35,0
894,818,1,12,15:25:54,24.477,24477,35,0
894,820,1,12,15:26:16,23.761,23761,35,0
894,817,1,18,15:36:21,23.892,23892,35,0
894,18,2,22,15:43:41,25.946,25946,35,0
894,813,2,23,15:45:35,23.642,23642,35,0
894,814,2,23,15:45:42,23.854,23854,35,0
894,818,2,24,15:47:44,23.845,23845,35,0
894,8,2,25,15:48:47,23.236,23236,35,0
894,807,2,26,15:50:32,24.112,24112,35,0
894,3,2,28,15:53:56,42.432,42432,35,0
894,4,2,28,15:54:07,22.807,22807,35,0
894,16,2,28,15:54:36,23.155,23155,35,0
894,822,2,28,15:54:54,24.240,24240,35,0
894,1,2,29,15:55:45,22.251,22251,35,0
894,13,2,29,15:56:20,22.401,22401,35,0
894,17,2,30,15:57:29,22.718,22718,35,0
894,20,2,31,15:58:48,22.935,22935,35,0
894,819,2,30,15:58:50,24.366,24366,35,0
894,154,2,31,15:58:56,22.767,22767,35,0
894,824,2,30,15:59:15,23.814,23814,35,0
894,820,2,30,15:59:21,26.299,26299,35,0
894,823,3,30,15:59:22,24.548,24548,35,0
894,817,2,31,16:00:11,23.194,23194,35,0
894,17,3,31,16:00:12,23.490,23490,35,0
894,821,2,31,16:00:19,23.408,23408,35,0
894,815,2,31,16:00:22,38.893,38893,35,0
894,818,3,38,16:16:31,24.016,24016,35,0
894,16,3,38,16:16:46,1:11.445,71445,35,0
894,16,4,41,16:23:32,18.979,18979,35,0
895,819,1,1,15:05:34,17.935,17935,22,45
895,1,1,1,15:06:11,25.297,25297,22,45
895,818,1,7,15:15:39,25.816,25816,22,45
895,18,1,8,15:17:14,23.462,23462,22,45
895,822,1,8,15:17:18,23.421,23421,22,45
895,16,1,8,15:17:19,23.803,23803,22,45
895,821,1,9,15:18:50,23.887,23887,22,45
895,813,1,9,15:18:58,23.524,23524,22,45
895,807,1,10,15:20:27,23.383,23383,22,45
895,814,1,10,15:20:37,23.476,23476,22,45
895,17,1,11,15:21:54,23.617,23617,22,45
895,13,1,11,15:22:06,22.946,22946,22,45
895,8,1,11,15:22:11,23.313,23313,22,45
895,820,1,11,15:22:39,23.648,23648,22,45
895,154,1,12,15:23:30,23.282,23282,22,45
895,3,1,12,15:23:43,22.812,22812,22,45
895,815,1,12,15:23:48,26.423,26423,22,45
895,4,1,13,15:25:26,22.645,22645,22,45
895,20,1,14,15:26:53,22.916,22916,22,45
895,3,2,16,15:30:40,17.806,17806,22,45
895,819,2,17,15:33:03,24.380,24380,22,45
895,817,1,21,15:39:04,24.608,24608,22,45
895,818,2,21,15:39:24,24.087,24087,22,45
895,18,2,23,15:42:30,26.263,26263,22,45
895,3,3,24,15:44:05,22.771,22771,22,45
895,17,2,25,15:45:06,22.774,22774,22,45
895,814,2,26,15:47:38,23.858,23858,22,45
895,822,2,27,15:49:16,23.483,23483,22,45
895,16,2,27,15:49:23,23.484,23484,22,45
895,13,2,28,15:50:36,22.871,22871,22,45
895,813,2,28,15:51:02,24.202,24202,22,45
895,154,2,29,15:51:38,23.086,23086,22,45
895,807,2,29,15:52:08,23.831,23831,22,45
895,820,2,29,15:53:22,24.373,24373,22,45
895,4,2,30,15:53:46,22.839,22839,22,45
895,821,2,30,15:54:04,23.184,23184,22,45
895,815,2,30,15:54:05,27.707,27707,22,45
895,8,2,31,15:55:30,23.290,23290,22,45
895,817,2,32,15:57:31,17.801,17801,22,45
895,13,3,34,16:00:41,17.822,17822,22,45
895,819,3,35,16:03:32,24.381,24381,22,45
895,20,2,37,16:04:36,22.873,22873,22,45
895,818,3,38,16:07:30,24.876,24876,22,45
895,3,4,39,16:08:49,22.551,22551,22,45
895,18,3,40,16:10:36,23.105,23105,22,45
895,17,3,42,16:12:42,23.094,23094,22,45
895,815,3,42,16:14:05,25.585,25585,22,45
895,817,3,44,16:17:21,24.178,24178,22,45
896,814,1,1,15:05:12,23.662,23662,68,194
896,818,1,1,15:05:14,24.232,24232,68,194
896,819,1,1,15:05:39,29.082,29082,68,194
896,20,1,2,15:06:36,24.000,24000,68,194
896,4,1,2,15:06:48,29.800,29800,68,194
896,807,1,5,15:11:22,24.096,24096,68,194
896,824,1,5,15:11:40,33.937,33937,68,194
896,18,1,6,15:13:04,23.517,23517,68,194
896,3,1,7,15:14:25,23.685,23685,68,194
896,8,1,7,15:14:33,26.989,26989,68,194
896,13,1,8,15:15:56,23.579,23579,68,194
896,1,1,8,15:16:00,23.546,23546,68,194
896,813,1,8,15:16:14,25.530,25530,68,194
896,18,2,12,15:22:48,23.774,23774,68,194
896,154,1,13,15:23:59,23.648,23648,68,194
896,821,1,16,15:28:39,18.423,18423,68,194
896,819,2,16,15:29:58,26.970,26970,68,194
896,821,2,26,15:44:22,25.660,25660,68,194
896,818,2,26,15:44:28,24.128,24128,68,194
896,3,2,27,15:45:31,23.895,23895,68,194
896,17,1,28,15:46:25,23.487,23487,68,194
896,815,1,28,15:46:43,23.541,23541,68,194
896,820,1,29,15:49:37,24.757,24757,68,194
896,13,2,30,15:50:06,23.332,23332,68,194
896,1,2,30,15:50:07,23.574,23574,68,194
896,814,2,30,15:50:21,24.024,24024,68,194
896,4,2,30,15:50:22,23.595,23595,68,194
896,20,2,31,15:51:05,23.568,23568,68,194
896,822,1,31,15:51:52,27.619,27619,68,194
896,17,2,32,15:52:46,23.459,23459,68,194
896,18,3,32,15:53:44,24.754,24754,68,194
896,817,1,33,15:54:38,25.608,25608,68,194
896,815,2,33,15:54:42,24.910,24910,68,194
896,807,2,33,15:54:45,24.834,24834,68,194
896,824,2,33,15:56:05,25.383,25383,68,194
896,4,3,36,15:59:44,24.066,24066,68,194
896,817,2,38,16:02:35,24.471,24471,68,194
896,813,2,38,16:02:44,26.312,26312,68,194
896,16,1,41,16:07:01,23.891,23891,68,194
896,821,3,47,16:16:34,24.415,24415,68,194
896,822,2,49,16:19:37,25.909,25909,68,194
896,807,3,53,16:25:07,29.057,29057,68,194
896,820,2,52,16:25:27,24.445,24445,68,194
896,8,2,58,16:32:33,24.141,24141,68,194
897,18,1,2,17:07:35,27.176,27176,24,3
897,813,1,5,17:12:55,22.886,22886,24,3
897,824,1,5,17:13:09,24.064,24064,24,3
897,815,1,6,17:14:42,21.503,21503,24,3
897,820,1,6,17:15:04,23.490,23490,24,3
897,1,1,7,17:16:23,21.372,21372,24,3
897,817,1,7,17:16:41,22.194,22194,24,3
897,823,1,7,17:16:50,22.834,22834,24,3
897,17,1,8,17:18:09,21.175,21175,24,3
897,154,1,8,17:18:10,21.627,21627,24,3
897,819,1,8,17:18:39,22.498,22498,24,3
897,807,1,9,17:20:04,22.363,22363,24,3
897,3,1,10,17:21:41,21.653,21653,24,3
897,18,2,11,17:24:21,21.516,21516,24,3
897,20,1,14,17:28:39,22.275,22275,24,3
897,4,1,16,17:32:49,21.530,21530,24,3
897,818,1,17,17:34:46,21.930,21930,24,3
897,13,1,18,17:36:23,21.485,21485,24,3
897,821,1,18,17:36:43,22.685,22685,24,3
897,814,1,20,17:40:06,22.270,22270,24,3
897,822,1,24,17:47:40,23.361,23361,24,3
897,813,2,25,17:49:29,23.410,23410,24,3
897,807,2,27,17:53:04,22.863,22863,24,3
897,815,2,27,17:53:06,21.370,21370,24,3
897,16,1,28,17:54:54,22.048,22048,24,3
897,817,2,28,17:55:05,22.946,22946,24,3
897,1,2,29,17:56:37,21.609,21609,24,3
897,821,2,30,17:58:38,22.070,22070,24,3
897,824,2,31,18:01:41,23.576,23576,24,3
897,819,2,32,18:03:05,24.005,24005,24,3
897,17,2,33,18:03:15,21.911,21911,24,3
897,3,2,33,18:03:19,21.633,21633,24,3
897,820,2,32,18:03:37,22.802,22802,24,3
897,823,2,33,18:04:45,22.286,22286,24,3
897,807,3,34,18:05:56,16.147,16147,24,3
897,20,2,37,18:09:50,21.298,21298,24,3
897,154,2,37,18:10:31,22.286,22286,24,3
897,13,2,38,18:12:40,22.315,22315,24,3
897,4,2,44,18:23:20,21.453,21453,24,3
897,822,2,45,18:25:31,26.680,26680,24,3
897,818,2,51,18:36:34,23.608,23608,24,3
898,821,1,1,13:05:59,24.859,24859,69,161
898,820,1,5,13:15:49,18.737,18737,69,161
898,813,1,8,13:21:04,32.794,32794,69,161
898,5,1,17,13:36:46,25.323,25323,69,161
898,18,1,20,13:42:04,24.589,24589,69,161
898,819,1,20,13:42:30,27.568,27568,69,161
898,13,1,21,13:43:48,23.936,23936,69,161
898,824,1,21,13:44:14,26.205,26205,69,161
898,823,1,21,13:44:15,25.268,25268,69,161
898,815,1,22,13:45:19,23.808,23808,69,161
898,814,1,22,13:45:29,24.444,24444,69,161
898,3,1,22,13:45:30,23.806,23806,69,161
898,817,1,22,13:45:31,24.226,24226,69,161
898,822,1,23,13:47:05,25.014,25014,69,161
898,1,1,25,13:50:25,23.904,23904,69,161
898,4,1,26,13:52:15,23.817,23817,69,161
898,20,1,27,13:53:30,24.086,24086,69,161
898,820,2,26,13:53:36,24.293,24293,69,161
898,807,1,27,13:53:54,24.030,24030,69,161
898,818,1,27,13:54:22,24.381,24381,69,161
898,17,1,28,13:55:26,23.537,23537,69,161
898,154,1,29,13:57:05,23.876,23876,69,161
898,5,2,31,14:01:31,36.333,36333,69,161
898,821,2,36,14:10:01,25.027,25027,69,161
898,13,2,38,14:13:40,24.116,24116,69,161
898,814,2,49,14:32:33,24.914,24914,69,161
898,819,2,50,14:35:29,18.692,18692,69,161
899,818,1,10,14:16:58,23.455,23455,18,785
899,817,1,14,14:22:11,22.721,22721,18,785
899,5,1,15,14:23:39,23.019,23019,18,785
899,822,1,17,14:26:13,24.166,24166,18,785
899,16,1,17,14:26:14,23.161,23161,18,785
899,13,1,19,14:28:38,22.342,22342,18,785
899,815,1,19,14:28:47,22.591,22591,18,785
899,18,1,20,14:30:03,22.746,22746,18,785
899,807,1,20,14:30:06,23.887,23887,18,785
899,814,1,20,14:30:15,23.237,23237,18,785
899,4,1,21,14:31:09,22.755,22755,18,785
899,1,1,21,14:31:13,22.655,22655,18,785
899,824,1,21,14:32:02,24.657,24657,18,785
899,3,1,22,14:32:39,23.328,23328,18,785
899,821,1,22,14:33:00,23.857,23857,18,785
899,17,1,23,14:33:42,25.012,25012,18,785
899,813,1,23,14:34:24,23.600,23600,18,785
899,20,1,24,14:34:51,22.510,22510,18,785
899,823,1,24,14:36:01,23.732,23732,18,785
899,819,1,25,14:37:24,24.099,24099,18,785
899,820,1,26,14:38:59,25.060,25060,18,785
899,818,2,28,14:41:19,24.183,24183,18,785
899,13,2,34,14:48:24,17.367,17367,18,785
899,5,2,34,14:49:00,22.646,22646,18,785
899,16,2,37,14:52:49,24.001,24001,18,785
899,822,2,41,14:58:30,23.695,23695,18,785
899,817,2,42,14:59:24,23.340,23340,18,785
899,18,2,43,15:00:19,23.788,23788,18,785
899,13,3,43,15:00:27,22.655,22655,18,785
899,813,2,43,15:00:59,26.734,26734,18,785
899,3,2,44,15:01:40,22.753,22753,18,785
899,815,2,44,15:01:41,22.397,22397,18,785
899,807,2,46,15:04:31,23.237,23237,18,785
899,20,2,47,15:04:55,32.899,32899,18,785
899,17,2,47,15:05:08,26.718,26718,18,785
899,818,3,46,15:05:09,23.451,23451,18,785
899,4,2,47,15:05:13,22.732,22732,18,785
899,1,2,47,15:05:43,24.423,24423,18,785
899,814,2,47,15:06:01,23.330,23330,18,785
899,821,2,47,15:06:09,23.138,23138,18,785
899,823,2,47,15:06:59,27.107,27107,18,785
899,824,2,47,15:07:06,23.403,23403,18,785
899,820,2,48,15:08:47,23.449,23449,18,785
899,1,3,52,15:12:31,17.385,17385,18,785
899,823,3,52,15:13:57,17.339,17339,18,785
899,16,3,54,15:15:17,22.981,22981,18,785
899,820,3,66,15:32:58,23.222,23222,18,785
900,154,1,1,17:09:56,17.255,17255,1,10
900,821,1,1,17:10:12,32.657,32657,1,10
900,815,1,1,17:10:14,25.541,25541,1,10
900,18,1,11,17:26:02,22.411,22411,1,10
900,815,2,11,17:27:03,22.497,22497,1,10
900,3,1,12,17:27:27,24.331,24331,1,10
900,817,1,12,17:27:37,22.994,22994,1,10
900,825,1,12,17:27:45,23.150,23150,1,10
900,807,1,12,17:27:51,22.615,22615,1,10
900,4,1,12,17:27:55,22.887,22887,1,10
900,8,1,12,17:28:02,25.543,25543,1,10
900,818,1,12,17:28:02,23.124,23124,1,10
900,826,1,12,17:28:03,30.514,30514,1,10
900,828,1,23,17:48:18,23.238,23238,1,10
900,820,1,24,17:49:56,24.209,24209,1,10
900,824,1,20,17:54:48,23.821,23821,1,10
900,154,2,28,17:56:08,22.264,22264,1,10
900,813,1,29,17:57:57,22.847,22847,1,10
900,821,2,30,17:59:29,23.797,23797,1,10
900,18,2,32,18:02:01,22.399,22399,1,10
900,815,3,32,18:02:29,22.526,22526,1,10
900,807,2,33,18:03:36,22.933,22933,1,10
900,818,2,33,18:03:39,22.978,22978,1,10
900,4,2,35,18:06:45,21.978,21978,1,10
900,817,2,36,18:08:06,22.427,22427,1,10
900,8,2,36,18:08:30,21.825,21825,1,10
900,826,2,36,18:08:31,23.920,23920,1,10
900,825,2,37,18:09:47,22.273,22273,1,10
900,3,2,38,18:10:59,23.673,23673,1,10
900,820,2,41,18:18:13,23.493,23493,1,10
900,824,2,35,18:19:32,22.656,22656,1,10
900,822,1,10,17:24:46,34.921,34921,1,10
900,16,1,35,18:07:21,24.305,24305,1,10
900,822,2,36,18:08:28,23.117,23117,1,10
901,824,1,1,16:07:01,52.836,52836,2,18
901,818,1,2,16:07:55,45.629,45629,2,18
901,8,1,2,16:08:22,26.399,26399,2,18
901,825,1,9,16:20:38,37.116,37116,2,18
901,826,1,10,16:22:31,25.109,25109,2,18
901,821,1,10,16:22:33,29.420,29420,2,18
901,820,1,10,16:22:44,25.639,25639,2,18
901,4,1,11,16:24:00,24.466,24466,2,18
901,16,1,11,16:24:25,25.998,25998,2,18
901,828,1,11,16:24:33,30.040,30040,2,18
901,817,1,12,16:25:46,24.709,24709,2,18
901,13,1,12,16:26:05,24.637,24637,2,18
901,154,1,12,16:26:14,25.046,25046,2,18
901,20,1,13,16:27:33,24.432,24432,2,18
901,18,1,13,16:27:49,24.841,24841,2,18
901,3,1,14,16:29:15,24.723,24723,2,18
901,822,1,14,16:29:48,25.020,25020,2,18
901,1,1,15,16:30:55,24.604,24604,2,18
901,155,1,15,16:31:53,27.124,27124,2,18
901,807,1,16,16:33:07,25.336,25336,2,18
901,818,2,17,16:36:11,26.598,26598,2,18
901,8,2,18,16:37:53,24.417,24417,2,18
901,826,2,22,16:44:37,27.473,27473,2,18
901,821,2,23,16:46:42,26.325,26325,2,18
901,825,2,24,16:48:18,30.661,30661,2,18
901,16,2,24,16:48:28,25.493,25493,2,18
901,18,2,25,16:49:48,24.524,24524,2,18
901,154,2,25,16:50:09,25.596,25596,2,18
901,828,2,26,16:52:40,26.515,26515,2,18
901,4,2,27,16:53:03,24.222,24222,2,18
901,13,2,27,16:53:28,24.577,24577,2,18
901,820,2,27,16:54:31,29.210,29210,2,18
901,817,2,28,16:54:45,24.775,24775,2,18
901,822,2,29,16:57:09,24.964,24964,2,18
901,20,2,31,17:00:00,24.728,24728,2,18
901,155,2,31,17:01:26,26.505,26505,2,18
901,3,2,32,17:01:43,25.287,25287,2,18
901,1,2,33,17:03:18,25.296,25296,2,18
901,807,2,34,17:05:38,24.887,24887,2,18
901,826,3,34,17:06:44,25.289,25289,2,18
901,8,3,34,17:07:07,24.246,24246,2,18
901,828,3,38,17:15:01,26.030,26030,2,18
901,18,3,39,17:15:13,25.028,25028,2,18
901,825,3,39,17:15:37,24.415,24415,2,18
901,817,3,40,17:16:28,1:49.329,109329,2,18
901,154,3,40,17:17:34,25.735,25735,2,18
901,4,3,42,17:20:04,24.641,24641,2,18
901,820,3,41,17:20:31,27.828,27828,2,18
901,13,3,42,17:20:35,24.526,24526,2,18
901,817,4,42,17:22:17,34.697,34697,2,18
901,822,3,44,17:24:12,24.498,24498,2,18
901,817,5,44,17:26:23,34.480,34480,2,18
901,20,3,49,17:32:08,25.186,25186,2,18
901,3,3,50,17:33:47,24.654,24654,2,18
901,1,3,51,17:35:18,24.484,24484,2,18
902,818,1,1,18:06:44,33.895,33895,3,7
902,16,1,7,18:16:37,25.293,25293,3,7
902,822,1,10,18:21:24,25.040,25040,3,7
902,826,1,10,18:21:32,26.064,26064,3,7
902,824,1,10,18:21:44,25.756,25756,3,7
902,828,1,11,18:23:34,25.367,25367,3,7
902,820,1,11,18:23:35,25.858,25858,3,7
902,4,1,12,18:24:52,25.770,25770,3,7
902,821,1,12,18:25:08,25.543,25543,3,7
902,13,1,13,18:26:30,24.528,24528,3,7
902,8,1,13,18:26:37,25.009,25009,3,7
902,154,1,13,18:26:50,25.192,25192,3,7
902,824,2,13,18:27:52,29.729,29729,3,7
902,825,1,14,18:28:29,24.611,24611,3,7
902,16,2,13,18:29:29,40.747,40747,3,7
902,818,2,14,18:29:48,25.897,25897,3,7
902,807,1,15,18:29:59,24.757,24757,3,7
902,155,1,15,18:30:29,27.124,27124,3,7
902,815,1,16,18:31:38,24.697,24697,3,7
902,20,1,16,18:31:48,24.964,24964,3,7
902,18,1,17,18:33:25,24.476,24476,3,7
902,817,1,18,18:35:12,24.706,24706,3,7
902,1,1,19,18:36:24,24.687,24687,3,7
902,813,1,19,18:37:12,25.395,25395,3,7
902,824,3,18,18:37:15,18.989,18989,3,7
902,3,1,21,18:39:48,24.851,24851,3,7
902,826,2,24,18:45:46,25.340,25340,3,7
902,822,2,25,18:47:07,25.068,25068,3,7
902,825,2,25,18:47:29,24.559,24559,3,7
902,828,2,26,18:49:57,25.819,25819,3,7
902,821,2,27,18:51:10,25.633,25633,3,7
902,13,2,28,18:52:16,25.896,25896,3,7
902,4,2,28,18:52:21,24.576,24576,3,7
902,154,2,28,18:52:44,25.032,25032,3,7
902,820,2,28,18:53:21,27.233,27233,3,7
902,824,4,31,19:00:23,25.866,25866,3,7
902,8,2,33,19:01:01,25.415,25415,3,7
902,815,2,34,19:02:23,24.737,24737,3,7
902,20,2,34,19:02:35,26.186,26186,3,7
902,807,2,35,19:04:06,24.440,24440,3,7
902,18,2,35,19:04:08,25.245,25245,3,7
902,817,2,35,19:04:23,24.816,24816,3,7
902,155,2,35,19:05:19,26.628,26628,3,7
902,154,3,37,19:08:17,25.693,25693,3,7
902,13,3,38,19:09:23,24.575,24575,3,7
902,825,3,38,19:09:48,25.572,25572,3,7
902,813,2,39,19:11:30,26.440,26440,3,7
902,826,3,39,19:11:36,25.345,25345,3,7
902,822,3,40,19:12:44,25.980,25980,3,7
902,1,2,41,19:13:29,25.146,25146,3,7
902,3,2,41,19:13:42,24.907,24907,3,7
902,813,3,40,19:13:51,34.249,34249,3,7
902,820,3,40,19:14:34,25.981,25981,3,7
902,4,3,41,19:14:50,24.493,24493,3,7
902,8,3,41,19:15:09,24.453,24453,3,7
902,824,5,40,19:16:59,25.383,25383,3,7
902,813,4,47,19:27:48,32.874,32874,3,7
903,18,1,7,15:16:33,22.408,22408,17,5
903,154,1,9,15:19:58,23.213,23213,17,5
903,13,1,10,15:21:37,1:18.277,78277,17,5
903,8,1,10,15:21:45,22.994,22994,17,5
903,815,1,10,15:21:51,22.914,22914,17,5
903,828,1,10,15:22:18,23.677,23677,17,5
903,4,1,11,15:23:16,22.776,22776,17,5
903,807,1,11,15:23:24,23.438,23438,17,5
903,155,1,11,15:23:49,24.883,24883,17,5
903,813,1,11,15:23:51,24.010,24010,17,5
903,824,1,11,15:23:56,24.784,24784,17,5
903,20,1,12,15:25:00,22.570,22570,17,5
903,822,1,12,15:25:09,24.780,24780,17,5
903,820,1,12,15:25:48,23.781,23781,17,5
903,3,1,13,15:26:51,23.277,23277,17,5
903,826,1,14,15:28:56,23.521,23521,17,5
903,821,1,14,15:29:04,22.988,22988,17,5
903,817,1,15,15:30:17,23.186,23186,17,5
903,818,1,15,15:30:46,24.119,24119,17,5
903,1,1,17,15:33:31,22.968,22968,17,5
903,825,1,17,15:34:28,23.670,23670,17,5
903,821,2,27,15:52:18,23.252,23252,17,5
903,828,2,27,15:53:08,23.730,23730,17,5
903,18,2,28,15:53:59,22.548,22548,17,5
903,824,2,28,15:54:28,24.320,24320,17,5
903,815,2,30,15:57:11,23.636,23636,17,5
903,155,2,30,15:57:59,25.402,25402,17,5
903,807,2,31,15:58:34,22.764,22764,17,5
903,822,2,31,15:58:35,23.639,23639,17,5
903,8,2,31,15:58:50,23.291,23291,17,5
903,826,2,31,15:59:08,23.628,23628,17,5
903,825,2,31,15:59:19,22.579,22579,17,5
903,13,2,31,15:59:50,23.830,23830,17,5
903,818,2,32,16:00:58,24.417,24417,17,5
903,813,2,32,16:01:12,23.022,23022,17,5
903,4,2,33,16:01:40,22.947,22947,17,5
903,820,2,32,16:01:49,23.878,23878,17,5
903,20,2,34,16:03:40,22.246,22246,17,5
903,3,2,37,16:08:37,23.089,23089,17,5
903,817,2,37,16:08:42,22.498,22498,17,5
903,1,2,38,16:09:59,23.999,23999,17,5
903,821,3,40,16:15:29,22.734,22734,17,5
903,155,3,40,16:15:53,24.722,24722,17,5
903,828,3,42,16:20:02,23.969,23969,17,5
903,820,3,48,16:30:26,23.886,23886,17,5
904,20,1,12,14:22:29,21.974,21974,4,109
904,817,1,14,14:25:18,21.969,21969,4,109
904,154,1,15,14:26:57,22.126,22126,4,109
904,13,1,15,14:27:02,22.890,22890,4,109
904,813,1,15,14:27:21,27.851,27851,4,109
904,4,1,16,14:28:34,21.970,21970,4,109
904,818,1,16,14:28:57,22.976,22976,4,109
904,8,1,17,14:30:07,22.056,22056,4,109
904,807,1,17,14:30:13,22.355,22355,4,109
904,18,1,17,14:30:19,21.810,21810,4,109
904,16,1,17,14:30:29,28.013,28013,4,109
904,820,1,17,14:30:46,24.337,24337,4,109
904,1,1,18,14:31:07,22.951,22951,4,109
904,815,1,18,14:31:48,22.367,22367,4,109
904,826,1,18,14:31:51,22.703,22703,4,109
904,821,1,18,14:32:02,23.063,23063,4,109
904,828,1,18,14:32:30,23.091,23091,4,109
904,825,1,19,14:33:31,21.894,21894,4,109
904,822,1,20,14:34:39,22.824,22824,4,109
904,3,1,21,14:35:43,22.254,22254,4,109
904,824,1,21,14:37:01,22.928,22928,4,109
904,155,1,23,14:40:18,22.789,22789,4,109
904,13,2,28,14:47:33,22.381,22381,4,109
904,820,2,31,14:53:03,23.232,23232,4,109
904,20,2,33,14:55:18,21.599,21599,4,109
904,154,2,34,14:56:49,22.078,22078,4,109
904,4,2,35,14:58:14,22.014,22014,4,109
904,16,2,35,14:58:53,23.378,23378,4,109
904,807,2,36,14:59:56,22.724,22724,4,109
904,18,2,36,15:00:01,24.408,24408,4,109
904,826,2,36,15:00:07,22.841,22841,4,109
904,821,2,36,15:00:25,24.780,24780,4,109
904,815,2,37,15:01:31,22.282,22282,4,109
904,813,2,37,15:01:54,22.024,22024,4,109
904,828,2,40,15:07:44,26.671,26671,4,109
904,825,2,41,15:07:56,21.768,21768,4,109
904,824,2,41,15:08:45,22.568,22568,4,109
904,1,2,43,15:09:35,23.590,23590,4,109
904,8,2,43,15:10:34,22.727,22727,4,109
904,820,3,42,15:10:46,23.586,23586,4,109
904,3,2,45,15:12:42,22.309,22309,4,109
904,817,2,45,15:13:16,21.830,21830,4,109
904,822,2,45,15:13:31,22.701,22701,4,109
904,13,3,46,15:15:37,22.304,22304,4,109
904,20,3,52,15:24:24,21.608,21608,4,109
904,821,3,52,15:25:31,23.025,23025,4,109
904,4,3,53,15:25:53,21.664,21664,4,109
904,826,3,53,15:26:38,22.984,22984,4,109
905,154,1,1,14:04:54,26.312,26312,6,7
905,16,1,1,14:04:55,33.207,33207,6,7
905,20,1,4,14:10:25,1:06.065,66065,6,7
905,154,2,23,14:37:00,25.029,25029,6,7
905,820,1,24,14:38:19,33.074,33074,6,7
905,18,1,25,14:38:59,25.992,25992,6,7
905,821,1,25,14:39:10,25.906,25906,6,7
905,155,1,25,14:39:30,25.421,25421,6,7
905,824,1,25,14:39:30,32.658,32658,6,7
905,3,1,26,14:39:54,24.672,24672,6,7
905,1,1,26,14:40:01,27.509,27509,6,7
905,828,1,25,14:40:02,28.091,28091,6,7
905,8,1,26,14:40:06,25.282,25282,6,7
905,817,1,26,14:40:07,26.584,26584,6,7
905,4,1,26,14:40:12,26.499,26499,6,7
905,825,1,26,14:40:29,28.943,28943,6,7
905,818,1,26,14:40:32,25.444,25444,6,7
905,807,1,26,14:40:36,25.714,25714,6,7
905,822,1,26,14:40:41,25.595,25595,6,7
905,8,2,28,14:44:21,25.684,25684,6,7
905,820,2,27,14:44:22,37.352,37352,6,7
905,818,2,37,14:57:54,19.385,19385,6,7
905,13,1,45,15:08:42,24.264,24264,6,7
905,828,2,51,15:17:37,25.585,25585,6,7
905,155,2,62,15:34:01,25.116,25116,6,7
905,820,3,66,15:40:58,26.137,26137,6,7
905,8,3,73,15:47:37,31.896,31896,6,7
906,821,1,1,14:05:32,24.370,24370,7,13
906,821,2,2,14:07:36,24.768,24768,7,13
906,154,1,11,14:23:03,23.943,23943,7,13
906,817,1,13,14:25:36,23.606,23606,7,13
906,822,1,14,14:26:56,23.448,23448,7,13
906,18,1,14,14:27:05,23.493,23493,7,13
906,20,1,15,14:28:14,23.904,23904,7,13
906,13,1,15,14:28:20,27.949,27949,7,13
906,818,1,15,14:28:22,24.433,24433,7,13
906,825,1,15,14:28:30,23.479,23479,7,13
906,16,1,15,14:28:33,23.703,23703,7,13
906,4,1,16,14:29:44,23.932,23932,7,13
906,8,1,17,14:31:08,23.925,23925,7,13
906,3,1,18,14:32:06,23.882,23882,7,13
906,1,1,19,14:33:29,24.417,24417,7,13
906,826,1,29,14:47:47,25.235,25235,7,13
906,821,3,32,14:52:08,24.403,24403,7,13
906,815,1,34,14:54:04,23.907,23907,7,13
906,822,2,35,14:55:26,24.491,24491,7,13
906,20,2,36,14:56:46,23.340,23340,7,13
906,817,2,37,14:58:06,23.274,23274,7,13
906,18,2,38,14:59:46,25.050,25050,7,13
906,818,2,39,15:01:02,23.975,23975,7,13
906,8,2,39,15:01:06,24.221,24221,7,13
906,16,2,40,15:02:56,24.068,24068,7,13
906,807,1,41,15:03:27,23.902,23902,7,13
906,3,2,44,15:07:09,25.102,25102,7,13
906,4,2,44,15:07:33,23.790,23790,7,13
906,1,2,45,15:08:31,23.554,23554,7,13
906,825,2,45,15:09:13,23.907,23907,7,13
906,154,2,46,15:10:53,23.856,23856,7,13
906,826,2,46,15:10:54,25.698,25698,7,13
906,13,2,48,15:12:49,24.012,24012,7,13
907,154,1,3,14:07:00,21.884,21884,70,678
907,818,1,8,14:13:14,22.232,22232,70,678
907,807,1,9,14:14:26,21.920,21920,70,678
907,825,1,10,14:15:40,21.670,21670,70,678
907,826,1,10,14:15:42,21.906,21906,70,678
907,817,1,10,14:15:42,21.467,21467,70,678
907,3,1,11,14:16:41,21.474,21474,70,678
907,16,1,11,14:17:03,22.960,22960,70,678
907,821,1,12,14:18:21,55.222,55222,70,678
907,1,1,13,14:19:10,22.226,22226,70,678
907,13,1,14,14:20:24,21.896,21896,70,678
907,4,1,14,14:20:35,21.234,21234,70,678
907,155,1,14,14:21:00,22.480,22480,70,678
907,822,1,15,14:21:40,21.133,21133,70,678
907,8,1,15,14:22:00,21.914,21914,70,678
907,20,1,20,14:29:37,21.381,21381,70,678
907,821,2,21,14:30:35,29.067,29067,70,678
907,813,1,26,14:36:02,23.343,23343,70,678
907,18,1,27,14:37:01,21.505,21505,70,678
907,154,2,27,14:37:37,24.212,24212,70,678
907,828,1,28,14:39:03,23.177,23177,70,678
907,815,1,29,14:39:23,23.770,23770,70,678
907,20,2,28,14:39:56,29.844,29844,70,678
907,820,1,37,14:50:48,22.977,22977,70,678
907,1,2,39,14:51:40,22.555,22555,70,678
907,807,2,39,14:52:03,22.246,22246,70,678
907,818,2,39,14:52:32,22.374,22374,70,678
907,3,2,40,14:52:50,21.664,21664,70,678
907,825,2,40,14:53:16,21.882,21882,70,678
907,822,2,41,14:54:08,22.208,22208,70,678
907,824,1,40,14:54:11,24.452,24452,70,678
907,13,2,43,14:56:41,22.096,22096,70,678
907,817,2,43,14:57:02,21.398,21398,70,678
907,16,2,43,14:57:38,22.449,22449,70,678
907,828,2,43,14:58:18,25.178,25178,70,678
907,8,2,44,14:58:20,21.618,21618,70,678
907,821,3,45,15:01:17,22.530,22530,70,678
907,4,2,47,15:01:38,21.276,21276,70,678
907,815,2,55,15:11:39,21.960,21960,70,678
907,813,2,56,15:13:32,22.612,22612,70,678
907,18,2,58,15:15:32,21.242,21242,70,678
908,820,2,2,14:09:26,23.154,23154,9,153
908,20,1,10,14:20:59,28.558,28558,9,153
908,826,1,14,14:27:58,28.700,28700,9,153
908,817,1,15,14:29:30,28.483,28483,9,153
908,3,1,18,14:33:49,28.329,28329,9,153
908,155,1,18,14:35:28,29.507,29507,9,153
908,16,1,23,14:43:21,29.956,29956,9,153
908,1,1,24,14:43:45,29.679,29679,9,153
908,4,1,25,14:46:13,34.410,34410,9,153
908,815,1,26,14:48:38,29.599,29599,9,153
908,813,1,26,14:48:44,28.831,28831,9,153
908,825,1,27,14:49:39,28.745,28745,9,153
908,818,1,27,14:50:07,30.218,30218,9,153
908,18,1,28,14:51:14,28.645,28645,9,153
908,807,1,29,14:53:24,29.579,29579,9,153
908,824,1,29,14:54:00,30.353,30353,9,153
908,155,2,29,14:54:55,29.540,29540,9,153
908,154,1,30,14:55:23,29.710,29710,9,153
908,822,1,31,14:55:58,29.104,29104,9,153
908,820,3,29,14:56:02,29.737,29737,9,153
908,20,2,33,14:59:34,28.787,28787,9,153
908,826,2,35,15:03:28,28.575,28575,9,153
908,1,2,41,15:12:01,29.291,29291,9,153
909,825,1,1,14:05:24,25.859,25859,10,103
909,828,1,3,14:08:42,27.495,27495,10,103
909,826,1,9,14:17:06,20.313,20313,10,103
909,4,1,12,14:20:59,19.174,19174,10,103
909,18,1,13,14:22:30,22.604,22604,10,103
909,817,1,13,14:22:38,19.050,19050,10,103
909,818,1,13,14:22:39,20.274,20274,10,103
909,20,1,14,14:23:46,19.607,19607,10,103
909,807,1,14,14:23:52,19.564,19564,10,103
909,815,1,14,14:24:04,21.802,21802,10,103
909,821,1,14,14:24:08,21.002,21002,10,103
909,3,1,15,14:24:57,20.055,20055,10,103
909,822,1,15,14:25:07,20.115,20115,10,103
909,155,1,15,14:25:55,20.121,20121,10,103
909,16,1,16,14:26:55,20.031,20031,10,103
909,820,1,16,14:27:18,23.883,23883,10,103
909,813,1,18,14:29:48,19.099,19099,10,103
909,828,2,18,14:30:40,19.890,19890,10,103
909,8,1,20,14:32:31,19.737,19737,10,103
909,824,1,20,14:32:49,20.031,20031,10,103
909,154,1,24,14:38:27,18.928,18928,10,103
909,1,1,26,14:40:40,19.710,19710,10,103
909,825,2,29,14:45:25,19.135,19135,10,103
909,18,2,31,14:47:51,18.916,18916,10,103
909,821,2,31,14:48:20,23.305,23305,10,103
909,16,2,32,14:49:41,19.638,19638,10,103
909,826,2,32,14:49:52,20.251,20251,10,103
909,155,2,32,14:50:24,20.092,20092,10,103
909,820,2,32,14:50:27,20.920,20920,10,103
909,4,2,33,14:50:28,19.032,19032,10,103
909,20,2,34,14:51:49,19.061,19061,10,103
909,8,2,34,14:52:22,19.867,19867,10,103
909,815,2,34,14:52:29,19.843,19843,10,103
909,817,2,35,14:53:27,19.358,19358,10,103
909,818,2,37,14:56:42,26.711,26711,10,103
909,813,2,38,14:58:08,19.126,19126,10,103
909,807,2,39,14:59:03,19.514,19514,10,103
909,822,2,40,14:59:58,20.206,20206,10,103
909,3,2,41,15:01:08,20.257,20257,10,103
909,1,2,42,15:02:54,19.918,19918,10,103
909,828,3,41,15:03:48,20.423,20423,10,103
909,20,3,45,15:07:09,18.879,18879,10,103
909,824,2,45,15:08:29,20.575,20575,10,103
909,817,3,46,15:08:49,18.868,18868,10,103
909,16,3,47,15:10:49,20.424,20424,10,103
909,820,3,47,15:11:56,20.632,20632,10,103
909,155,3,48,15:13:19,20.358,20358,10,103
909,818,3,49,15:13:46,20.431,20431,10,103
909,1,3,50,15:13:58,19.868,19868,10,103
909,821,3,50,15:15:08,19.779,19779,10,103
909,815,3,52,15:17:42,19.932,19932,10,103
909,825,3,53,15:18:59,19.427,19427,10,103
909,8,3,53,15:19:04,19.740,19740,10,103
909,4,3,55,15:21:01,19.308,19308,10,103
909,18,3,61,15:29:41,19.221,19221,10,103
910,18,1,8,14:17:29,26.737,26737,11,264
910,817,1,8,14:17:30,22.205,22205,11,264
910,807,1,8,14:17:33,24.040,24040,11,264
910,13,1,8,14:17:38,22.851,22851,11,264
910,818,1,8,14:17:39,23.809,23809,11,264
910,815,1,8,14:17:44,25.535,25535,11,264
910,821,1,8,14:17:46,24.050,24050,11,264
910,16,1,8,14:17:48,31.956,31956,11,264
910,1,1,8,14:17:49,23.800,23800,11,264
910,8,1,8,14:17:51,23.214,23214,11,264
910,154,1,8,14:17:53,23.979,23979,11,264
910,826,1,8,14:17:58,23.423,23423,11,264
910,155,1,8,14:18:04,34.086,34086,11,264
910,820,1,8,14:18:13,24.625,24625,11,264
910,813,1,8,14:18:14,22.376,22376,11,264
910,3,1,9,14:19:36,22.827,22827,11,264
910,822,1,9,14:19:37,25.497,25497,11,264
910,20,1,9,14:19:37,22.170,22170,11,264
910,4,1,9,14:19:38,22.253,22253,11,264
910,824,1,9,14:19:52,22.892,22892,11,264
910,18,2,15,14:32:05,22.807,22807,11,264
910,825,1,15,14:32:11,23.546,23546,11,264
910,813,2,17,14:35:49,32.608,32608,11,264
910,824,2,17,14:35:56,25.504,25504,11,264
910,817,2,23,14:44:24,23.741,23741,11,264
910,13,2,23,14:44:30,22.111,22111,11,264
910,822,2,23,14:44:48,22.518,22518,11,264
910,826,2,30,14:57:13,22.202,22202,11,264
910,3,2,32,15:00:00,23.864,23864,11,264
910,20,2,33,15:01:35,21.608,21608,11,264
910,818,2,34,15:03:00,23.123,23123,11,264
910,18,3,37,15:07:38,22.211,22211,11,264
910,4,2,38,15:08:47,21.634,21634,11,264
910,1,2,39,15:10:18,23.364,23364,11,264
910,16,2,39,15:10:43,22.500,22500,11,264
910,825,2,39,15:10:44,21.812,21812,11,264
910,8,2,41,15:13:31,22.154,22154,11,264
910,824,3,42,15:15:42,24.226,24226,11,264
910,813,3,43,15:16:53,21.818,21818,11,264
910,13,3,45,15:19:26,22.278,22278,11,264
910,820,2,45,15:20:20,23.232,23232,11,264
910,817,3,54,15:32:30,22.273,22273,11,264
910,3,3,56,15:35:44,22.001,22001,11,264
910,822,3,59,15:40:29,22.589,22589,11,264
911,154,1,1,14:06:17,29.256,29256,13,401
911,824,1,1,14:06:49,25.362,25362,13,401
911,1,1,2,14:08:41,25.580,25580,13,401
911,3,1,8,14:19:40,29.997,29997,13,401
911,8,1,8,14:19:44,22.858,22858,13,401
911,815,1,9,14:21:49,24.104,24104,13,401
911,13,1,9,14:21:55,23.945,23945,13,401
911,20,1,10,14:23:35,22.800,22800,13,401
911,826,1,10,14:23:49,24.082,24082,13,401
911,807,1,10,14:23:52,23.823,23823,13,401
911,817,1,11,14:25:27,22.913,22913,13,401
911,825,1,11,14:25:37,23.115,23115,13,401
911,16,1,11,14:25:53,23.755,23755,13,401
911,828,1,11,14:26:12,24.083,24083,13,401
911,820,1,11,14:26:13,23.734,23734,13,401
911,822,1,12,14:27:28,22.769,22769,13,401
911,4,1,12,14:27:29,28.920,28920,13,401
911,18,1,13,14:29:34,22.800,22800,13,401
911,154,2,13,14:30:15,22.838,22838,13,401
911,821,1,14,14:31:51,23.259,23259,13,401
911,818,1,15,14:33:42,23.571,23571,13,401
911,1,2,17,14:38:06,23.066,23066,13,401
911,3,2,19,14:41:14,22.936,22936,13,401
911,8,2,21,14:44:58,22.819,22819,13,401
911,13,2,21,14:45:39,24.083,24083,13,401
911,16,2,21,14:45:40,23.779,23779,13,401
911,20,2,22,14:46:57,22.731,22731,13,401
911,815,2,22,14:47:17,22.977,22977,13,401
911,825,2,23,14:49:03,22.414,22414,13,401
911,824,2,23,14:50:34,23.918,23918,13,401
911,826,2,24,14:51:10,24.436,24436,13,401
911,828,2,24,14:52:11,24.213,24213,13,401
911,4,2,25,14:52:56,22.974,22974,13,401
911,817,2,27,14:56:18,22.675,22675,13,401
911,154,3,27,14:57:40,24.569,24569,13,401
911,822,2,28,14:58:29,23.176,23176,13,401
911,18,2,29,15:00:43,22.588,22588,13,401
911,818,2,29,15:01:07,23.202,23202,13,401
911,820,2,29,15:02:05,24.873,24873,13,401
911,807,2,30,15:02:51,23.841,23841,13,401
911,821,2,30,15:03:10,22.898,22898,13,401
911,1,3,31,15:05:18,24.757,24757,13,401
911,3,3,34,15:09:54,23.392,23392,13,401
911,20,3,34,15:10:16,23.190,23190,13,401
911,16,3,34,15:10:53,23.732,23732,13,401
911,13,3,35,15:12:42,23.224,23224,13,401
912,821,1,9,14:17:44,26.376,26376,14,162
912,20,1,18,14:31:00,25.176,25176,14,162
912,815,1,19,14:32:34,24.938,24938,14,162
912,807,1,19,14:32:44,25.547,25547,14,162
912,8,1,20,14:34:06,24.547,24547,14,162
912,154,1,20,14:34:42,25.098,25098,14,162
912,825,1,21,14:35:33,24.214,24214,14,162
912,4,1,21,14:35:34,24.913,24913,14,162
912,813,1,21,14:35:52,24.223,24223,14,162
912,18,1,22,14:37:04,24.669,24669,14,162
912,155,1,22,14:37:42,25.277,25277,14,162
912,13,1,23,14:38:19,24.323,24323,14,162
912,3,1,24,14:39:36,24.583,24583,14,162
912,822,1,24,14:40:01,24.991,24991,14,162
912,818,1,24,14:40:20,25.046,25046,14,162
912,16,1,24,14:40:40,26.864,26864,14,162
912,1,1,25,14:41:07,24.453,24453,14,162
912,817,1,26,14:43:11,24.388,24388,14,162
912,824,1,27,14:45:35,26.641,26641,14,162
912,826,1,30,14:49:25,24.651,24651,14,162
912,828,1,30,14:50:45,28.685,28685,14,162
912,821,2,36,14:59:03,25.693,25693,14,162
912,821,3,49,15:19:29,26.849,26849,14,162
913,818,2,24,20:50:42,35.309,35309,15,18
913,16,2,24,20:51:16,29.748,29748,15,18
913,20,2,25,20:52:01,28.733,28733,15,18
913,8,2,25,20:52:18,29.164,29164,15,18
913,807,2,25,20:52:46,29.362,29362,15,18
913,1,2,26,20:53:42,31.040,31040,15,18
913,825,2,26,20:54:35,28.841,28841,15,18
913,817,2,27,20:55:55,29.113,29113,15,18
913,815,2,29,21:00:56,29.502,29502,15,18
913,154,3,30,21:02:56,29.761,29761,15,18
913,813,3,30,21:03:14,29.363,29363,15,18
913,815,3,30,21:03:37,35.289,35289,15,18
913,824,2,30,21:03:38,29.885,29885,15,18
913,4,3,31,21:04:03,28.991,28991,15,18
913,828,2,30,21:04:09,30.364,30364,15,18
913,18,2,31,21:04:39,28.627,28627,15,18
913,8,3,31,21:04:42,30.194,30194,15,18
913,807,3,31,21:05:18,30.415,30415,15,18
913,16,3,31,21:06:15,30.672,30672,15,18
913,813,4,31,21:06:18,29.655,29655,15,18
913,820,3,41,21:28:56,29.877,29877,15,18
913,826,3,43,21:32:14,31.092,31092,15,18
913,818,3,44,21:34:02,30.111,30111,15,18
913,815,4,44,21:34:11,29.339,29339,15,18
913,824,3,45,21:36:16,29.752,29752,15,18
913,825,3,46,21:37:54,28.706,28706,15,18
913,1,3,52,21:48:32,29.284,29284,15,18
913,16,1,8,20:19:52,29.887,29887,15,18
913,807,1,9,20:21:39,29.987,29987,15,18
913,13,1,10,20:23:21,29.578,29578,15,18
913,826,1,10,20:23:35,30.089,30089,15,18
913,154,1,10,20:23:40,29.322,29322,15,18
913,8,1,11,20:25:15,29.702,29702,15,18
913,822,1,11,20:25:21,30.340,30340,15,18
913,818,1,11,20:25:26,29.806,29806,15,18
913,813,1,11,20:25:40,29.960,29960,15,18
913,20,1,12,20:26:56,30.147,30147,15,18
913,4,1,12,20:27:01,28.912,28912,15,18
913,817,1,12,20:27:04,29.761,29761,15,18
913,828,1,12,20:28:03,30.144,30144,15,18
913,1,1,13,20:28:41,29.422,29422,15,18
913,825,1,13,20:29:15,28.684,28684,15,18
913,18,1,14,20:31:07,28.641,28641,15,18
913,815,1,15,20:33:27,29.979,29979,15,18
913,821,1,15,20:33:38,33.679,33679,15,18
913,824,1,15,20:33:44,30.413,30413,15,18
913,820,1,16,20:36:06,30.751,30751,15,18
913,820,2,18,20:40:34,37.975,37975,15,18
913,13,2,22,20:46:35,29.006,29006,15,18
913,154,2,22,20:47:09,29.040,29040,15,18
913,822,2,23,20:48:37,28.880,28880,15,18
913,826,2,23,20:49:04,30.188,30188,15,18
913,813,2,23,20:49:20,29.036,29036,15,18
913,4,2,24,20:50:06,28.810,28810,15,18
914,3,1,2,15:06:10,18:56.516,1136516,22,45
914,1,1,2,15:06:11,18:57.295,1137295,22,45
914,822,1,2,15:06:13,18:56.994,1136994,22,45
914,13,1,2,15:06:15,18:56.594,1136594,22,45
914,4,1,2,15:06:17,18:57.051,1137051,22,45
914,817,1,2,15:06:20,18:55.520,1135520,22,45
914,825,1,2,15:06:21,18:55.891,1135891,22,45
914,18,1,2,15:06:23,18:56.054,1136054,22,45
914,20,1,2,15:06:26,18:54.978,1134978,22,45
914,8,1,2,15:06:28,18:55.276,1135276,22,45
914,815,1,2,15:06:30,18:55.712,1135712,22,45
914,826,1,2,15:06:33,18:54.529,1134529,22,45
914,807,1,2,15:06:35,18:56.562,1136562,22,45
914,16,1,2,15:06:37,18:55.797,1135797,22,45
914,821,1,2,15:06:39,18:54.553,1134553,22,45
914,154,1,2,15:06:42,18:53.680,1133680,22,45
914,824,1,2,15:06:44,18:53.708,1133708,22,45
914,155,1,2,15:06:47,18:53.381,1133381,22,45
914,818,1,2,15:06:50,18:56.557,1136557,22,45
914,820,1,2,15:06:52,18:55.937,1135937,22,45
914,813,1,2,15:07:03,18:47.145,1127145,22,45
914,828,1,2,15:07:18,18:33.851,1113851,22,45
914,18,2,9,15:44:19,24.532,24532,22,45
914,813,2,9,15:44:28,25.460,25460,22,45
914,822,2,11,15:48:14,24.465,24465,22,45
914,817,2,11,15:48:16,24.184,24184,22,45
914,825,2,11,15:48:17,24.550,24550,22,45
914,8,2,11,15:48:20,25.191,25191,22,45
914,815,2,11,15:48:20,24.971,24971,22,45
914,826,2,11,15:48:22,24.567,24567,22,45
914,821,2,11,15:48:25,24.873,24873,22,45
914,154,2,11,15:48:26,24.011,24011,22,45
914,155,2,11,15:48:28,28.656,28656,22,45
914,818,2,11,15:48:29,25.451,25451,22,45
914,828,2,11,15:48:34,31.187,31187,22,45
914,820,2,11,15:48:36,25.879,25879,22,45
914,13,2,12,15:50:12,24.374,24374,22,45
914,20,2,12,15:50:13,23.764,23764,22,45
914,807,2,12,15:50:17,24.696,24696,22,45
914,16,2,12,15:50:21,25.136,25136,22,45
914,3,2,13,15:51:49,23.696,23696,22,45
914,824,2,13,15:52:24,25.116,25116,22,45
914,1,2,14,15:53:43,23.891,23891,22,45
914,825,3,15,15:56:34,33.215,33215,22,45
914,818,3,19,16:04:37,24.353,24353,22,45
914,154,3,21,16:08:25,23.656,23656,22,45
914,16,3,22,16:10:19,24.407,24407,22,45
914,813,3,22,16:10:28,24.184,24184,22,45
914,8,3,23,16:12:06,32.466,32466,22,45
914,826,3,23,16:12:08,24.222,24222,22,45
914,820,3,23,16:12:57,25.278,25278,22,45
914,824,3,24,16:14:29,24.910,24910,22,45
914,815,3,25,16:16:02,24.622,24622,22,45
914,828,3,25,16:16:32,25.977,25977,22,45
914,807,3,26,16:17:49,23.873,23873,22,45
914,155,3,26,16:18:42,25.635,25635,22,45
914,20,3,29,16:22:58,23.443,23443,22,45
914,18,3,31,16:26:40,28.547,28547,22,45
914,16,4,32,16:30:14,24.314,24314,22,45
914,3,3,33,16:30:17,24.862,24862,22,45
914,825,4,33,16:32:03,23.701,23701,22,45
914,821,3,34,16:33:51,26.943,26943,22,45
914,8,4,34,16:33:52,24.173,24173,22,45
914,154,4,34,16:33:58,23.745,23745,22,45
914,1,3,35,16:34:00,23.677,23677,22,45
914,817,3,36,16:36:14,25.607,25607,22,45
914,13,3,37,16:39:03,24.930,24930,22,45
914,822,3,38,16:40:55,25.052,25052,22,45
914,155,4,38,16:42:35,25.576,25576,22,45
914,826,4,39,16:43:18,26.554,26554,22,45
914,828,4,39,16:44:06,25.655,25655,22,45
914,155,5,39,16:45:03,24.907,24907,22,45
914,813,4,40,16:45:34,25.981,25981,22,45
914,825,5,40,16:45:43,24.361,24361,22,45
914,18,4,42,16:48:03,24.757,24757,22,45
914,807,4,43,16:51:01,24.792,24792,22,45
914,815,4,43,16:51:21,25.313,25313,22,45
914,8,5,43,16:51:48,24.768,24768,22,45
914,154,5,43,16:52:21,23.785,23785,22,45
915,3,1,1,15:05:38,33.820,33820,71,2
915,13,1,1,15:05:45,29.912,29912,71,2
915,820,1,4,15:11:25,31.374,31374,71,2
915,817,1,11,15:23:27,30.006,30006,71,2
915,16,1,12,15:25:38,30.733,30733,71,2
915,826,1,20,15:39:18,31.584,31584,71,2
915,154,1,20,15:39:40,30.037,30037,71,2
915,813,1,21,15:41:54,30.180,30180,71,2
915,18,1,22,15:42:24,29.994,29994,71,2
915,818,1,23,15:44:29,30.272,30272,71,2
915,807,1,24,15:46:32,30.096,30096,71,2
915,4,1,25,15:47:40,35.112,35112,71,2
915,815,1,25,15:48:06,29.876,29876,71,2
915,822,1,26,15:49:13,30.363,30363,71,2
915,825,1,26,15:49:27,29.736,29736,71,2
915,8,1,26,15:49:44,30.097,30097,71,2
915,1,1,27,15:50:40,30.503,30503,71,2
915,13,2,27,15:51:39,30.278,30278,71,2
915,828,1,27,15:52:14,31.020,31020,71,2
915,20,1,30,15:56:37,30.355,30355,71,2
915,826,2,37,16:09:35,30.321,30321,71,2
915,821,1,39,16:12:57,30.303,30303,71,2
915,828,2,43,16:21:18,30.760,30760,71,2
916,825,1,1,14:05:26,26.881,26881,69,161
916,807,1,1,14:05:32,33.427,33427,69,161
916,18,1,1,14:05:32,26.806,26806,69,161
916,821,1,1,14:05:34,25.007,25007,69,161
916,20,1,1,14:05:37,24.226,24226,69,161
916,20,2,2,14:08:25,23.909,23909,69,161
916,13,1,14,14:30:44,24.488,24488,69,161
916,817,1,14,14:30:46,24.040,24040,69,161
916,3,1,15,14:32:19,24.433,24433,69,161
916,822,1,15,14:32:30,24.151,24151,69,161
916,813,1,15,14:32:45,29.734,29734,69,161
916,818,1,15,14:32:46,30.158,30158,69,161
916,1,1,16,14:34:07,24.368,24368,69,161
916,4,1,16,14:34:26,24.601,24601,69,161
916,154,1,16,14:34:33,24.688,24688,69,161
916,8,1,17,14:36:16,24.131,24131,69,161
916,821,2,20,14:42:01,31.198,31198,69,161
916,826,1,21,14:43:32,24.995,24995,69,161
916,20,3,26,14:52:33,23.799,23799,69,161
916,825,2,27,14:54:14,24.497,24497,69,161
916,18,2,28,14:56:05,23.546,23546,69,161
916,154,2,29,14:57:45,23.802,23802,69,161
916,818,2,29,14:57:50,24.553,24553,69,161
916,822,2,30,14:58:59,24.283,24283,69,161
916,817,2,31,15:00:38,24.356,24356,69,161
916,13,2,32,15:02:21,25.456,25456,69,161
916,1,2,33,15:03:57,24.244,24244,69,161
916,3,2,34,15:05:43,24.513,24513,69,161
916,813,2,35,15:08:22,24.468,24468,69,161
916,821,3,40,15:17:42,24.726,24726,69,161
916,826,2,41,15:18:59,24.189,24189,69,161
916,8,2,42,15:20:41,23.872,23872,69,161
916,4,2,43,15:22:10,24.133,24133,69,161
916,20,4,48,15:31:17,23.948,23948,69,161
916,826,3,51,15:36:52,26.541,26541,69,161
916,8,3,52,15:38:29,24.226,24226,69,161
917,813,1,4,14:08:39,23.753,23753,18,785
917,13,1,5,14:09:42,23.220,23220,18,785
917,815,1,5,14:09:55,23.467,23467,18,785
917,822,1,6,14:11:00,23.294,23294,18,785
917,18,1,6,14:11:00,23.018,23018,18,785
917,20,1,6,14:11:07,23.808,23808,18,785
917,3,1,7,14:12:10,23.730,23730,18,785
917,825,1,7,14:12:21,23.061,23061,18,785
917,4,1,7,14:12:23,23.278,23278,18,785
917,817,1,7,14:12:24,23.141,23141,18,785
917,1,1,8,14:13:27,23.351,23351,18,785
917,821,1,8,14:13:43,23.661,23661,18,785
917,8,1,8,14:13:44,23.427,23427,18,785
917,818,1,9,14:15:04,23.782,23782,18,785
917,807,1,16,14:24:01,23.554,23554,18,785
917,826,1,18,14:26:39,25.001,25001,18,785
917,16,1,18,14:26:52,29.465,29465,18,785
917,20,2,24,14:34:28,23.195,23195,18,785
917,154,1,24,14:34:30,25.591,25591,18,785
917,13,2,25,14:35:32,30.084,30084,18,785
917,815,2,25,14:35:57,22.997,22997,18,785
917,3,2,26,14:36:33,23.346,23346,18,785
917,822,2,26,14:36:50,35.284,35284,18,785
917,825,2,26,14:36:58,24.190,24190,18,785
917,18,2,27,14:38:10,22.620,22620,18,785
917,817,2,27,14:38:18,22.871,22871,18,785
917,821,2,27,14:38:26,24.267,24267,18,785
917,818,2,27,14:38:30,24.408,24408,18,785
917,813,2,27,14:38:36,22.865,22865,18,785
917,1,2,28,14:39:09,24.224,24224,18,785
917,4,2,28,14:39:32,23.134,23134,18,785
917,8,2,35,14:48:30,27.934,27934,18,785
917,807,2,36,14:49:47,23.323,23323,18,785
917,826,2,38,14:52:30,24.385,24385,18,785
917,16,2,39,14:54:06,24.302,24302,18,785
917,154,2,40,14:55:19,23.023,23023,18,785
917,822,3,42,14:57:48,26.463,26463,18,785
917,813,3,45,15:01:47,23.090,23090,18,785
917,818,3,46,15:03:02,24.002,24002,18,785
917,825,3,47,15:03:59,24.131,24131,18,785
917,815,3,47,15:04:19,30.067,30067,18,785
917,20,3,48,15:05:05,22.746,22746,18,785
917,821,3,48,15:05:32,23.418,23418,18,785
917,3,3,50,15:06:59,23.240,23240,18,785
917,16,3,49,15:07:08,24.853,24853,18,785
917,13,3,50,15:07:25,26.918,26918,18,785
917,18,3,50,15:07:33,23.383,23383,18,785
917,1,3,51,15:08:16,22.874,22874,18,785
917,4,3,52,15:10:12,23.077,23077,18,785
917,826,3,59,15:19:23,24.726,24726,18,785
917,154,3,59,15:19:41,23.197,23197,18,785
917,807,3,60,15:20:21,23.411,23411,18,785
918,154,1,1,17:05:39,16.120,16120,24,3
918,4,1,5,17:12:48,21.619,21619,24,3
918,16,1,5,17:13:03,22.491,22491,24,3
918,18,1,6,17:14:36,22.627,22627,24,3
918,826,1,6,17:14:38,24.169,24169,24,3
918,8,1,6,17:14:41,21.546,21546,24,3
918,821,1,7,17:16:39,23.128,23128,24,3
918,813,1,7,17:16:42,21.998,21998,24,3
918,154,2,8,17:18:40,21.699,21699,24,3
918,1,1,10,17:21:35,21.885,21885,24,3
918,822,1,10,17:21:52,21.661,21661,24,3
918,3,1,11,17:23:26,21.741,21741,24,3
918,13,1,13,17:27:05,22.054,22054,24,3
918,818,1,13,17:27:37,22.919,22919,24,3
918,815,1,14,17:29:24,22.031,22031,24,3
918,829,1,14,17:30:04,24.144,24144,24,3
918,807,1,15,17:31:09,27.445,27445,24,3
918,155,1,15,17:31:40,24.421,24421,24,3
918,825,1,21,17:42:16,22.087,22087,24,3
918,20,1,21,17:42:18,23.094,23094,24,3
918,154,3,21,17:42:47,21.574,21574,24,3
918,16,2,22,17:44:35,22.277,22277,24,3
918,8,2,26,17:51:27,22.206,22206,24,3
918,817,1,27,17:52:58,21.747,21747,24,3
918,4,2,27,17:53:14,22.068,22068,24,3
918,18,2,28,17:55:03,22.042,22042,24,3
918,821,2,28,17:55:32,23.270,23270,24,3
918,825,2,29,17:57:15,21.623,21623,24,3
918,818,2,30,17:58:48,22.761,22761,24,3
918,1,2,31,17:59:40,21.887,21887,24,3
918,3,2,34,18:05:35,24.083,24083,24,3
918,822,2,35,18:07:17,22.015,22015,24,3
918,155,2,36,18:10:43,22.426,22426,24,3
918,807,2,37,18:11:24,21.642,21642,24,3
918,16,3,37,18:12:07,22.227,22227,24,3
918,829,2,37,18:13:03,23.545,23545,24,3
918,815,2,41,18:18:37,22.325,22325,24,3
918,13,2,43,18:21:15,22.040,22040,24,3
918,818,3,44,18:24:19,22.348,22348,24,3
918,20,2,46,18:27:33,21.611,21611,24,3
918,817,2,47,18:28:55,21.582,21582,24,3
926,828,1,1,16:05:59,22.681,22681,1,10
926,8,1,16,16:31:07,27.465,27465,1,10
926,13,1,21,16:38:38,22.062,22062,1,10
926,807,1,21,16:39:11,22.137,22137,1,10
926,817,1,23,16:42:09,22.535,22535,1,10
926,20,1,24,16:43:16,22.694,22694,1,10
926,832,1,24,16:43:48,55.789,55789,1,10
926,1,1,25,16:44:32,22.295,22295,1,10
926,831,1,25,16:45:12,22.933,22933,1,10
926,3,1,26,16:46:11,22.105,22105,1,10
926,828,2,26,16:47:15,23.254,23254,1,10
926,18,1,27,16:49:15,23.353,23353,1,10
926,830,1,32,16:56:30,23.532,23532,1,10
926,815,1,38,17:06:52,26.009,26009,1,10
926,8,2,40,17:08:30,22.405,22405,1,10
926,828,3,43,17:14:28,22.353,22353,1,10
926,807,2,44,17:15:43,21.612,21612,1,10
927,813,1,1,15:06:15,37.289,37289,2,18
927,831,1,2,15:07:27,33.918,33918,2,18
927,8,1,2,15:08:04,27.285,27285,2,18
927,1,1,4,15:11:07,26.094,26094,2,18
927,3,1,4,15:11:11,33.689,33689,2,18
927,817,1,4,15:11:13,26.714,26714,2,18
927,13,1,4,15:11:16,25.831,25831,2,18
927,826,1,4,15:11:17,30.463,30463,2,18
927,830,1,4,15:11:22,29.516,29516,2,18
927,822,1,4,15:11:24,30.154,30154,2,18
927,4,1,4,15:11:32,25.222,25222,2,18
927,18,1,4,15:11:38,33.027,33027,2,18
927,833,1,5,15:14:03,27.540,27540,2,18
927,832,1,14,15:30:50,25.126,25126,2,18
927,8,2,14,15:30:53,24.744,24744,2,18
927,807,1,15,15:32:38,25.826,25826,2,18
927,154,1,15,15:32:40,24.377,24377,2,18
927,20,1,17,15:35:47,23.996,23996,2,18
927,815,1,17,15:36:31,25.268,25268,2,18
927,817,2,18,15:38:11,25.604,25604,2,18
927,813,2,18,15:38:27,37.394,37394,2,18
927,830,2,20,15:41:45,25.655,25655,2,18
927,831,2,20,15:42:00,25.741,25741,2,18
927,826,2,21,15:43:36,24.781,24781,2,18
927,18,2,21,15:43:48,25.581,25581,2,18
927,833,2,22,15:46:29,27.004,27004,2,18
927,1,2,24,15:48:25,24.595,24595,2,18
927,13,2,24,15:48:49,24.788,24788,2,18
927,822,2,25,15:50:42,24.432,24432,2,18
927,3,2,26,15:52:07,24.574,24574,2,18
927,154,2,26,15:52:37,24.621,24621,2,18
927,831,3,30,16:00:16,25.331,25331,2,18
927,807,2,31,16:02:02,25.047,25047,2,18
927,832,2,32,16:03:31,25.165,25165,2,18
927,813,3,33,16:05:48,24.276,24276,2,18
927,8,3,34,16:06:41,24.653,24653,2,18
927,817,3,34,16:07:16,25.393,25393,2,18
927,154,3,34,16:07:29,26.014,26014,2,18
927,815,2,35,16:09:15,35.776,35776,2,18
927,18,3,35,16:09:16,25.846,25846,2,18
927,20,2,37,16:11:15,25.092,25092,2,18
927,1,3,38,16:13:14,24.179,24179,2,18
927,13,3,38,16:13:54,26.971,26971,2,18
927,826,3,39,16:16:13,26.149,26149,2,18
927,822,3,40,16:17:30,25.002,25002,2,18
927,830,3,40,16:17:48,24.768,24768,2,18
927,3,3,41,16:18:40,24.336,24336,2,18
927,831,4,43,16:23:49,25.204,25204,2,18
927,833,3,42,16:24:30,29.202,29202,2,18
927,807,3,44,16:25:34,35.351,35351,2,18
928,831,1,10,14:21:26,23.409,23409,17,5
928,813,1,11,14:23:09,22.470,22470,17,5
928,815,1,11,14:23:19,22.829,22829,17,5
928,154,1,12,14:24:52,23.421,23421,17,5
928,830,1,12,14:24:59,24.256,24256,17,5
928,4,1,12,14:25:14,23.238,23238,17,5
928,20,1,13,14:26:23,22.488,22488,17,5
928,13,1,13,14:26:33,23.145,23145,17,5
928,1,1,14,14:28:00,22.645,22645,17,5
928,822,1,14,14:28:20,23.084,23084,17,5
928,828,1,14,14:28:36,23.846,23846,17,5
928,817,1,14,14:28:38,22.635,22635,17,5
928,18,1,14,14:28:51,23.936,23936,17,5
928,3,1,15,14:29:48,22.483,22483,17,5
928,8,1,15,14:29:55,22.818,22818,17,5
928,829,1,16,14:32:55,24.132,24132,17,5
928,833,1,17,14:34:51,25.938,25938,17,5
928,832,1,19,14:37:55,23.795,23795,17,5
928,815,2,26,14:50:03,23.338,23338,17,5
928,20,2,30,14:56:09,22.444,22444,17,5
928,828,2,30,14:57:12,24.589,24589,17,5
928,3,2,31,14:57:50,22.829,22829,17,5
928,831,2,31,14:58:53,23.732,23732,17,5
928,154,2,32,15:00:30,23.605,23605,17,5
928,830,2,32,15:00:35,23.258,23258,17,5
928,18,2,32,15:00:57,23.273,23273,17,5
928,1,2,33,15:01:11,22.235,22235,17,5
928,813,2,33,15:02:42,22.899,22899,17,5
928,8,2,34,15:03:09,22.453,22453,17,5
928,13,2,34,15:03:37,23.317,23317,17,5
928,822,2,35,15:05:28,23.582,23582,17,5
928,4,2,35,15:06:28,23.345,23345,17,5
928,817,2,36,15:07:45,22.897,22897,17,5
928,829,2,38,15:13:29,24.054,24054,17,5
928,832,2,39,15:14:00,23.424,23424,17,5
928,815,3,41,15:16:42,23.144,23144,17,5
928,833,2,40,15:17:19,24.088,24088,17,5
928,813,3,48,15:29:49,17.912,17912,17,5
929,830,1,6,18:14:10,39.338,39338,3,7
929,807,1,10,18:20:48,26.652,26652,3,7
929,831,1,10,18:20:56,25.459,25459,3,7
929,13,1,10,18:20:57,24.894,24894,3,7
929,813,1,10,18:20:58,30.426,30426,3,7
929,828,1,11,18:22:33,26.045,26045,3,7
929,832,1,11,18:22:40,32.647,32647,3,7
929,154,1,12,18:24:12,24.735,24735,3,7
929,20,1,13,18:25:38,24.509,24509,3,7
929,4,1,13,18:26:08,25.370,25370,3,7
929,3,1,14,18:27:16,25.311,25311,3,7
929,822,1,14,18:27:28,25.293,25293,3,7
929,817,1,14,18:27:29,25.723,25723,3,7
929,1,1,15,18:28:52,25.791,25791,3,7
929,826,1,15,18:29:32,25.421,25421,3,7
929,8,1,17,18:32:23,24.773,24773,3,7
929,815,1,17,18:32:51,25.573,25573,3,7
929,833,1,18,18:35:44,25.834,25834,3,7
929,829,1,19,18:37:18,26.103,26103,3,7
929,831,2,24,18:44:52,25.898,25898,3,7
929,13,2,24,18:44:53,25.017,25017,3,7
929,813,2,24,18:44:54,24.310,24310,3,7
929,828,2,25,18:46:26,49.162,49162,3,7
929,807,2,25,18:46:33,24.679,24679,3,7
929,832,2,29,18:53:43,26.593,26593,3,7
929,830,2,30,18:55:37,27.225,27225,3,7
929,154,2,31,18:56:32,25.259,25259,3,7
929,20,2,32,18:57:31,24.449,24449,3,7
929,1,2,33,18:59:01,24.528,24528,3,7
929,822,2,33,18:59:33,24.623,24623,3,7
929,3,2,34,19:00:48,25.418,25418,3,7
929,829,2,33,19:01:49,26.479,26479,3,7
929,826,2,34,19:01:53,24.692,24692,3,7
929,817,2,35,19:03:02,24.943,24943,3,7
929,4,2,35,19:03:51,24.878,24878,3,7
929,833,2,34,19:04:04,27.573,27573,3,7
929,20,3,36,19:04:29,33.921,33921,3,7
929,815,2,37,19:06:50,25.288,25288,3,7
929,828,3,37,19:07:13,26.042,26042,3,7
929,807,3,38,19:08:50,24.979,24979,3,7
929,8,2,40,19:10:55,24.547,24547,3,7
929,813,3,41,19:13:31,1:47.394,107394,3,7
929,831,3,41,19:13:54,26.210,26210,3,7
930,807,1,10,14:19:46,22.659,22659,4,109
930,826,1,11,14:21:18,22.667,22667,4,109
930,18,1,11,14:21:23,22.589,22589,4,109
930,831,1,12,14:22:55,22.677,22677,4,109
930,1,1,13,14:23:49,24.586,24586,4,109
930,817,1,13,14:24:18,22.440,22440,4,109
930,830,1,13,14:24:19,24.396,24396,4,109
930,20,1,14,14:25:21,21.762,21762,4,109
930,13,1,14,14:25:37,22.139,22139,4,109
930,813,1,14,14:25:48,24.976,24976,4,109
930,832,1,14,14:25:58,22.859,22859,4,109
930,3,1,15,14:26:45,21.870,21870,4,109
930,822,1,15,14:27:01,22.082,22082,4,109
930,154,1,15,14:27:28,23.309,23309,4,109
930,813,2,15,14:27:46,32.459,32459,4,109
930,829,1,16,14:29:49,24.687,24687,4,109
930,8,1,17,14:30:09,22.623,22623,4,109
930,833,1,17,14:31:33,24.631,24631,4,109
930,828,1,18,14:32:23,25.272,25272,4,109
930,815,1,19,14:33:59,22.468,22468,4,109
930,4,1,21,14:37:01,23.728,23728,4,109
930,807,2,26,14:45:13,22.534,22534,4,109
930,18,2,27,14:47:05,23.327,23327,4,109
930,833,2,30,14:53:03,23.070,23070,4,109
930,1,2,32,14:53:17,22.727,22727,4,109
930,13,2,32,14:53:41,22.629,22629,4,109
930,829,2,32,14:56:02,23.043,23043,4,109
930,815,2,36,15:01:03,22.426,22426,4,109
930,830,2,37,15:02:19,22.607,22607,4,109
930,826,2,38,15:03:48,22.273,22273,4,109
930,831,2,39,15:05:35,23.186,23186,4,109
930,20,2,40,15:05:38,21.836,21836,4,109
930,154,2,40,15:06:43,33.256,33256,4,109
930,8,2,41,15:07:35,21.789,21789,4,109
930,822,2,42,15:08:57,21.800,21800,4,109
930,817,2,42,15:09:42,24.884,24884,4,109
930,832,2,42,15:10:08,22.178,22178,4,109
930,813,3,43,15:12:01,22.575,22575,4,109
930,3,2,45,15:13:00,22.452,22452,4,109
930,18,3,44,15:13:49,24.066,24066,4,109
930,828,2,45,15:15:00,22.872,22872,4,109
930,13,3,47,15:17:04,22.257,22257,4,109
930,829,3,47,15:20:31,22.796,22796,4,109
930,807,3,49,15:21:24,22.545,22545,4,109
930,1,3,51,15:22:23,21.965,21965,4,109
930,833,3,49,15:24:15,24.200,24200,4,109
931,807,1,1,14:04:47,34.773,34773,6,7
931,13,1,1,14:05:03,42.934,42934,6,7
931,832,1,12,14:19:42,25.306,25306,6,7
931,822,1,14,14:22:23,24.641,24641,6,7
931,828,1,14,14:22:25,25.618,25618,6,7
931,154,1,17,14:26:21,25.077,25077,6,7
931,831,1,18,14:27:40,25.732,25732,6,7
931,826,1,28,14:40:43,25.119,25119,6,7
931,830,1,29,14:42:14,52.821,52821,6,7
931,807,2,31,14:46:02,24.758,24758,6,7
931,4,1,32,14:46:31,30.345,30345,6,7
931,829,1,33,14:50:20,28.606,28606,6,7
931,18,1,35,14:50:28,25.062,25062,6,7
931,20,1,36,14:51:19,24.851,24851,6,7
931,817,1,36,14:51:34,24.501,24501,6,7
931,815,1,36,14:51:43,24.733,24733,6,7
931,3,1,37,14:52:37,24.789,24789,6,7
931,833,1,35,14:52:53,27.554,27554,6,7
931,8,1,37,14:52:54,24.177,24177,6,7
931,1,1,38,14:53:49,24.181,24181,6,7
931,828,2,38,14:55:31,25.398,25398,6,7
931,13,2,39,14:58:08,24.970,24970,6,7
931,830,2,46,15:06:05,25.736,25736,6,7
931,822,2,56,15:19:50,24.412,24412,6,7
931,13,3,62,15:29:53,24.395,24395,6,7
931,815,2,64,15:29:57,25.119,25119,6,7
931,18,2,64,15:30:17,24.661,24661,6,7
931,1,2,65,15:30:51,25.495,25495,6,7
931,831,2,64,15:30:55,26.420,26420,6,7
931,817,2,65,15:31:26,24.244,24244,6,7
931,828,3,69,15:40:15,25.234,25234,6,7
932,18,1,1,14:04:39,18.057,18057,7,13
932,20,1,7,14:12:45,27.241,27241,7,13
932,813,1,17,14:25:56,23.660,23660,7,13
932,817,1,23,14:34:08,23.997,23997,7,13
932,815,1,24,14:35:26,23.453,23453,7,13
932,8,1,26,14:37:27,23.630,23630,7,13
932,831,1,26,14:38:33,24.795,24795,7,13
932,154,1,27,14:39:08,24.292,24292,7,13
932,826,1,27,14:39:23,23.681,23681,7,13
932,832,1,27,14:39:37,24.277,24277,7,13
932,822,1,28,14:40:10,25.541,25541,7,13
932,807,1,28,14:40:35,23.507,23507,7,13
932,828,1,28,14:40:57,24.149,24149,7,13
932,1,1,29,14:41:11,23.708,23708,7,13
932,3,1,30,14:42:33,23.321,23321,7,13
932,4,1,31,14:45:06,23.553,23553,7,13
932,20,2,35,14:50:00,23.945,23945,7,13
932,829,1,34,14:50:14,30.807,30807,7,13
932,833,1,35,14:51:40,26.986,26986,7,13
932,13,1,37,14:52:40,23.912,23912,7,13
932,830,1,39,14:55:43,36.105,36105,7,13
932,8,2,40,14:56:15,24.578,24578,7,13
932,18,2,44,15:03:06,25.374,25374,7,13
933,826,1,1,14:04:37,28.632,28632,70,678
933,828,1,2,14:06:56,30.232,30232,70,678
933,18,1,3,14:09:03,24.104,24104,70,678
933,18,2,6,14:14:39,28.727,28727,70,678
933,828,2,12,14:22:17,16.211,16211,70,678
933,154,1,23,14:35:38,22.016,22016,70,678
933,831,1,24,14:36:49,22.803,22803,70,678
933,807,1,25,14:37:53,21.685,21685,70,678
933,832,1,25,14:38:02,27.638,27638,70,678
933,822,1,26,14:39:05,22.777,22777,70,678
933,830,1,26,14:39:12,21.984,21984,70,678
933,3,1,33,14:47:13,21.768,21768,70,678
933,13,1,34,14:48:45,22.447,22447,70,678
933,1,1,35,14:49:40,21.869,21869,70,678
933,833,1,34,14:50:23,23.926,23926,70,678
933,20,1,36,14:51:04,31.882,31882,70,678
933,813,1,37,14:52:53,21.847,21847,70,678
933,815,1,38,14:54:06,26.689,26689,70,678
933,826,2,45,15:03:07,22.111,22111,70,678
933,828,3,45,15:04:13,22.449,22449,70,678
933,817,1,50,15:09:02,27.710,27710,70,678
934,4,1,1,13:05:14,1:11.178,71178,9,153
934,817,1,11,13:23:42,28.464,28464,9,153
934,832,1,12,13:25:22,29.393,29393,9,153
934,8,1,13,13:26:56,28.974,28974,9,153
934,20,1,14,13:28:38,28.946,28946,9,153
934,4,2,17,13:34:06,28.703,28703,9,153
934,826,1,18,13:35:17,28.347,28347,9,153
934,1,1,19,13:36:43,28.417,28417,9,153
934,807,1,19,13:36:56,28.558,28558,9,153
934,13,1,20,13:38:21,29.369,29369,9,153
934,3,1,20,13:38:22,28.393,28393,9,153
934,815,1,20,13:38:41,28.860,28860,9,153
934,817,2,20,13:39:28,43.240,43240,9,153
934,822,1,21,13:39:59,28.781,28781,9,153
934,828,1,23,13:43:56,29.598,29598,9,153
934,829,1,36,14:07:55,48.861,48861,9,153
934,833,1,36,14:08:22,34.672,34672,9,153
934,828,2,37,14:08:39,30.867,30867,9,153
934,4,3,37,14:08:45,32.593,32593,9,153
934,8,2,38,14:09:28,30.397,30397,9,153
934,828,3,41,14:16:26,29.828,29828,9,153
934,1,2,43,14:17:40,28.979,28979,9,153
934,20,2,43,14:18:01,29.676,29676,9,153
934,828,4,42,14:18:36,30.197,30197,9,153
934,3,2,44,14:19:37,30.393,30393,9,153
934,13,2,44,14:19:54,31.948,31948,9,153
934,822,2,44,14:20:02,31.937,31937,9,153
934,826,2,44,14:20:27,33.979,33979,9,153
934,807,2,44,14:20:36,33.891,33891,9,153
934,815,2,44,14:21:16,31.998,31998,9,153
934,833,2,44,14:24:44,30.686,30686,9,153
934,8,3,47,14:26:56,30.178,30178,9,153
934,829,2,45,14:27:17,43.964,43964,9,153
936,833,1,6,14:15:43,26.392,26392,11,264
936,822,1,13,14:25:47,22.974,22974,11,264
936,826,1,13,14:25:51,22.072,22072,11,264
936,13,1,14,14:27:28,27.936,27936,11,264
936,830,1,14,14:27:30,22.536,22536,11,264
936,18,1,14,14:27:33,22.231,22231,11,264
936,154,1,14,14:27:34,22.805,22805,11,264
936,831,1,14,14:27:41,22.729,22729,11,264
936,807,1,15,14:28:49,22.573,22573,11,264
936,832,1,15,14:28:58,25.096,25096,11,264
936,4,1,15,14:29:00,21.567,21567,11,264
936,815,1,16,14:30:25,22.068,22068,11,264
936,828,1,16,14:30:36,23.005,23005,11,264
936,1,1,19,14:34:42,23.146,23146,11,264
936,3,1,20,14:35:52,21.780,21780,11,264
936,20,1,21,14:37:10,21.900,21900,11,264
936,817,1,21,14:37:37,21.824,21824,11,264
936,8,1,22,14:38:42,22.566,22566,11,264
936,813,1,24,14:42:53,16.444,16444,11,264
936,813,2,25,14:44:40,22.812,22812,11,264
936,829,1,26,14:46:47,23.051,23051,11,264
936,13,2,29,14:50:32,21.915,21915,11,264
936,815,2,30,14:51:57,22.409,22409,11,264
936,833,2,30,14:53:11,23.125,23125,11,264
936,831,2,32,14:55:00,22.907,22907,11,264
936,826,2,33,14:56:04,21.574,21574,11,264
936,828,2,33,14:56:29,22.199,22199,11,264
936,154,2,34,14:57:48,28.707,28707,11,264
936,18,2,35,14:59:17,21.753,21753,11,264
936,807,2,36,15:00:25,22.222,22222,11,264
936,4,2,36,15:00:39,22.300,22300,11,264
936,832,2,36,15:00:44,22.930,22930,11,264
936,830,2,37,15:02:04,23.431,23431,11,264
936,822,2,38,15:03:21,21.867,21867,11,264
936,3,2,42,15:08:45,22.013,22013,11,264
936,815,3,41,15:08:53,22.574,22574,11,264
936,1,2,42,15:08:57,24.272,24272,11,264
936,813,3,41,15:08:57,24.972,24972,11,264
936,828,3,41,15:09:02,22.747,22747,11,264
936,817,2,42,15:09:07,22.008,22008,11,264
936,20,2,43,15:10:02,22.028,22028,11,264
936,8,2,43,15:10:21,22.270,22270,11,264
936,154,3,42,15:10:37,23.972,23972,11,264
936,829,2,41,15:10:40,23.664,23664,11,264
936,831,3,42,15:10:56,23.097,23097,11,264
936,833,3,41,15:11:07,23.207,23207,11,264
936,826,3,43,15:11:48,21.663,21663,11,264
936,4,3,43,15:12:11,23.162,23162,11,264
936,20,3,45,15:14:38,16.639,16639,11,264
936,832,3,44,15:14:39,16.660,16660,11,264
936,18,3,44,15:14:41,16.488,16488,11,264
936,4,4,44,15:14:42,16.796,16796,11,264
936,8,3,45,15:14:43,16.979,16979,11,264
936,13,3,44,15:14:44,16.823,16823,11,264
936,154,4,44,15:14:46,17.064,17064,11,264
936,3,3,45,15:14:48,16.623,16623,11,264
936,829,3,43,15:14:50,17.116,17116,11,264
936,815,4,44,15:14:51,16.958,16958,11,264
936,1,3,45,15:14:53,18.249,18249,11,264
936,813,4,44,15:14:53,18.782,18782,11,264
936,828,4,44,15:14:55,18.577,18577,11,264
936,831,4,44,15:14:57,18.246,18246,11,264
936,817,3,45,15:14:58,18.270,18270,11,264
936,833,4,43,15:14:59,18.085,18085,11,264
936,822,3,45,15:15:16,16.427,16427,11,264
936,830,3,45,15:15:29,16.485,16485,11,264
936,826,4,45,15:15:35,16.453,16453,11,264
936,20,4,46,15:17:03,17.121,17121,11,264
936,832,4,45,15:17:04,16.786,16786,11,264
936,18,4,45,15:17:06,16.639,16639,11,264
936,4,5,45,15:17:07,16.879,16879,11,264
936,8,4,46,15:17:08,16.734,16734,11,264
936,13,4,45,15:17:10,16.818,16818,11,264
936,154,5,45,15:17:11,17.114,17114,11,264
936,3,4,46,15:17:13,17.780,17780,11,264
936,829,4,44,15:17:14,17.402,17402,11,264
936,815,5,45,15:17:15,32.181,32181,11,264
936,1,4,46,15:17:16,17.726,17726,11,264
936,813,5,45,15:17:17,18.186,18186,11,264
936,828,5,45,15:17:19,17.472,17472,11,264
936,831,5,45,15:17:21,17.235,17235,11,264
936,817,4,46,15:17:22,18.758,18758,11,264
936,833,5,44,15:17:23,18.149,18149,11,264
936,822,4,46,15:17:25,17.557,17557,11,264
936,830,4,46,15:17:25,23.043,23043,11,264
936,826,5,46,15:17:27,17.849,17849,11,264
936,822,5,49,15:23:48,30.031,30031,11,264
936,1,5,51,15:26:23,27.715,27715,11,264
936,8,5,52,15:27:47,59.555,59555,11,264
936,13,5,54,15:31:14,21.502,21502,11,264
936,1,6,54,15:31:15,16.579,16579,11,264
936,829,5,54,15:33:20,22.716,22716,11,264
936,830,5,56,15:33:45,16.415,16415,11,264
936,813,6,58,15:37:12,16.446,16446,11,264
936,817,5,64,15:45:08,31.037,31037,11,264
936,3,5,64,15:45:42,24.575,24575,11,264
937,817,1,7,14:20:39,22.637,22637,13,401
937,832,1,5,14:20:58,23.732,23732,13,401
937,815,1,8,14:22:36,23.562,23562,13,401
937,822,1,8,14:22:46,23.319,23319,13,401
937,4,1,8,14:23:03,22.973,22973,13,401
937,154,1,9,14:24:43,23.717,23717,13,401
937,826,1,9,14:24:46,22.796,22796,13,401
937,13,1,9,14:24:47,23.282,23282,13,401
937,830,1,9,14:24:48,24.564,24564,13,401
937,828,1,9,14:24:54,24.183,24183,13,401
937,831,1,10,14:27:06,23.439,23439,13,401
937,8,1,11,14:28:44,22.578,22578,13,401
937,18,1,11,14:29:15,24.083,24083,13,401
937,3,1,12,14:30:22,22.997,22997,13,401
937,1,1,13,14:32:13,22.403,22403,13,401
937,20,1,14,14:34:26,22.681,22681,13,401
937,822,2,15,14:36:40,17.343,17343,13,401
937,833,1,15,14:37:29,23.643,23643,13,401
937,829,1,16,14:39:34,23.826,23826,13,401
937,815,2,20,14:46:18,22.918,22918,13,401
937,4,2,20,14:47:07,26.103,26103,13,401
937,18,2,20,14:47:33,24.151,24151,13,401
937,154,2,21,14:48:35,23.493,23493,13,401
937,13,2,21,14:48:52,23.655,23655,13,401
937,8,2,21,14:48:53,23.143,23143,13,401
937,830,2,21,14:48:54,23.041,23041,13,401
937,822,3,21,14:49:04,23.489,23489,13,401
937,832,2,23,14:57:07,23.348,23348,13,401
937,826,2,27,15:00:37,22.563,22563,13,401
937,831,2,27,15:01:15,23.288,23288,13,401
937,828,2,28,15:03:02,23.684,23684,13,401
937,1,2,30,15:05:42,22.955,22955,13,401
937,833,2,29,15:06:14,23.282,23282,13,401
937,3,2,31,15:07:43,22.765,22765,13,401
937,829,2,30,15:08:20,24.450,24450,13,401
937,830,3,32,15:10:22,22.942,22942,13,401
937,4,3,32,15:11:10,23.191,23191,13,401
937,18,3,35,15:17:42,23.761,23761,13,401
938,831,1,1,14:05:00,25.761,25761,14,162
938,830,1,1,14:05:02,18.818,18818,14,162
938,832,1,10,14:18:38,30.358,30358,14,162
938,3,1,18,14:30:11,24.657,24657,14,162
938,807,1,18,14:30:23,24.286,24286,14,162
938,13,1,19,14:31:39,25.207,25207,14,162
938,830,2,19,14:32:19,25.318,25318,14,162
938,828,1,20,14:33:26,24.842,24842,14,162
938,822,1,22,14:36:10,25.536,25536,14,162
938,815,1,23,14:37:46,24.281,24281,14,162
938,831,2,24,14:40:02,25.282,25282,14,162
938,20,1,25,14:40:24,24.340,24340,14,162
938,18,1,25,14:41:32,24.310,24310,14,162
938,1,1,26,14:41:34,24.368,24368,14,162
938,829,1,26,14:43:37,29.382,29382,14,162
938,826,1,27,14:44:11,23.884,23884,14,162
938,8,1,28,14:45:20,24.442,24442,14,162
938,833,1,27,14:45:21,26.435,26435,14,162
938,4,1,28,14:46:15,24.330,24330,14,162
938,817,1,30,14:48:35,24.259,24259,14,162
938,832,2,30,14:48:54,24.736,24736,14,162
938,830,3,33,14:53:32,24.938,24938,14,162
938,4,2,46,15:13:37,19.374,19374,14,162
939,154,1,9,20:20:55,30.640,30640,15,18
939,4,1,10,20:22:46,34.237,34237,15,18
939,832,1,10,20:22:46,34.970,34970,15,18
939,828,1,10,20:22:52,29.589,29589,15,18
939,813,1,10,20:22:55,29.762,29762,15,18
939,807,1,11,20:24:36,30.868,30868,15,18
939,826,1,12,20:26:14,29.159,29159,15,18
939,13,1,12,20:26:28,31.380,31380,15,18
939,20,1,13,20:28:04,29.172,29172,15,18
939,817,1,13,20:28:10,31.307,31307,15,18
939,8,1,13,20:28:15,30.031,30031,15,18
939,1,1,13,20:28:21,28.917,28917,15,18
939,3,1,13,20:28:30,30.562,30562,15,18
939,822,1,13,20:28:34,29.260,29260,15,18
939,815,1,13,20:28:45,29.732,29732,15,18
939,831,1,13,20:28:53,29.679,29679,15,18
939,18,1,13,20:28:57,1:05.317,65317,15,18
939,830,1,12,20:29:01,31.207,31207,15,18
939,834,1,13,20:29:50,31.180,31180,15,18
939,13,2,14,20:31:49,29.907,29907,15,18
939,829,1,14,20:32:23,30.398,30398,15,18
939,154,2,26,20:57:10,29.826,29826,15,18
939,813,2,27,20:59:08,29.223,29223,15,18
939,828,2,28,21:01:10,29.857,29857,15,18
939,832,2,28,21:01:11,29.742,29742,15,18
939,13,3,29,21:03:13,24.415,24415,15,18
939,826,2,33,21:10:11,32.924,32924,15,18
939,815,2,34,21:12:15,29.676,29676,15,18
939,831,2,34,21:12:23,29.917,29917,15,18
939,830,2,36,21:16:29,30.844,30844,15,18
939,828,3,36,21:16:40,29.398,29398,15,18
939,20,2,37,21:17:26,29.273,29273,15,18
939,817,2,37,21:17:32,29.419,29419,15,18
939,834,2,36,21:17:38,32.036,32036,15,18
939,8,2,37,21:17:42,30.689,30689,15,18
939,3,2,37,21:17:55,29.887,29887,15,18
939,822,2,37,21:18:06,29.239,29239,15,18
939,18,2,37,21:18:41,30.106,30106,15,18
939,832,3,37,21:19:08,29.885,29885,15,18
939,829,2,37,21:20:15,37.847,37847,15,18
939,18,3,41,21:28:16,37.822,37822,15,18
939,813,3,54,21:53:08,29.996,29996,15,18
940,815,1,1,14:05:29,25.041,25041,22,45
940,817,1,1,14:06:11,26.087,26087,22,45
940,13,1,1,14:06:55,34.166,34166,22,45
940,826,1,8,14:17:26,23.316,23316,22,45
940,4,1,9,14:19:04,23.640,23640,22,45
940,830,1,9,14:19:07,27.793,27793,22,45
940,807,1,10,14:20:34,23.750,23750,22,45
940,831,1,10,14:20:51,24.763,24763,22,45
940,18,1,10,14:20:51,23.343,23343,22,45
940,822,1,11,14:22:04,23.542,23542,22,45
940,154,1,11,14:22:12,23.793,23793,22,45
940,813,1,12,14:23:55,24.842,24842,22,45
940,20,1,13,14:25:21,23.074,23074,22,45
940,828,1,13,14:26:01,23.418,23418,22,45
940,8,1,14,14:27:09,23.714,23714,22,45
940,832,1,14,14:27:23,23.701,23701,22,45
940,3,1,15,14:28:45,23.078,23078,22,45
940,1,1,16,14:30:13,22.750,22750,22,45
940,13,2,16,14:32:49,26.735,26735,22,45
940,815,2,18,14:34:39,24.303,24303,22,45
940,826,2,20,14:38:04,23.183,23183,22,45
940,834,1,22,14:42:18,25.146,25146,22,45
940,817,2,24,14:45:19,23.225,23225,22,45
940,828,2,26,14:48:19,23.441,23441,22,45
940,832,2,27,14:49:26,39.345,39345,22,45
940,18,2,27,14:49:59,23.801,23801,22,45
940,8,2,28,14:50:45,22.584,22584,22,45
940,4,2,28,14:51:35,23.767,23767,22,45
940,3,2,29,14:52:12,23.241,23241,22,45
940,822,2,29,14:52:23,23.588,23588,22,45
940,20,2,30,14:53:49,23.130,23130,22,45
940,830,2,30,14:54:54,23.977,23977,22,45
940,831,2,30,14:55:14,24.116,24116,22,45
940,1,2,31,14:55:15,23.165,23165,22,45
940,807,2,31,14:56:02,23.491,23491,22,45
940,154,2,33,14:59:32,24.554,24554,22,45
940,834,2,33,15:01:34,25.088,25088,22,45
940,826,3,34,15:01:48,23.381,23381,22,45
940,13,3,34,15:03:24,24.670,24670,22,45
940,813,2,36,15:04:35,23.249,23249,22,45
940,815,3,36,15:05:03,24.267,24267,22,45
940,807,3,42,15:17:36,35.760,35760,22,45
940,829,1,21,14:40:29,25.875,25875,22,45
940,829,2,32,14:59:51,23.647,23647,22,45
940,829,3,42,15:17:36,35.760,35760,22,45
941,154,1,1,14:05:55,54.445,54445,71,2
941,830,1,1,14:06:46,37.334,37334,71,2
941,815,1,12,14:27:00,30.545,30545,71,2
941,817,1,12,14:27:08,29.732,29732,71,2
941,832,1,12,14:27:19,30.288,30288,71,2
941,18,1,12,14:27:21,29.719,29719,71,2
941,4,1,13,14:29:42,29.539,29539,71,2
941,833,1,13,14:30:08,35.072,35072,71,2
941,829,1,14,14:32:34,32.400,32400,71,2
941,829,2,17,14:39:33,30.421,30421,71,2
941,830,2,24,14:51:41,30.241,30241,71,2
941,822,1,26,14:54:41,30.316,30316,71,2
941,20,1,30,15:01:31,29.367,29367,71,2
941,13,1,30,15:01:51,30.741,30741,71,2
941,813,1,30,15:01:56,29.952,29952,71,2
941,8,1,31,15:03:16,29.386,29386,71,2
941,1,1,32,15:04:38,30.216,30216,71,2
941,826,1,33,15:06:55,30.418,30418,71,2
941,831,1,34,15:08:41,30.362,30362,71,2
942,822,1,1,14:05:59,40.488,40488,69,161
942,154,1,1,14:06:27,27.621,27621,69,161
942,834,1,1,14:06:39,37.748,37748,69,161
942,4,1,1,14:06:40,31.987,31987,69,161
942,831,1,2,14:08:09,31.137,31137,69,161
942,831,2,3,14:11:11,25.931,25931,69,161
942,822,2,4,14:14:23,26.384,26384,69,161
942,154,2,9,14:23:43,27.730,27730,69,161
942,828,1,16,14:36:37,29.728,29728,69,161
942,18,1,17,14:38:36,27.286,27286,69,161
942,1,1,18,14:40:00,24.354,24354,69,161
942,20,1,18,14:40:12,25.019,25019,69,161
942,830,1,18,14:40:12,25.527,25527,69,161
942,13,1,18,14:40:23,24.646,24646,69,161
942,831,3,17,14:40:29,25.714,25714,69,161
942,834,2,17,14:40:33,26.520,26520,69,161
942,813,1,18,14:40:42,27.851,27851,69,161
942,4,2,18,14:41:28,24.631,24631,69,161
942,817,1,19,14:41:45,24.449,24449,69,161
942,3,1,19,14:41:53,24.640,24640,69,161
942,826,1,19,14:41:54,24.638,24638,69,161
942,815,1,19,14:42:04,26.458,26458,69,161
942,8,1,19,14:42:09,24.733,24733,69,161
942,832,1,19,14:42:10,25.259,25259,69,161
942,807,1,19,14:42:11,27.344,27344,69,161
942,828,2,19,14:42:56,30.932,30932,69,161
942,8,2,20,14:45:11,34.548,34548,69,161
942,4,3,26,14:56:18,25.405,25405,69,161
942,20,2,27,14:56:46,25.576,25576,69,161
942,807,2,27,14:56:58,27.360,27360,69,161
942,832,2,27,14:57:05,44.582,44582,69,161
942,815,2,27,14:57:13,24.730,24730,69,161
942,18,2,27,14:57:21,24.689,24689,69,161
942,813,2,27,14:58:06,25.446,25446,69,161
942,831,4,26,14:58:12,24.975,24975,69,161
942,830,2,28,14:59:09,24.904,24904,69,161
942,834,3,27,15:00:26,25.812,25812,69,161
942,3,2,38,15:20:21,25.242,25242,69,161
942,826,2,38,15:20:45,25.205,25205,69,161
942,817,2,38,15:20:48,27.802,27802,69,161
942,831,5,42,15:29:13,35.546,35546,69,161
942,1,2,43,15:29:55,24.088,24088,69,161
942,20,3,43,15:30:04,24.158,24158,69,161
942,832,3,43,15:30:32,26.840,26840,69,161
942,813,3,43,15:30:33,25.054,25054,69,161
942,18,3,44,15:32:44,24.862,24862,69,161
942,817,3,50,15:44:54,24.495,24495,69,161
943,20,1,1,13:04:58,28.070,28070,32,2227
943,822,1,8,13:14:42,22.957,22957,32,2227
943,13,1,9,13:16:11,22.849,22849,32,2227
943,807,1,9,13:16:16,23.277,23277,32,2227
943,813,1,10,13:17:46,26.647,26647,32,2227
943,828,1,10,13:17:54,22.956,22956,32,2227
943,154,1,11,13:19:15,22.735,22735,32,2227
943,831,1,12,13:20:51,23.026,23026,32,2227
943,832,1,13,13:21:59,23.128,23128,32,2227
943,815,1,18,13:29:04,23.547,23547,32,2227
943,826,1,21,13:32:58,22.559,22559,32,2227
943,817,1,24,13:37:18,22.422,22422,32,2227
943,830,1,25,13:38:51,22.985,22985,32,2227
943,3,1,26,13:39:37,22.391,22391,32,2227
943,829,1,26,13:41:44,25.087,25087,32,2227
943,1,1,28,13:42:28,22.304,22304,32,2227
943,834,1,27,13:43:29,25.367,25367,32,2227
943,18,1,30,13:46:38,23.356,23356,32,2227
943,20,2,35,13:53:28,22.156,22156,32,2227
943,828,2,39,13:59:15,23.461,23461,32,2227
943,832,2,43,14:04:29,23.776,23776,32,2227
943,831,2,44,14:06:33,23.417,23417,32,2227
943,3,2,46,14:07:31,22.303,22303,32,2227
943,1,2,48,14:10:19,22.328,22328,32,2227
943,18,2,47,14:11:04,23.018,23018,32,2227
943,832,3,51,14:15:57,23.068,23068,32,2227
943,828,3,51,14:16:29,23.292,23292,32,2227
943,826,2,52,14:16:33,22.518,22518,32,2227
943,817,2,52,14:16:49,22.488,22488,32,2227
943,13,2,52,14:16:52,23.086,23086,32,2227
943,807,2,52,14:16:54,24.136,24136,32,2227
943,831,3,51,14:17:02,23.813,23813,32,2227
943,830,2,52,14:17:19,22.589,22589,32,2227
943,154,2,52,14:17:28,23.101,23101,32,2227
943,813,2,52,14:17:35,23.937,23937,32,2227
943,829,2,50,14:17:37,24.224,24224,32,2227
943,834,2,50,14:17:41,30.442,30442,32,2227
943,822,2,53,14:18:31,23.160,23160,32,2227
944,817,1,3,14:07:06,23.937,23937,18,785
944,807,1,9,14:14:48,24.009,24009,18,785
944,826,1,10,14:16:04,24.155,24155,18,785
944,13,1,10,14:16:08,23.887,23887,18,785
944,815,1,10,14:16:10,23.854,23854,18,785
944,154,1,10,14:16:12,24.475,24475,18,785
944,822,1,11,14:17:18,23.736,23736,18,785
944,830,1,11,14:17:28,24.166,24166,18,785
944,8,1,12,14:18:31,23.293,23293,18,785
944,18,1,12,14:18:53,23.242,23242,18,785
944,828,1,12,14:18:58,24.699,24699,18,785
944,3,1,13,14:19:39,25.039,25039,18,785
944,20,1,13,14:19:44,23.801,23801,18,785
944,4,1,13,14:20:14,22.981,22981,18,785
944,1,1,14,14:20:57,24.328,24328,18,785
944,831,1,14,14:21:27,25.529,25529,18,785
944,834,1,14,14:22:03,25.492,25492,18,785
944,829,1,15,14:23:24,25.547,25547,18,785
944,813,1,25,14:36:04,24.115,24115,18,785
944,817,2,28,14:40:10,23.979,23979,18,785
944,18,2,31,14:44:10,24.265,24265,18,785
944,20,2,32,14:44:26,23.474,23474,18,785
944,3,2,33,14:45:33,23.321,23321,18,785
944,4,2,32,14:45:34,23.218,23218,18,785
944,828,2,32,14:45:52,29.148,29148,18,785
944,815,2,33,14:46:36,23.609,23609,18,785
944,1,2,34,14:46:52,23.148,23148,18,785
944,830,2,34,14:47:52,24.153,24153,18,785
944,807,2,35,14:48:59,24.199,24199,18,785
944,154,2,35,14:49:12,23.787,23787,18,785
944,13,2,38,14:53:00,23.927,23927,18,785
944,826,2,39,14:54:15,23.630,23630,18,785
944,831,2,39,14:54:38,24.491,24491,18,785
944,822,2,41,14:56:37,24.913,24913,18,785
944,829,2,40,14:57:45,27.095,27095,18,785
944,834,2,41,14:59:12,26.706,26706,18,785
944,813,2,44,15:01:06,30.082,30082,18,785
944,8,2,46,15:02:43,25.308,25308,18,785
944,20,3,47,15:03:48,23.861,23861,18,785
944,3,3,48,15:04:53,23.046,23046,18,785
944,1,3,49,15:06:11,22.936,22936,18,785
944,815,3,51,15:10:22,23.732,23732,18,785
944,18,3,51,15:10:27,23.402,23402,18,785
944,817,3,52,15:11:38,24.775,24775,18,785
944,4,3,52,15:11:48,23.810,23810,18,785
944,830,3,53,15:12:51,24.078,24078,18,785
944,828,3,53,15:13:28,25.102,25102,18,785
944,154,3,54,15:14:07,23.958,23958,18,785
944,13,3,55,15:15:12,23.401,23401,18,785
945,4,1,1,17:05:39,44.990,44990,24,3
945,831,1,4,17:11:05,28.407,28407,24,3
945,826,1,5,17:12:45,21.868,21868,24,3
945,815,1,6,17:14:27,21.922,21922,24,3
945,817,1,6,17:14:29,21.949,21949,24,3
945,13,1,6,17:14:32,22.851,22851,24,3
945,807,1,7,17:16:20,22.045,22045,24,3
945,832,1,7,17:16:24,25.307,25307,24,3
945,822,1,8,17:18:12,24.485,24485,24,3
945,830,1,8,17:18:16,22.309,22309,24,3
945,18,1,8,17:18:18,23.722,23722,24,3
945,4,2,8,17:19:12,16.128,16128,24,3
945,822,2,9,17:20:31,28.622,28622,24,3
945,3,1,10,17:21:26,21.637,21637,24,3
945,8,1,10,17:21:36,22.162,22162,24,3
945,1,1,11,17:23:20,21.346,21346,24,3
945,828,1,15,17:31:20,22.838,22838,24,3
945,4,3,17,17:36:02,22.246,22246,24,3
945,830,2,20,17:40:25,22.457,22457,24,3
945,20,1,23,17:45:22,21.795,21795,24,3
945,154,1,23,17:45:39,22.203,22203,24,3
945,829,1,23,17:47:03,22.913,22913,24,3
945,807,2,24,17:47:36,22.174,22174,24,3
945,833,1,24,17:49:26,24.314,24314,24,3
945,826,2,25,17:49:27,21.634,21634,24,3
945,817,2,26,17:51:05,22.118,22118,24,3
945,13,2,26,17:51:15,22.710,22710,24,3
945,831,2,26,17:51:35,22.806,22806,24,3
945,815,2,27,17:52:50,22.116,22116,24,3
945,18,2,27,17:53:21,22.310,22310,24,3
945,832,2,28,17:54:59,22.063,22063,24,3
945,822,3,29,17:57:10,29.592,29592,24,3
945,3,2,31,17:59:21,21.580,21580,24,3
945,8,2,32,18:01:20,25.613,25613,24,3
945,829,2,33,18:06:05,22.854,22854,24,3
945,830,3,38,18:13:19,22.355,22355,24,3
945,20,2,39,18:14:14,21.628,21628,24,3
945,1,2,41,18:17:11,21.392,21392,24,3
945,828,2,41,18:18:57,22.200,22200,24,3
945,154,2,43,18:22:01,22.234,22234,24,3
945,831,3,44,18:24:25,22.086,22086,24,3
945,4,4,47,18:30:52,22.377,22377,24,3
948,825,1,1,16:09:48,27.831,27831,1,10
948,832,1,8,16:19:48,22.414,22414,1,10
948,831,1,10,16:23:19,22.701,22701,1,10
948,13,1,11,16:24:32,21.550,21550,1,10
948,836,1,11,16:24:47,26.206,26206,1,10
948,828,1,11,16:24:51,22.357,22357,1,10
948,3,1,12,16:25:48,21.531,21531,1,10
948,817,1,12,16:25:59,22.245,22245,1,10
948,4,1,12,16:26:14,21.796,21796,1,10
948,835,1,12,16:26:22,23.286,23286,1,10
948,837,1,12,16:26:36,23.224,23224,1,10
948,20,1,13,16:27:17,21.339,21339,1,10
948,830,1,13,16:27:32,22.303,22303,1,10
948,18,1,15,16:31:07,22.616,22616,1,10
948,8,1,16,16:32:03,22.508,22508,1,10
948,1,1,16,16:32:16,21.940,21940,1,10
948,807,1,16,16:32:30,22.167,22167,1,10
948,815,1,16,16:32:37,24.719,24719,1,10
948,822,1,17,16:34:32,21.376,21376,1,10
948,825,2,16,16:34:50,22.079,22079,1,10
948,20,2,18,16:36:56,18:09.312,1089312,1,10
948,3,2,18,16:36:58,18:09.303,1089303,1,10
948,8,2,18,16:37:00,18:09.365,1089365,1,10
948,817,2,18,16:37:02,18:09.822,1089822,1,10
948,830,2,18,16:37:03,18:09.372,1089372,1,10
948,832,2,18,16:37:05,18:09.971,1089971,1,10
948,1,2,18,16:37:09,18:10.087,1090087,1,10
948,13,2,18,16:37:10,18:09.805,1089805,1,10
948,154,1,18,16:37:12,18:09.417,1089417,1,10
948,807,2,18,16:37:14,18:09.155,1089155,1,10
948,822,2,18,16:37:16,18:08.989,1088989,1,10
948,835,2,18,16:37:19,18:08.294,1088294,1,10
948,815,2,18,16:37:21,18:07.311,1087311,1,10
948,828,2,18,16:37:25,18:06.875,1086875,1,10
948,18,2,18,16:37:31,18:04.466,1084466,1,10
948,831,2,18,16:37:34,18:02.337,1082337,1,10
948,836,2,18,16:37:36,18:02.140,1082140,1,10
948,825,3,17,16:37:38,15:46.318,946318,1,10
948,828,3,27,17:10:16,16.936,16936,1,10
948,18,3,30,17:14:55,21.837,21837,1,10
948,832,3,31,17:16:00,22.392,22392,1,10
948,830,3,32,17:17:30,29.066,29066,1,10
948,836,3,32,17:18:12,23.895,23895,1,10
948,20,3,35,17:21:50,24.548,24548,1,10
948,817,3,42,17:32:47,21.981,21981,1,10
949,807,1,1,18:05:30,31.931,31931,3,7
949,815,1,2,18:07:15,30.326,30326,3,7
949,832,1,2,18:07:43,28.401,28401,3,7
949,817,1,6,18:13:44,24.541,24541,3,7
949,13,1,7,18:15:20,24.093,24093,3,7
949,822,1,8,18:17:05,24.944,24944,3,7
949,821,1,8,18:17:13,32.793,32793,3,7
949,838,1,9,18:18:55,24.604,24604,3,7
949,822,2,9,18:19:07,19.369,19369,3,7
949,830,1,10,18:20:31,25.810,25810,3,7
949,831,1,10,18:20:44,26.246,26246,3,7
949,154,1,11,18:22:08,25.739,25739,3,7
949,836,1,11,18:22:24,26.236,26236,3,7
949,8,1,12,18:23:37,24.720,24720,3,7
949,825,1,12,18:24:08,26.876,26876,3,7
949,837,1,12,18:24:14,26.382,26382,3,7
949,3,1,13,18:25:02,24.934,24934,3,7
949,1,1,13,18:25:20,24.512,24512,3,7
949,828,1,13,18:25:47,24.775,24775,3,7
949,815,2,14,18:27:44,25.068,25068,3,7
949,826,1,16,18:30:45,24.419,24419,3,7
949,807,2,16,18:31:10,24.930,24930,3,7
949,832,2,20,18:38:33,34.978,34978,3,7
949,817,2,24,18:44:00,26.631,26631,3,7
949,825,2,24,18:44:29,24.383,24383,3,7
949,838,2,25,18:45:55,24.682,24682,3,7
949,830,2,26,18:47:23,25.594,25594,3,7
949,154,2,27,18:48:59,26.151,26151,3,7
949,1,2,28,18:50:13,25.030,25030,3,7
949,8,2,29,18:51:43,25.222,25222,3,7
949,13,2,29,18:52:33,24.236,24236,3,7
949,828,2,29,18:52:47,25.363,25363,3,7
949,836,2,29,18:52:58,25.547,25547,3,7
949,3,2,30,18:53:06,27.226,27226,3,7
949,831,2,30,18:54:37,25.491,25491,3,7
949,837,2,31,18:56:29,28.120,28120,3,7
949,826,2,34,19:00:57,24.661,24661,3,7
949,822,3,34,19:01:08,26.110,26110,3,7
949,807,3,35,19:03:05,24.734,24734,3,7
949,8,3,37,19:04:55,25.257,25257,3,7
949,815,3,37,19:06:37,24.517,24517,3,7
949,825,3,38,19:07:57,24.341,24341,3,7
949,3,3,39,19:07:59,25.761,25761,3,7
949,154,3,40,19:10:37,30.063,30063,3,7
949,1,3,41,19:11:34,24.524,24524,3,7
949,838,3,41,19:12:46,25.316,25316,3,7
949,836,3,41,19:13:02,25.419,25419,3,7
949,817,3,42,19:13:48,24.879,24879,3,7
949,826,3,44,19:17:31,24.224,24224,3,7
949,837,3,44,19:18:30,25.517,25517,3,7
949,830,3,46,19:20:38,25.129,25129,3,7
949,831,3,47,19:23:12,25.660,25660,3,7
949,807,4,51,19:29:43,26.595,26595,3,7
950,154,1,1,14:05:35,58.563,58563,17,5
950,8,1,1,14:05:39,31.134,31134,17,5
950,1,1,1,14:05:46,29.322,29322,17,5
950,831,1,1,14:06:25,36.854,36854,17,5
950,817,1,3,14:08:57,24.392,24392,17,5
950,826,1,4,14:10:42,24.084,24084,17,5
950,815,1,4,14:10:46,23.215,23215,17,5
950,20,1,4,14:10:50,30.115,30115,17,5
950,807,1,4,14:10:50,27.683,27683,17,5
950,832,1,4,14:10:51,25.754,25754,17,5
950,18,1,4,14:10:51,24.072,24072,17,5
950,822,1,4,14:10:52,22.682,22682,17,5
950,830,1,4,14:10:54,30.034,30034,17,5
950,828,1,4,14:10:56,23.955,23955,17,5
950,825,1,4,14:10:58,23.158,23158,17,5
950,1,2,5,14:13:57,25.179,25179,17,5
950,1,3,6,14:16:03,22.301,22301,17,5
950,8,2,14,14:31:08,23.296,23296,17,5
950,836,1,15,14:32:55,26.969,26969,17,5
950,835,1,15,14:33:07,22.799,22799,17,5
950,4,1,16,14:34:30,22.874,22874,17,5
950,20,2,17,14:36:07,22.276,22276,17,5
950,807,2,17,14:36:22,23.867,23867,17,5
950,815,2,18,14:37:55,22.485,22485,17,5
950,837,1,18,14:38:25,23.183,23183,17,5
950,826,2,19,14:39:28,22.607,22607,17,5
950,13,1,19,14:39:36,22.124,22124,17,5
950,832,2,19,14:39:44,22.832,22832,17,5
950,817,2,19,14:39:45,22.461,22461,17,5
950,821,1,19,14:39:57,23.878,23878,17,5
950,3,1,20,14:40:58,22.831,22831,17,5
950,830,2,20,14:41:36,23.744,23744,17,5
950,825,2,20,14:41:50,23.257,23257,17,5
950,154,2,20,14:41:52,24.615,24615,17,5
950,831,2,20,14:42:01,23.735,23735,17,5
950,822,2,21,14:43:09,22.630,22630,17,5
950,1,4,21,14:43:15,22.626,22626,17,5
950,835,2,24,14:49:09,23.280,23280,17,5
950,807,3,26,14:52:18,29.570,29570,17,5
950,18,2,27,14:53:52,23.029,23029,17,5
950,836,2,27,14:54:13,24.104,24104,17,5
950,815,3,28,14:55:33,22.351,22351,17,5
950,828,2,28,14:55:48,23.563,23563,17,5
950,837,2,28,14:56:08,24.635,24635,17,5
950,822,3,30,14:58:55,22.747,22747,17,5
950,1,5,30,14:59:03,22.698,22698,17,5
950,13,2,31,15:00:34,23.349,23349,17,5
950,4,2,32,15:02:40,22.927,22927,17,5
950,832,3,33,15:04:13,24.269,24269,17,5
950,154,3,33,15:04:55,23.342,23342,17,5
950,821,2,34,15:06:14,22.963,22963,17,5
950,826,3,35,15:07:13,22.684,22684,17,5
950,20,3,35,15:07:15,22.350,22350,17,5
950,825,3,35,15:08:20,22.677,22677,17,5
950,3,2,36,15:08:27,23.559,23559,17,5
950,817,3,37,15:10:56,22.426,22426,17,5
950,8,3,37,15:11:04,22.832,22832,17,5
950,835,3,38,15:13:56,24.099,24099,17,5
950,830,3,39,15:14:39,23.130,23130,17,5
950,831,3,40,15:17:07,25.357,25357,17,5
950,837,3,40,15:17:16,24.369,24369,17,5
950,821,3,43,15:21:59,23.070,23070,17,5
950,836,3,43,15:22:12,24.274,24274,17,5
950,18,3,44,15:23:28,22.510,22510,17,5
950,154,4,44,15:24:06,23.284,23284,17,5
950,807,4,46,15:27:09,22.790,22790,17,5
951,826,1,1,15:05:38,41.282,41282,71,2
951,817,1,1,15:05:43,47.763,47763,71,2
951,828,1,1,15:05:50,30.529,30529,71,2
951,815,1,1,15:06:03,32.800,32800,71,2
951,821,1,1,15:06:09,40.169,40169,71,2
951,826,2,8,15:20:21,38.906,38906,71,2
951,821,2,9,15:22:11,25.037,25037,71,2
951,832,1,11,15:25:31,30.805,30805,71,2
951,831,1,12,15:27:22,30.259,30259,71,2
951,836,1,13,15:29:06,31.433,31433,71,2
951,835,1,14,15:30:40,30.805,30805,71,2
951,822,1,16,15:33:39,29.841,29841,71,2
951,825,1,16,15:34:05,30.585,30585,71,2
951,1,1,17,15:35:21,30.001,30001,71,2
951,154,1,17,15:35:49,31.420,31420,71,2
951,13,1,18,15:37:14,29.551,29551,71,2
951,8,1,20,15:40:29,30.498,30498,71,2
951,18,1,20,15:41:08,30.580,30580,71,2
951,3,1,21,15:41:55,29.709,29709,71,2
951,4,1,21,15:42:40,29.751,29751,71,2
951,830,1,22,15:44:13,30.553,30553,71,2
951,815,2,27,15:53:11,30.400,30400,71,2
951,828,2,28,15:55:13,30.433,30433,71,2
951,817,2,29,15:57:02,31.205,31205,71,2
951,836,2,39,16:14:54,57.151,57151,71,2
951,13,2,46,16:25:17,30.065,30065,71,2
952,13,1,8,14:17:31,21.384,21384,4,109
952,815,1,9,14:18:56,22.679,22679,4,109
952,826,1,9,14:19:03,23.277,23277,4,109
952,828,1,9,14:19:07,22.840,22840,4,109
952,832,1,10,14:20:24,22.874,22874,4,109
952,18,1,10,14:20:28,22.280,22280,4,109
952,807,1,10,14:20:31,22.176,22176,4,109
952,825,1,10,14:20:34,22.843,22843,4,109
952,817,1,11,14:21:44,21.738,21738,4,109
952,4,1,11,14:22:02,21.795,21795,4,109
952,835,1,11,14:22:09,23.283,23283,4,109
952,836,1,11,14:22:14,24.554,24554,4,109
952,830,1,12,14:23:18,22.369,22369,4,109
952,8,1,12,14:23:25,22.107,22107,4,109
952,822,1,12,14:23:27,21.856,21856,4,109
952,831,1,12,14:23:45,22.976,22976,4,109
952,20,1,15,14:27:51,21.643,21643,4,109
952,154,1,15,14:28:12,23.187,23187,4,109
952,821,1,16,14:29:51,23.206,23206,4,109
952,837,1,22,14:39:41,28.753,28753,4,109
952,828,2,24,14:42:39,23.122,23122,4,109
952,13,2,25,14:43:57,22.568,22568,4,109
952,826,2,25,14:44:06,22.234,22234,4,109
952,817,2,28,14:47:45,22.104,22104,4,109
952,20,2,29,14:49:18,22.617,22617,4,109
952,154,2,29,14:50:06,22.844,22844,4,109
952,821,2,30,14:51:38,22.430,22430,4,109
952,825,2,30,14:51:49,23.165,23165,4,109
952,835,2,33,14:56:34,22.397,22397,4,109
952,836,2,33,14:56:46,24.387,24387,4,109
952,830,2,34,14:56:52,22.348,22348,4,109
952,8,2,35,14:58:25,22.169,22169,4,109
952,815,2,35,14:59:10,21.918,21918,4,109
952,18,2,36,15:00:49,22.590,22590,4,109
952,831,2,36,15:01:17,23.090,23090,4,109
952,20,3,37,15:01:30,21.603,21603,4,109
952,154,3,37,15:02:52,34.832,34832,4,109
952,832,2,38,15:03:35,22.937,22937,4,109
952,822,2,39,15:04:59,22.443,22443,4,109
952,4,2,39,15:05:28,22.987,22987,4,109
952,828,3,40,15:07:25,22.897,22897,4,109
952,13,3,41,15:08:28,21.831,21831,4,109
952,817,3,43,15:10:31,21.683,21683,4,109
952,837,2,48,15:20:28,26.186,26186,4,109
952,826,3,51,15:23:51,22.769,22769,4,109
952,825,3,55,15:30:33,22.122,22122,4,109
952,817,4,65,15:43:55,23.133,23133,4,109
953,826,1,1,14:03:20,1:32.609,92609,6,7
953,826,2,2,14:07:55,19.918,19918,6,7
953,825,1,7,14:15:27,25.583,25583,6,7
953,18,1,8,14:17:20,25.766,25766,6,7
953,831,1,8,14:17:30,28.242,28242,6,7
953,826,3,7,14:17:32,27.698,27698,6,7
953,828,1,11,14:22:52,27.176,27176,6,7
953,837,1,11,14:22:57,29.117,29117,6,7
953,830,1,12,14:24:33,25.604,25604,6,7
953,20,1,13,14:25:55,25.114,25114,6,7
953,4,1,14,14:27:38,25.512,25512,6,7
953,807,1,15,14:29:11,25.215,25215,6,7
953,822,1,15,14:29:22,27.364,27364,6,7
953,154,1,15,14:29:44,33.490,33490,6,7
953,821,1,16,14:31:01,26.044,26044,6,7
953,3,1,20,14:37:17,26.698,26698,6,7
953,13,1,20,14:37:38,24.934,24934,6,7
953,832,1,21,14:38:53,27.738,27738,6,7
953,815,1,21,14:38:55,25.714,25714,6,7
953,825,2,21,14:40:27,38.811,38811,6,7
953,817,1,23,14:41:40,25.054,25054,6,7
953,828,2,29,14:52:28,26.435,26435,6,7
953,815,2,30,14:53:05,25.608,25608,6,7
953,18,2,30,14:53:13,25.450,25450,6,7
953,825,3,29,14:53:21,25.879,25879,6,7
953,822,2,30,14:54:01,25.478,25478,6,7
953,154,2,30,14:54:03,25.111,25111,6,7
953,1,1,31,14:54:06,26.315,26315,6,7
953,3,2,31,14:54:34,27.680,27680,6,7
953,20,2,31,14:54:36,25.561,25561,6,7
953,807,2,31,14:54:39,27.064,27064,6,7
953,832,2,31,14:54:40,28.112,28112,6,7
953,830,2,31,14:54:44,25.459,25459,6,7
953,836,1,31,14:55:34,26.517,26517,6,7
953,817,2,32,14:55:37,35.327,35327,6,7
953,4,2,32,14:56:10,26.836,26836,6,7
953,821,2,32,14:56:16,27.407,27407,6,7
953,13,2,32,14:56:25,25.182,25182,6,7
953,831,2,32,14:57:11,27.166,27166,6,7
953,825,4,32,14:58:47,31.241,31241,6,7
953,837,2,34,15:00:18,27.380,27380,6,7
953,837,3,47,15:21:24,26.292,26292,6,7
953,831,3,48,15:21:45,45.700,45700,6,7
953,822,3,49,15:22:23,24.673,24673,6,7
953,828,3,49,15:23:18,33.342,33342,6,7
954,831,1,9,14:15:49,23.987,23987,7,13
954,20,1,11,14:17:58,22.597,22597,7,13
954,8,1,11,14:18:14,22.820,22820,7,13
954,836,1,11,14:18:36,24.784,24784,7,13
954,832,1,13,14:21:10,23.517,23517,7,13
954,821,1,13,14:21:13,23.412,23412,7,13
954,828,1,14,14:22:44,22.957,22957,7,13
954,837,1,15,14:24:03,29.732,29732,7,13
954,4,1,17,14:26:24,27.952,27952,7,13
954,154,1,17,14:26:26,23.680,23680,7,13
954,826,1,17,14:26:28,23.000,23000,7,13
954,830,1,20,14:29:59,23.586,23586,7,13
954,817,1,21,14:31:21,22.872,22872,7,13
954,3,1,21,14:31:29,22.466,22466,7,13
954,807,1,21,14:31:34,22.876,22876,7,13
954,13,1,22,14:32:47,22.925,22925,7,13
954,822,1,23,14:33:59,22.184,22184,7,13
954,1,1,24,14:35:00,22.243,22243,7,13
954,815,1,30,14:43:33,22.556,22556,7,13
954,8,2,33,14:47:15,23.263,23263,7,13
954,831,2,35,14:51:16,23.608,23608,7,13
954,20,2,37,14:51:55,22.361,22361,7,13
954,817,2,38,14:53:47,24.018,24018,7,13
954,836,2,38,14:54:55,24.516,24516,7,13
954,154,2,39,14:55:43,23.055,23055,7,13
954,828,2,39,14:56:10,23.299,23299,7,13
954,825,1,39,14:56:12,23.162,23162,7,13
954,821,2,41,14:58:41,23.928,23928,7,13
954,826,2,44,15:02:16,22.627,22627,7,13
954,837,2,44,15:03:24,25.069,25069,7,13
954,830,2,46,15:04:02,22.909,22909,7,13
954,815,2,46,15:04:50,24.757,24757,7,13
954,154,3,46,15:05:13,32.114,32114,7,13
954,832,2,48,15:07:17,24.445,24445,7,13
954,3,2,51,15:10:35,22.728,22728,7,13
954,807,2,51,15:11:06,23.111,23111,7,13
955,837,1,1,17:05:57,33.405,33405,73,-7
955,832,1,4,17:11:34,22.028,22028,73,-7
955,830,1,5,17:13:24,20.069,20069,73,-7
955,4,1,5,17:13:24,20.282,20282,73,-7
955,826,1,5,17:13:37,24.802,24802,73,-7
955,817,1,6,17:15:04,19.840,19840,73,-7
955,18,1,6,17:15:21,20.185,20185,73,-7
955,825,1,6,17:15:24,20.772,20772,73,-7
955,13,1,7,17:17:02,19.445,19445,73,-7
955,831,1,7,17:17:13,20.670,20670,73,-7
955,8,1,8,17:18:49,20.593,20593,73,-7
955,821,1,8,17:19:20,29.227,29227,73,-7
955,154,1,10,17:22:51,21.132,21132,73,-7
955,835,1,11,17:24:54,20.965,20965,73,-7
955,1,1,15,17:31:52,20.108,20108,73,-7
955,815,1,16,17:33:39,20.614,20614,73,-7
955,828,1,16,17:34:12,21.083,21083,73,-7
955,822,1,19,17:39:20,19.732,19732,73,-7
955,20,1,20,17:40:51,20.422,20422,73,-7
955,807,1,20,17:41:18,20.347,20347,73,-7
955,830,2,20,17:41:33,22.497,22497,73,-7
955,3,1,21,17:42:18,20.058,20058,73,-7
955,817,2,22,17:45:00,20.155,20155,73,-7
955,4,2,24,17:48:59,20.654,20654,73,-7
955,831,2,24,17:49:03,20.713,20713,73,-7
955,18,2,25,17:50:53,20.640,20640,73,-7
955,828,2,25,17:51:13,20.559,20559,73,-7
955,154,2,26,17:52:45,23.588,23588,73,-7
955,832,2,27,17:54:32,21.030,21030,73,-7
955,13,2,28,17:56:01,19.858,19858,73,-7
955,836,1,29,17:58:28,26.187,26187,73,-7
955,821,2,29,17:58:37,21.533,21533,73,-7
955,835,2,31,18:02:14,20.561,20561,73,-7
956,807,1,8,14:12:55,22.601,22601,70,678
956,4,1,8,14:13:00,21.924,21924,70,678
956,18,1,9,14:14:05,22.859,22859,70,678
956,822,1,9,14:14:09,21.047,21047,70,678
956,832,1,9,14:14:11,22.605,22605,70,678
956,815,1,9,14:14:12,21.883,21883,70,678
956,3,1,10,14:15:15,21.890,21890,70,678
956,825,1,11,14:16:43,22.033,22033,70,678
956,835,1,12,14:17:57,21.745,21745,70,678
956,13,1,12,14:18:00,21.097,21097,70,678
956,828,1,12,14:18:03,22.980,22980,70,678
956,836,1,13,14:19:05,22.613,22613,70,678
956,817,1,14,14:20:04,21.183,21183,70,678
956,830,1,15,14:21:12,21.945,21945,70,678
956,1,1,21,14:28:15,22.918,22918,70,678
956,821,1,21,14:29:00,22.053,22053,70,678
956,8,1,22,14:29:32,21.916,21916,70,678
956,836,2,23,14:31:36,23.738,23738,70,678
956,807,2,24,14:32:37,21.580,21580,70,678
956,18,2,26,14:35:01,22.035,22035,70,678
956,154,1,26,14:35:02,22.662,22662,70,678
956,4,2,26,14:35:08,22.879,22879,70,678
956,815,2,26,14:35:10,21.412,21412,70,678
956,837,1,27,14:36:58,23.326,23326,70,678
956,3,2,28,14:38:13,17.959,17959,70,678
956,836,3,27,14:38:14,18.064,18064,70,678
956,1,2,28,14:38:16,16.983,16983,70,678
956,830,2,28,14:38:17,17.165,17165,70,678
956,817,2,28,14:38:18,19.408,19408,70,678
956,8,2,28,14:38:20,21.206,21206,70,678
956,822,2,28,14:38:22,20.876,20876,70,678
956,831,1,28,14:38:23,20.929,20929,70,678
956,832,2,28,14:38:24,33.462,33462,70,678
956,18,3,28,14:38:27,18.307,18307,70,678
956,154,2,28,14:38:29,18.860,18860,70,678
956,825,2,28,14:38:32,17.721,17721,70,678
956,13,2,28,14:38:33,17.388,17388,70,678
956,835,2,28,14:38:35,16.851,16851,70,678
956,4,3,28,14:38:36,16.764,16764,70,678
956,815,3,28,14:38:37,16.544,16544,70,678
956,828,2,28,14:38:39,16.419,16419,70,678
956,807,3,28,14:38:40,16.227,16227,70,678
956,821,2,28,14:38:43,16.475,16475,70,678
956,837,2,28,14:38:45,16.218,16218,70,678
956,3,3,29,14:40:18,18.220,18220,70,678
956,836,4,28,14:40:19,18.342,18342,70,678
956,1,3,29,14:40:21,18.716,18716,70,678
956,830,3,29,14:40:22,18.455,18455,70,678
956,817,3,29,14:40:23,18.347,18347,70,678
956,8,3,29,14:40:26,18.455,18455,70,678
956,822,3,29,14:40:27,17.800,17800,70,678
956,831,2,29,14:40:29,17.739,17739,70,678
956,18,4,29,14:40:31,18.964,18964,70,678
956,154,3,29,14:40:32,19.554,19554,70,678
956,825,3,29,14:40:34,19.611,19611,70,678
956,13,3,29,14:40:35,19.015,19015,70,678
956,835,3,29,14:40:37,18.382,18382,70,678
956,4,4,29,14:40:38,18.194,18194,70,678
956,815,4,29,14:40:39,17.970,17970,70,678
956,828,3,29,14:40:41,19.041,19041,70,678
956,807,4,29,14:40:42,19.028,19028,70,678
956,832,3,29,14:40:43,18.636,18636,70,678
956,821,3,29,14:40:44,18.308,18308,70,678
956,837,3,29,14:40:46,17.828,17828,70,678
956,821,4,41,14:56:13,21.921,21921,70,678
956,831,3,43,14:58:35,22.707,22707,70,678
956,825,4,49,15:05:46,27.119,27119,70,678
956,807,5,50,15:06:56,27.834,27834,70,678
956,835,4,50,15:06:59,22.728,22728,70,678
956,828,4,50,15:07:01,24.326,24326,70,678
956,837,4,50,15:07:11,25.234,25234,70,678
956,822,4,51,15:07:54,21.639,21639,70,678
956,1,4,54,15:10:44,22.109,22109,70,678
956,3,4,55,15:11:53,21.035,21035,70,678
956,13,4,56,15:13:53,21.231,21231,70,678
956,817,4,60,15:18:09,22.284,22284,70,678
957,8,1,5,13:14:16,29.578,29578,9,153
957,822,1,5,13:14:17,29.808,29808,9,153
957,832,1,5,13:14:18,30.786,30786,9,153
957,807,1,5,13:14:18,30.747,30747,9,153
957,4,1,5,13:14:19,32.374,32374,9,153
957,20,1,5,13:14:20,31.381,31381,9,153
957,154,1,5,13:14:21,31.632,31632,9,153
957,821,1,5,13:14:22,41.508,41508,9,153
957,825,1,5,13:14:23,30.804,30804,9,153
957,836,1,5,13:14:25,31.812,31812,9,153
957,817,1,6,13:16:16,30.198,30198,9,153
957,13,1,6,13:16:20,29.243,29243,9,153
957,826,1,6,13:16:22,30.315,30315,9,153
957,18,1,6,13:16:23,30.093,30093,9,153
957,835,1,6,13:16:27,29.784,29784,9,153
957,837,1,6,13:16:29,29.998,29998,9,153
957,1,1,7,13:18:15,30.343,30343,9,153
957,3,1,7,13:18:22,29.395,29395,9,153
957,830,1,7,13:18:23,31.995,31995,9,153
957,815,1,7,13:18:27,29.475,29475,9,153
957,831,1,7,13:18:46,30.981,30981,9,153
957,828,1,7,13:18:48,35.393,35393,9,153
957,828,2,10,13:25:31,1:44.980,104980,9,153
957,20,2,15,13:34:24,29.163,29163,9,153
957,8,2,16,13:36:00,30.462,30462,9,153
957,13,2,16,13:36:16,29.403,29403,9,153
957,826,2,16,13:36:19,30.327,30327,9,153
957,822,2,16,13:36:28,29.282,29282,9,153
957,831,2,16,13:36:33,30.143,30143,9,153
957,154,2,16,13:36:36,30.882,30882,9,153
957,835,2,16,13:36:38,55.697,55697,9,153
957,1,2,17,13:37:20,28.728,28728,9,153
957,3,2,17,13:37:29,29.715,29715,9,153
957,815,2,17,13:37:40,28.915,28915,9,153
957,817,2,17,13:37:41,29.813,29813,9,153
957,832,2,17,13:37:56,29.895,29895,9,153
957,807,2,17,13:38:06,29.867,29867,9,153
957,4,2,17,13:38:11,28.799,28799,9,153
957,18,2,17,13:38:19,29.588,29588,9,153
957,825,2,17,13:38:33,29.201,29201,9,153
957,821,2,17,13:38:37,29.884,29884,9,153
957,837,2,17,13:38:55,30.135,30135,9,153
957,830,2,18,13:39:11,29.429,29429,9,153
957,835,3,19,13:42:54,41.486,41486,9,153
957,13,3,38,14:13:29,29.346,29346,9,153
957,4,3,39,14:15:22,28.936,28936,9,153
957,825,3,40,14:17:42,28.450,28450,9,153
958,18,1,7,14:14:06,22.229,22229,11,264
958,836,1,9,14:16:53,23.486,23486,11,264
958,18,2,10,14:18:47,16.486,16486,11,264
958,831,1,11,14:19:45,22.778,22778,11,264
958,20,1,14,14:23:42,21.640,21640,11,264
958,807,1,14,14:24:03,22.014,22014,11,264
958,154,1,14,14:24:03,22.427,22427,11,264
958,817,1,15,14:25:05,22.241,22241,11,264
958,4,1,15,14:25:20,22.099,22099,11,264
958,821,1,15,14:25:32,22.828,22828,11,264
958,1,1,16,14:26:24,21.441,21441,11,264
958,830,1,16,14:26:36,22.389,22389,11,264
958,832,1,16,14:26:49,22.960,22960,11,264
958,822,1,16,14:26:54,21.704,21704,11,264
958,3,1,17,14:27:51,21.233,21233,11,264
958,828,1,17,14:28:54,23.873,23873,11,264
958,825,1,24,14:38:48,21.990,21990,11,264
958,826,1,24,14:39:02,22.105,22105,11,264
958,13,1,25,14:40:31,21.793,21793,11,264
958,835,1,26,14:41:39,21.892,21892,11,264
958,815,1,27,14:43:00,22.689,22689,11,264
958,18,3,28,14:45:17,22.718,22718,11,264
958,8,1,29,14:45:43,21.951,21951,11,264
958,837,1,29,14:46:44,24.254,24254,11,264
958,817,2,33,14:51:15,22.006,22006,11,264
958,836,2,35,14:55:42,22.765,22765,11,264
958,154,2,36,14:56:35,22.303,22303,11,264
958,825,2,36,14:56:36,22.051,22051,11,264
958,821,2,37,14:58:00,22.520,22520,11,264
958,830,2,38,14:58:38,21.687,21687,11,264
958,807,2,39,15:00:48,23.350,23350,11,264
958,835,2,39,15:00:49,21.665,21665,11,264
958,831,2,39,15:01:04,22.965,22965,11,264
958,815,2,40,15:02:11,29.941,29941,11,264
958,1,2,41,15:02:31,21.773,21773,11,264
958,20,2,41,15:02:46,21.535,21535,11,264
958,3,2,42,15:03:58,22.351,22351,11,264
958,832,2,42,15:04:57,22.417,22417,11,264
958,822,2,43,15:06:27,21.405,21405,11,264
958,4,2,44,15:07:43,21.897,21897,11,264
958,828,2,45,15:10:26,23.198,23198,11,264
958,826,2,46,15:11:10,27.951,27951,11,264
958,8,2,50,15:15:47,21.857,21857,11,264
958,828,3,62,15:35:34,23.308,23308,11,264
958,13,2,65,15:39:36,22.366,22366,11,264
959,835,1,2,14:06:10,19.298,19298,10,103
959,826,1,7,14:13:06,23.243,23243,10,103
959,831,1,7,14:13:07,29.865,29865,10,103
959,815,1,8,14:14:25,19.233,19233,10,103
959,832,1,9,14:15:46,22.751,22751,10,103
959,13,1,9,14:15:48,18.590,18590,10,103
959,830,1,11,14:18:08,19.017,19017,10,103
959,3,1,11,14:18:12,19.693,19693,10,103
959,825,1,11,14:18:33,19.034,19034,10,103
959,817,1,12,14:19:31,18.964,18964,10,103
959,822,1,12,14:19:43,18.796,18796,10,103
959,807,1,12,14:19:45,19.608,19608,10,103
959,836,1,12,14:20:05,19.813,19813,10,103
959,20,1,13,14:20:57,19.230,19230,10,103
959,18,1,13,14:21:12,19.427,19427,10,103
959,837,1,13,14:21:38,31.317,31317,10,103
959,1,1,14,14:22:05,18.650,18650,10,103
959,8,1,14,14:22:21,22.393,22393,10,103
959,4,1,14,14:22:38,19.258,19258,10,103
959,828,1,16,14:25:46,20.148,20148,10,103
959,154,1,17,14:26:51,20.301,20301,10,103
959,831,2,19,14:30:11,19.944,19944,10,103
959,821,1,25,14:38:07,20.099,20099,10,103
959,835,2,25,14:38:38,26.688,26688,10,103
959,13,2,26,14:39:36,36.395,36395,10,103
959,836,2,26,14:39:43,19.626,19626,10,103
959,3,2,27,14:40:04,18.936,18936,10,103
959,815,2,27,14:40:47,19.223,19223,10,103
959,830,2,28,14:41:22,19.137,19137,10,103
959,4,2,28,14:42:04,19.440,19440,10,103
959,826,2,28,14:42:23,20.227,20227,10,103
959,832,2,29,14:43:41,19.747,19747,10,103
959,20,2,31,14:45:38,19.472,19472,10,103
959,18,2,31,14:46:05,19.124,19124,10,103
959,8,2,32,14:47:02,19.142,19142,10,103
959,807,2,32,14:47:20,19.144,19144,10,103
959,825,2,32,14:47:45,19.159,19159,10,103
959,817,2,33,14:48:12,18.738,18738,10,103
959,837,2,32,14:48:35,20.919,20919,10,103
959,822,2,33,14:48:41,19.183,19183,10,103
959,1,2,34,14:49:19,18.504,18504,10,103
959,828,2,33,14:49:34,19.318,19318,10,103
959,831,3,42,15:02:30,19.755,19755,10,103
959,815,3,43,15:02:46,19.379,19379,10,103
959,154,2,43,15:03:00,19.863,19863,10,103
959,3,3,44,15:03:08,28.364,28364,10,103
959,807,3,44,15:03:45,19.907,19907,10,103
959,830,3,45,15:04:32,18.967,18967,10,103
959,817,3,46,15:05:49,18.979,18979,10,103
959,20,3,46,15:06:01,19.000,19000,10,103
959,835,3,45,15:06:33,19.725,19725,10,103
959,18,3,46,15:06:40,19.268,19268,10,103
959,1,3,47,15:06:57,18.475,18475,10,103
959,8,3,47,15:07:26,19.525,19525,10,103
959,836,3,46,15:07:36,19.658,19658,10,103
959,4,3,47,15:08:04,19.127,19127,10,103
959,821,2,47,15:08:16,19.326,19326,10,103
959,826,3,49,15:11:20,19.264,19264,10,103
959,837,3,49,15:12:22,21.186,21186,10,103
959,832,3,51,15:13:57,19.547,19547,10,103
960,830,1,1,14:05:46,31.235,31235,13,401
960,831,1,1,14:05:52,26.390,26390,13,401
960,20,1,1,14:05:53,22.403,22403,13,401
960,8,1,1,14:06:21,1:27.084,87084,13,401
960,13,1,2,14:07:44,22.484,22484,13,401
960,807,1,6,14:15:53,23.564,23564,13,401
960,8,2,5,14:15:56,23.061,23061,13,401
960,815,1,6,14:16:04,23.783,23783,13,401
960,154,1,6,14:16:08,23.705,23705,13,401
960,835,1,6,14:16:08,22.698,22698,13,401
960,839,1,6,14:16:18,28.718,28718,13,401
960,822,1,7,14:18:36,22.190,22190,13,401
960,821,1,7,14:18:38,23.486,23486,13,401
960,3,1,9,14:24:29,16:36.150,996150,13,401
960,817,1,9,14:24:30,16:38.401,998401,13,401
960,807,2,9,14:24:31,16:38.468,998468,13,401
960,4,1,9,14:24:32,16:38.234,998234,13,401
960,1,1,9,14:24:34,16:40.478,1000478,13,401
960,13,2,9,14:24:35,16:40.664,1000664,13,401
960,815,2,9,14:24:36,16:40.284,1000284,13,401
960,826,1,9,14:24:38,16:40.466,1000466,13,401
960,835,2,9,14:24:40,16:40.234,1000234,13,401
960,154,2,9,14:24:42,16:39.366,999366,13,401
960,20,2,9,14:24:44,16:38.511,998511,13,401
960,822,2,9,14:24:46,16:38.328,998328,13,401
960,821,2,9,14:24:48,16:38.622,998622,13,401
960,830,2,9,14:24:49,16:38.546,998546,13,401
960,839,2,9,14:24:51,16:40.980,1000980,13,401
960,831,2,9,14:24:52,16:41.198,1001198,13,401
960,8,3,9,14:25:53,15:43.158,943158,13,401
960,830,3,16,14:55:40,23.231,23231,13,401
960,1,2,21,15:05:00,24.343,24343,13,401
960,826,2,21,15:05:19,23.359,23359,13,401
960,13,3,22,15:07:04,22.515,22515,13,401
960,821,3,22,15:07:18,23.561,23561,13,401
960,835,3,22,15:07:20,23.333,23333,13,401
960,807,3,23,15:08:55,24.015,24015,13,401
960,4,2,23,15:08:57,22.451,22451,13,401
960,20,3,23,15:09:03,22.762,22762,13,401
960,822,3,23,15:09:06,22.318,22318,13,401
960,154,3,23,15:09:21,23.107,23107,13,401
960,831,3,23,15:09:23,30.238,30238,13,401
960,815,3,24,15:10:56,22.652,22652,13,401
960,8,4,24,15:11:06,23.056,23056,13,401
960,839,3,24,15:11:25,24.208,24208,13,401
960,817,2,25,15:12:33,22.531,22531,13,401
960,3,2,26,15:14:15,22.596,22596,13,401
960,830,4,27,15:17:02,22.727,22727,13,401
960,1,3,32,15:26:06,22.432,22432,13,401
960,835,4,34,15:30:48,22.578,22578,13,401
960,826,3,35,15:32:37,23.363,23363,13,401
961,835,1,2,14:06:49,33.275,33275,14,162
961,831,1,2,14:07:30,27.786,27786,14,162
961,831,2,4,14:11:17,13:30.454,810454,14,162
961,822,1,13,14:22:38,24.161,24161,14,162
961,830,1,13,14:22:46,24.610,24610,14,162
961,4,1,13,14:22:49,26.843,26843,14,162
961,826,1,13,14:23:07,25.183,25183,14,162
961,807,1,14,14:24:20,24.043,24043,14,162
961,825,1,14,14:24:42,24.505,24505,14,162
961,8,1,15,14:25:27,24.116,24116,14,162
961,815,1,15,14:25:39,24.537,24537,14,162
961,18,1,15,14:26:00,26.427,26427,14,162
961,831,3,5,14:26:32,36.594,36594,14,162
961,20,1,16,14:26:54,25.472,25472,14,162
961,817,1,16,14:27:03,23.745,23745,14,162
961,13,1,16,14:27:13,23.940,23940,14,162
961,836,1,16,14:27:29,25.962,25962,14,162
961,821,1,16,14:27:38,25.150,25150,14,162
961,832,1,23,14:38:06,25.301,25301,14,162
961,828,1,23,14:38:08,25.145,25145,14,162
961,3,1,24,14:38:25,25.550,25550,14,162
961,1,1,25,14:40:05,23.633,23633,14,162
961,815,2,28,14:45:06,24.033,24033,14,162
961,154,1,28,14:45:26,25.340,25340,14,162
961,822,2,30,14:47:55,23.899,23899,14,162
961,825,2,30,14:49:06,23.757,23757,14,162
961,20,2,33,14:52:00,25.033,25033,14,162
961,839,1,32,14:52:20,25.539,25539,14,162
961,807,2,33,14:52:41,24.553,24553,14,162
961,4,2,33,14:52:50,23.694,23694,14,162
961,826,2,33,14:53:29,24.363,24363,14,162
961,8,2,34,14:53:31,24.279,24279,14,162
961,821,2,34,14:54:36,25.515,25515,14,162
961,830,2,35,14:55:22,23.827,23827,14,162
961,13,2,36,14:56:59,23.822,23822,14,162
961,817,2,37,14:58:08,23.633,23633,14,162
961,18,2,38,15:00:16,24.418,24418,14,162
961,832,2,39,15:02:07,24.341,24341,14,162
961,4,3,49,15:16:39,24.082,24082,14,162
962,3,1,1,20:06:14,26.350,26350,15,18
962,817,1,1,20:06:15,25.925,25925,15,18
962,1,1,1,20:06:19,24.453,24453,15,18
962,8,1,1,20:06:21,24.874,24874,15,18
962,4,1,1,20:06:22,24.649,24649,15,18
962,826,1,1,20:06:24,24.584,24584,15,18
962,832,1,1,20:06:25,25.973,25973,15,18
962,830,1,1,20:06:26,25.740,25740,15,18
962,13,1,1,20:06:27,25.929,25929,15,18
962,825,1,1,20:06:28,25.816,25816,15,18
962,828,1,1,20:06:30,26.135,26135,15,18
962,815,1,1,20:06:31,32.821,32821,15,18
962,821,1,1,20:06:32,26.519,26519,15,18
962,18,1,1,20:06:33,42.815,42815,15,18
962,822,1,1,20:06:40,32.709,32709,15,18
962,836,1,1,20:06:42,24.308,24308,15,18
962,839,1,1,20:06:43,24.343,24343,15,18
962,831,1,1,20:06:44,25.057,25057,15,18
962,835,1,1,20:06:45,25.211,25211,15,18
962,20,1,1,20:06:48,24.342,24342,15,18
962,832,2,7,20:18:50,29.846,29846,15,18
962,828,2,8,20:20:49,29.706,29706,15,18
962,835,2,11,20:26:49,28.847,28847,15,18
962,830,2,13,20:30:12,28.815,28815,15,18
962,4,2,14,20:31:59,29.401,29401,15,18
962,817,2,15,20:33:33,28.890,28890,15,18
962,1,2,15,20:33:37,29.150,29150,15,18
962,826,2,15,20:33:53,30.301,30301,15,18
962,822,2,15,20:34:33,28.780,28780,15,18
962,18,2,15,20:34:34,28.998,28998,15,18
962,3,2,16,20:35:17,30.546,30546,15,18
962,13,2,16,20:35:53,28.682,28682,15,18
962,8,2,17,20:37:28,29.041,29041,15,18
962,825,2,17,20:37:54,28.759,28759,15,18
962,831,2,17,20:38:03,30.297,30297,15,18
962,821,2,18,20:39:52,30.307,30307,15,18
962,836,2,18,20:40:10,30.532,30532,15,18
962,839,2,19,20:42:20,1:44.383,104383,15,18
962,20,2,24,20:51:16,28.924,28924,15,18
962,815,2,25,20:53:08,28.742,28742,15,18
962,828,3,25,20:53:46,29.468,29468,15,18
962,830,3,27,20:56:59,28.948,28948,15,18
962,832,3,27,20:57:18,29.320,29320,15,18
962,18,3,27,20:57:36,29.025,29025,15,18
962,13,3,28,20:58:52,29.578,29578,15,18
962,822,3,30,21:03:12,28.545,28545,15,18
962,817,3,32,21:05:33,28.921,28921,15,18
962,3,3,33,21:07:19,28.970,28970,15,18
962,822,4,32,21:07:22,1:03.680,63680,15,18
962,8,3,33,21:07:36,29.135,29135,15,18
962,1,3,34,21:09:30,28.421,28421,15,18
962,4,3,34,21:10:00,30.381,30381,15,18
962,835,3,34,21:11:01,28.804,28804,15,18
962,831,3,35,21:12:35,29.537,29537,15,18
962,839,3,34,21:12:43,30.614,30614,15,18
962,821,3,36,21:14:20,30.160,30160,15,18
962,836,3,36,21:14:53,30.471,30471,15,18
962,828,4,36,21:15:00,29.680,29680,15,18
962,826,3,37,21:15:47,29.205,29205,15,18
962,825,3,38,21:17:53,29.754,29754,15,18
962,20,3,42,21:24:58,29.391,29391,15,18
962,13,4,43,21:27:23,29.903,29903,15,18
962,830,4,44,21:28:59,28.854,28854,15,18
962,1,4,45,21:30:08,28.315,28315,15,18
962,8,4,46,21:31:56,28.954,28954,15,18
962,817,4,47,21:33:41,28.662,28662,15,18
962,839,4,45,21:34:04,42.368,42368,15,18
962,832,4,48,21:37:18,29.377,29377,15,18
963,826,1,1,15:06:13,32.413,32413,2,18
963,13,1,1,15:06:15,23.528,23528,2,18
963,825,1,1,15:06:24,30.679,30679,2,18
963,821,1,1,15:06:25,30.782,30782,2,18
963,13,2,6,15:15:25,24.425,24425,2,18
963,830,1,9,15:20:26,23.935,23935,2,18
963,815,1,9,15:20:38,27.024,27024,2,18
963,18,1,9,15:20:44,24.738,24738,2,18
963,807,1,9,15:20:45,26.609,26609,2,18
963,4,1,9,15:20:50,25.195,25195,2,18
963,3,1,9,15:20:50,23.750,23750,2,18
963,836,1,9,15:20:59,25.820,25820,2,18
963,839,1,12,15:26:26,25.368,25368,2,18
963,1,1,20,15:39:17,23.689,23689,2,18
963,8,1,20,15:39:31,24.584,24584,2,18
963,832,1,20,15:40:01,24.400,24400,2,18
963,817,1,21,15:41:04,24.197,24197,2,18
963,828,1,21,15:41:45,25.272,25272,2,18
963,821,2,22,15:44:09,24.814,24814,2,18
963,830,2,27,15:51:10,23.856,23856,2,18
963,4,2,27,15:52:01,24.061,24061,2,18
963,807,2,28,15:53:41,24.012,24012,2,18
963,822,1,29,15:55:11,23.828,23828,2,18
963,826,2,29,15:55:54,24.338,24338,2,18
963,836,2,30,15:57:42,26.156,26156,2,18
963,3,2,31,15:58:19,24.661,24661,2,18
963,835,1,31,15:59:04,23.928,23928,2,18
963,839,2,31,15:59:29,33.338,33338,2,18
963,13,3,31,15:59:30,23.778,23778,2,18
963,8,2,32,15:59:55,24.412,24412,2,18
963,815,2,32,16:00:19,23.947,23947,2,18
963,831,1,32,16:00:57,24.697,24697,2,18
963,18,2,37,16:08:59,24.645,24645,2,18
963,832,2,37,16:09:13,24.473,24473,2,18
963,828,2,37,16:09:14,24.706,24706,2,18
963,821,3,39,16:13:44,25.006,25006,2,18
963,8,3,40,16:13:46,24.809,24809,2,18
963,4,3,40,16:14:25,23.920,23920,2,18
963,807,3,40,16:14:32,25.192,25192,2,18
963,817,2,41,16:15:24,24.408,24408,2,18
963,830,3,41,16:15:26,28.274,28274,2,18
963,826,3,40,16:15:33,24.718,24718,2,18
963,3,3,41,16:15:58,23.476,23476,2,18
963,836,3,41,16:18:14,25.201,25201,2,18
964,4,1,9,14:19:03,22.786,22786,22,45
964,830,1,10,14:20:15,22.855,22855,22,45
964,817,1,10,14:20:26,22.996,22996,22,45
964,154,1,10,14:20:36,23.741,23741,22,45
964,826,1,10,14:20:38,22.990,22990,22,45
964,807,1,11,14:22:12,22.832,22832,22,45
964,821,1,11,14:22:18,24.110,24110,22,45
964,3,1,12,14:23:28,22.673,22673,22,45
964,20,1,12,14:23:35,23.226,23226,22,45
964,815,1,12,14:23:45,23.605,23605,22,45
964,8,1,12,14:23:45,23.244,23244,22,45
964,839,1,12,14:24:19,24.973,24973,22,45
964,1,1,13,14:25:25,22.989,22989,22,45
964,832,1,13,14:25:40,22.986,22986,22,45
964,836,1,13,14:26:05,24.630,24630,22,45
964,18,1,19,14:36:02,24.375,24375,22,45
964,826,2,23,14:42:46,22.943,22943,22,45
964,13,1,24,14:44:11,22.463,22463,22,45
964,835,1,25,14:45:55,23.452,23452,22,45
964,825,1,25,14:46:04,23.072,23072,22,45
964,831,1,25,14:46:10,25.131,25131,22,45
964,8,2,26,14:47:00,22.762,22762,22,45
964,822,1,26,14:47:27,25.007,25007,22,45
964,828,1,26,14:47:42,24.011,24011,22,45
964,4,2,27,14:49:28,23.032,23032,22,45
964,830,2,28,14:49:53,22.788,22788,22,45
964,807,2,28,14:50:32,22.952,22952,22,45
964,821,2,28,14:51:13,23.792,23792,22,45
964,3,2,29,14:51:24,23.150,23150,22,45
964,815,2,29,14:52:07,22.721,22721,22,45
964,154,2,30,14:54:06,25.429,25429,22,45
964,839,2,31,14:56:24,24.256,24256,22,45
964,817,2,32,14:56:52,25.861,25861,22,45
964,1,2,33,14:58:11,22.732,22732,22,45
964,836,2,32,14:58:22,25.461,25461,22,45
964,20,2,34,14:59:47,22.887,22887,22,45
964,18,2,36,15:04:30,23.342,23342,22,45
964,832,2,37,15:06:04,22.938,22938,22,45
965,822,1,1,14:06:03,27.098,27098,69,161
965,817,1,8,14:17:32,23.956,23956,69,161
965,8,1,8,14:17:35,23.989,23989,69,161
965,830,1,9,14:19:21,23.489,23489,69,161
965,3,1,10,14:21:02,23.526,23526,69,161
965,18,1,10,14:21:28,23.613,23613,69,161
965,154,1,10,14:21:30,24.523,24523,69,161
965,815,1,10,14:21:31,23.350,23350,69,161
965,1,1,11,14:22:40,23.601,23601,69,161
965,13,1,11,14:23:03,24.093,24093,69,161
965,832,1,11,14:23:06,24.778,24778,69,161
965,4,1,11,14:23:10,23.683,23683,69,161
965,821,1,13,14:27:00,24.470,24470,69,161
965,825,1,13,14:27:04,24.310,24310,69,161
965,836,1,13,14:27:10,26.059,26059,69,161
965,20,1,14,14:28:08,24.433,24433,69,161
965,835,1,15,14:30:43,24.071,24071,69,161
965,828,1,17,14:34:12,25.229,25229,69,161
965,839,1,17,14:34:34,25.216,25216,69,161
965,822,2,20,14:40:06,25.222,25222,69,161
965,826,1,21,14:41:16,37.837,37837,69,161
965,8,2,24,14:45:43,23.845,23845,69,161
965,817,2,25,14:47:19,23.534,23534,69,161
965,830,2,26,14:49:08,36.112,36112,69,161
965,835,2,26,14:50:20,24.766,24766,69,161
965,839,2,26,14:50:59,27.532,27532,69,161
965,815,2,27,14:51:47,24.467,24467,69,161
965,154,2,27,14:51:52,26.056,26056,69,161
965,825,2,27,14:52:06,24.103,24103,69,161
965,18,2,28,14:53:32,25.635,25635,69,161
965,20,2,29,14:54:23,23.812,23812,69,161
965,13,2,29,14:54:55,23.903,23903,69,161
965,831,1,29,14:55:54,24.244,24244,69,161
965,832,2,30,14:56:49,24.281,24281,69,161
965,4,2,30,14:56:57,25.300,25300,69,161
965,1,2,31,14:57:50,23.575,23575,69,161
965,836,2,30,14:58:04,25.182,25182,69,161
965,3,2,31,14:58:05,24.149,24149,69,161
965,8,3,38,15:11:09,25.384,25384,69,161
965,825,3,43,15:21:37,23.898,23898,69,161
965,839,3,44,15:24:27,24.665,24665,69,161
965,20,3,53,15:37:10,24.156,24156,69,161
965,13,3,54,15:39:55,23.464,23464,69,161
966,817,1,1,13:04:51,22.087,22087,32,2227
966,835,1,1,13:05:06,23.897,23897,32,2227
966,828,1,1,13:05:11,32.608,32608,32,2227
966,154,1,11,13:20:31,22.957,22957,32,2227
966,830,1,12,13:21:26,21.775,21775,32,2227
966,832,1,12,13:21:43,22.747,22747,32,2227
966,825,1,12,13:21:47,22.271,22271,32,2227
966,821,1,12,13:21:51,25.198,25198,32,2227
966,826,1,13,13:23:20,22.665,22665,32,2227
966,807,1,14,13:24:17,22.134,22134,32,2227
966,13,1,14,13:24:24,21.863,21863,32,2227
966,839,1,15,13:26:15,23.866,23866,32,2227
966,4,1,16,13:27:27,22.461,22461,32,2227
966,1,1,17,13:28:16,21.709,21709,32,2227
966,18,1,17,13:28:57,22.438,22438,32,2227
966,822,1,19,13:31:31,22.396,22396,32,2227
966,3,1,20,13:32:32,21.997,21997,32,2227
966,8,1,20,13:32:40,22.398,22398,32,2227
966,815,1,20,13:32:56,22.213,22213,32,2227
966,20,1,32,13:49:30,22.035,22035,32,2227
966,8,2,45,14:07:53,22.974,22974,32,2227
966,4,2,45,14:09:00,25.171,25171,32,2227
966,826,2,47,14:11:56,22.865,22865,32,2227
966,821,2,48,14:13:40,23.110,23110,32,2227
966,831,1,49,14:14:38,23.540,23540,32,2227
966,817,2,50,14:14:47,22.443,22443,32,2227
966,154,2,50,14:16:38,23.678,23678,32,2227
966,825,2,51,14:17:54,22.384,22384,32,2227
967,825,1,7,14:24:31,24.986,24986,18,785
967,18,1,8,14:26:08,24.192,24192,18,785
967,4,1,9,14:27:30,24.821,24821,18,785
967,822,1,9,14:27:31,24.724,24724,18,785
967,13,1,9,14:27:33,29.421,29421,18,785
967,826,1,9,14:27:36,25.758,25758,18,785
967,835,1,9,14:27:40,24.745,24745,18,785
967,828,1,9,14:27:41,25.395,25395,18,785
967,20,1,10,14:29:08,29.981,29981,18,785
967,821,1,12,14:32:18,25.147,25147,18,785
967,830,1,13,14:33:11,24.186,24186,18,785
967,817,1,13,14:33:32,24.623,24623,18,785
967,826,2,17,14:41:54,25.355,25355,18,785
967,835,2,17,14:41:59,24.656,24656,18,785
967,1,1,20,14:47:37,33:30.361,2010361,18,785
967,3,1,20,14:47:40,33:29.747,2009747,18,785
967,830,2,20,14:47:41,33:29.643,2009643,18,785
967,807,1,20,14:47:44,33:28.504,2008504,18,785
967,815,1,20,14:47:46,33:28.398,2008398,18,785
967,832,1,20,14:47:48,33:28.828,2008828,18,785
967,831,1,20,14:47:50,33:28.206,2008206,18,785
967,817,2,20,14:47:52,33:28.600,2008600,18,785
967,839,1,20,14:47:53,33:29.052,2009052,18,785
967,836,1,20,14:47:56,33:28.464,2008464,18,785
967,4,2,20,14:47:57,33:28.789,2008789,18,785
967,822,2,20,14:47:59,33:28.595,2008595,18,785
967,825,2,20,14:48:00,33:28.979,2008979,18,785
967,18,2,20,14:48:04,33:30.062,2010062,18,785
967,20,2,20,14:48:05,33:30.637,2010637,18,785
967,13,2,20,14:48:08,33:29.630,2009630,18,785
967,821,2,20,14:48:09,33:31.147,2011147,18,785
967,826,3,20,14:48:11,33:31.266,2011266,18,785
967,807,2,22,15:25:12,24.282,24282,18,785
967,1,2,28,15:37:24,24:42.048,1482048,18,785
967,3,2,28,15:37:26,24:41.624,1481624,18,785
967,830,3,28,15:37:27,24:41.433,1481433,18,785
967,815,2,28,15:37:29,24:42.290,1482290,18,785
967,832,2,28,15:37:31,24:43.053,1483053,18,785
967,831,2,28,15:37:32,24:43.214,1483214,18,785
967,817,3,28,15:37:33,24:44.725,1484725,18,785
967,839,2,28,15:37:35,24:45.092,1485092,18,785
967,836,2,28,15:37:36,24:44.979,1484979,18,785
967,4,3,28,15:37:39,24:43.818,1483818,18,785
967,822,3,28,15:37:41,24:43.957,1483957,18,785
967,825,3,28,15:37:43,24:44.474,1484474,18,785
967,18,3,28,15:37:46,24:44.987,1484987,18,785
967,20,3,28,15:37:49,24:43.923,1483923,18,785
967,807,3,28,15:37:50,24:45.304,1485304,18,785
967,13,3,28,15:37:51,24:45.969,1485969,18,785
967,821,3,28,15:37:54,24:44.444,1484444,18,785
967,826,4,28,15:37:56,24:44.388,1484388,18,785
967,13,4,31,16:08:25,29.754,29754,18,785
967,18,4,34,16:13:01,25.006,25006,18,785
967,822,4,38,16:18:52,24.994,24994,18,785
967,817,4,40,16:21:27,29.621,29621,18,785
967,825,4,41,16:23:25,24.265,24265,18,785
967,830,4,43,16:25:37,24.435,24435,18,785
967,18,5,44,16:28:14,24.754,24754,18,785
967,821,4,47,16:32:38,17.835,17835,18,785
967,817,5,52,16:41:54,24.521,24521,18,785
967,836,3,52,16:42:00,25.509,25509,18,785
967,830,5,54,16:45:53,24.041,24041,18,785
968,825,1,1,17:05:37,27.068,27068,24,3
968,832,1,6,17:14:43,21.761,21761,24,3
968,836,1,6,17:14:44,33.395,33395,24,3
968,1,1,7,17:16:01,22.600,22600,24,3
968,8,1,7,17:16:05,21.959,21959,24,3
968,4,1,7,17:16:19,22.428,22428,24,3
968,835,1,7,17:16:27,24.781,24781,24,3
968,831,1,7,17:16:34,23.272,23272,24,3
968,3,1,8,17:17:48,23.753,23753,24,3
968,20,1,8,17:17:54,21.711,21711,24,3
968,807,1,8,17:17:59,21.834,21834,24,3
968,13,1,8,17:18:07,21.775,21775,24,3
968,826,1,8,17:18:19,21.896,21896,24,3
968,821,1,8,17:18:19,22.032,22032,24,3
968,817,1,9,17:19:37,22.084,22084,24,3
968,815,1,9,17:19:50,21.308,21308,24,3
968,154,1,20,17:40:10,22.838,22838,24,3
968,830,1,21,17:41:22,21.221,21221,24,3
968,835,2,21,17:42:16,22.145,22145,24,3
968,839,1,22,17:43:59,24.035,24035,24,3
968,817,2,24,17:46:46,21.768,21768,24,3
968,836,2,24,17:47:52,22.949,22949,24,3
968,8,2,25,17:48:31,22.087,22087,24,3
968,807,2,26,17:50:33,21.482,21482,24,3
968,815,2,27,17:52:26,22.012,22012,24,3
968,1,2,28,17:53:38,21.355,21355,24,3
968,821,2,28,17:54:49,22.102,22102,24,3
968,832,2,28,17:55:00,21.935,21935,24,3
968,3,2,29,17:55:27,21.218,21218,24,3
968,13,2,30,17:57:55,21.539,21539,24,3
968,839,2,36,18:09:38,23.026,23026,24,3
968,831,2,36,18:09:42,29.933,29933,24,3
968,20,2,37,18:09:47,21.872,21872,24,3
968,4,2,38,18:12:17,22.248,22248,24,3
968,154,2,38,18:12:35,22.527,22527,24,3
968,828,1,38,18:13:21,22.991,22991,24,3
968,835,3,41,18:18:52,22.588,22588,24,3
969,825,1,1,16:08:47,31.336,31336,1,10
969,840,1,5,16:14:22,22.293,22293,1,10
969,838,1,9,16:20:40,39.562,39562,1,10
969,839,1,15,16:29:32,22.154,22154,1,10
969,841,1,15,16:29:57,28.591,28591,1,10
969,4,1,16,16:31:00,22.484,22484,1,10
969,807,1,16,16:31:01,23.130,23130,1,10
969,1,1,17,16:31:40,21.709,21709,1,10
969,815,1,17,16:32:20,22.045,22045,1,10
969,832,1,18,16:33:49,21.762,21762,1,10
969,13,1,20,16:36:44,21.568,21568,1,10
969,20,1,23,16:40:32,21.988,21988,1,10
969,822,1,25,16:43:42,21.440,21440,1,10
969,830,1,25,16:43:56,22.208,22208,1,10
969,8,1,26,16:45:16,22.033,22033,1,10
969,840,2,29,16:51:13,22.380,22380,1,10
969,807,2,30,16:52:40,23.159,23159,1,10
969,826,1,34,16:57:51,25.559,25559,1,10
969,825,2,44,17:15:10,22.189,22189,1,10
969,826,2,49,17:20:30,24.026,24026,1,10
970,807,1,1,14:05:25,23.550,23550,17,5
970,20,1,2,14:07:35,22.906,22906,17,5
970,826,1,2,14:07:46,24.016,24016,17,5
970,4,1,2,14:07:48,24.250,24250,17,5
970,13,1,2,14:07:51,23.123,23123,17,5
970,815,1,2,14:07:52,24.030,24030,17,5
970,825,1,2,14:07:53,23.809,23809,17,5
970,828,1,2,14:07:54,27.934,27934,17,5
970,839,1,2,14:07:57,17.673,17673,17,5
970,154,1,2,14:08:00,30.654,30654,17,5
970,841,1,2,14:08:01,29.443,29443,17,5
970,838,1,2,14:08:01,25.146,25146,17,5
970,1,1,4,14:12:08,22.999,22999,17,5
970,822,1,4,14:12:17,32.287,32287,17,5
970,817,1,4,14:12:20,17.340,17340,17,5
970,8,1,4,14:12:21,23.847,23847,17,5
970,830,1,4,14:12:23,23.071,23071,17,5
970,20,2,4,14:12:35,17.354,17354,17,5
970,832,1,4,14:12:47,17.337,17337,17,5
970,839,2,4,14:12:49,33.491,33491,17,5
970,4,2,4,14:12:55,17.304,17304,17,5
970,826,2,4,14:13:00,17.320,17320,17,5
970,13,2,4,14:13:01,17.324,17324,17,5
970,815,2,4,14:13:01,17.416,17416,17,5
970,825,2,4,14:13:03,17.296,17296,17,5
970,835,1,4,14:13:06,17.291,17291,17,5
970,838,2,4,14:13:08,17.325,17325,17,5
970,807,2,4,14:13:11,17.336,17336,17,5
970,828,2,4,14:13:14,17.341,17341,17,5
970,154,2,4,14:13:23,17.303,17303,17,5
970,1,2,5,14:15:08,17.616,17616,17,5
970,817,2,5,14:15:09,23.613,23613,17,5
970,8,2,5,14:15:18,17.877,17877,17,5
970,830,2,5,14:15:19,17.651,17651,17,5
970,822,2,5,14:15:20,17.343,17343,17,5
970,20,3,5,14:15:24,17.362,17362,17,5
970,832,2,5,14:15:33,17.340,17340,17,5
970,4,3,5,14:15:40,17.302,17302,17,5
970,826,3,5,14:15:46,17.324,17324,17,5
970,13,3,5,14:15:48,17.321,17321,17,5
970,815,3,5,14:15:49,17.312,17312,17,5
970,825,3,5,14:15:49,17.298,17298,17,5
970,839,3,5,14:15:52,17.356,17356,17,5
970,835,2,5,14:15:55,17.291,17291,17,5
970,838,3,5,14:15:57,17.295,17295,17,5
970,807,3,5,14:15:58,17.362,17362,17,5
970,828,3,5,14:16:02,17.344,17344,17,5
970,154,3,5,14:16:10,24.114,24114,17,5
970,1,3,6,14:17:55,17.737,17737,17,5
970,817,3,6,14:18:00,17.480,17480,17,5
970,8,3,6,14:18:03,17.435,17435,17,5
970,830,3,6,14:18:05,17.421,17421,17,5
970,822,3,6,14:18:06,17.323,17323,17,5
970,20,4,6,14:18:10,17.370,17370,17,5
970,4,4,6,14:18:16,17.302,17302,17,5
970,832,3,6,14:18:18,17.374,17374,17,5
970,826,4,6,14:18:28,17.322,17322,17,5
970,13,4,6,14:18:29,17.377,17377,17,5
970,815,4,6,14:18:30,18.225,18225,17,5
970,825,4,6,14:18:34,17.299,17299,17,5
970,839,4,6,14:18:36,17.366,17366,17,5
970,835,3,6,14:18:39,17.301,17301,17,5
970,838,4,6,14:18:41,17.292,17292,17,5
970,807,4,6,14:18:43,17.359,17359,17,5
970,828,4,6,14:18:46,17.344,17344,17,5
970,154,4,6,14:18:48,17.314,17314,17,5
970,815,5,20,14:43:03,23.057,23057,17,5
970,13,5,24,14:50:13,23.451,23451,17,5
970,832,4,28,14:56:06,22.840,22840,17,5
970,830,4,29,14:57:33,22.505,22505,17,5
970,835,4,30,15:00:32,23.993,23993,17,5
970,825,5,32,15:03:12,23.463,23463,17,5
970,817,4,33,15:04:09,22.505,22505,17,5
970,807,5,33,15:05:10,40.144,40144,17,5
970,20,5,34,15:05:37,22.443,22443,17,5
970,822,4,35,15:07:45,24.317,24317,17,5
970,1,4,36,15:08:39,22.668,22668,17,5
970,154,5,35,15:08:45,23.211,23211,17,5
970,8,4,39,15:14:04,23.119,23119,17,5
970,839,5,42,15:20:06,22.926,22926,17,5
970,13,6,48,15:30:29,22.517,22517,17,5
970,815,6,49,15:31:25,22.979,22979,17,5
971,840,1,8,18:16:59,24.915,24915,3,7
971,20,1,10,18:19:52,24.702,24702,3,7
971,830,1,11,18:21:30,25.174,25174,3,7
971,839,1,11,18:21:47,24.664,24664,3,7
971,836,1,11,18:21:59,26.542,26542,3,7
971,8,1,12,18:23:10,26.430,26430,3,7
971,154,1,12,18:23:23,25.075,25075,3,7
971,832,1,12,18:23:26,25.001,25001,3,7
971,822,1,13,18:24:52,28.368,28368,3,7
971,1,1,13,18:24:59,30.687,30687,3,7
971,817,1,13,18:24:59,25.312,25312,3,7
971,13,1,13,18:25:06,25.704,25704,3,7
971,807,1,13,18:25:13,26.634,26634,3,7
971,815,1,13,18:25:24,24.332,24332,3,7
971,835,1,13,18:25:31,27.466,27466,3,7
971,4,1,13,18:25:31,24.922,24922,3,7
971,826,1,13,18:25:35,25.204,25204,3,7
971,822,2,30,18:54:49,24.540,24540,3,7
971,154,2,31,18:56:52,24.965,24965,3,7
971,20,2,33,18:59:27,24.314,24314,3,7
971,828,1,33,19:00:33,25.576,25576,3,7
971,815,2,36,19:04:49,24.630,24630,3,7
971,807,2,36,19:04:58,25.135,25135,3,7
971,4,2,36,19:05:15,24.723,24723,3,7
971,8,2,37,19:06:10,25.856,25856,3,7
971,13,2,37,19:06:22,24.240,24240,3,7
971,839,2,37,19:06:38,24.505,24505,3,7
971,835,2,37,19:06:55,26.420,26420,3,7
971,817,2,39,19:09:27,25.200,25200,3,7
971,1,2,41,19:12:14,30.682,30682,3,7
971,826,2,41,19:13:18,25.246,25246,3,7
972,838,1,1,15:08:55,30.006,30006,71,2
972,828,1,1,15:08:58,32.235,32235,71,2
972,836,1,2,15:11:28,31.266,31266,71,2
972,836,2,20,15:43:16,30.799,30799,71,2
972,13,1,21,15:44:10,29.923,29923,71,2
972,825,1,21,15:44:30,36.559,36559,71,2
972,826,1,21,15:44:36,29.991,29991,71,2
972,828,2,21,15:44:59,30.655,30655,71,2
972,832,1,24,15:49:33,29.973,29973,71,2
972,838,2,24,15:49:57,35.998,35998,71,2
972,839,1,26,15:52:42,30.253,30253,71,2
972,840,1,26,15:52:58,29.791,29791,71,2
972,822,1,27,15:53:23,29.356,29356,71,2
972,815,1,27,15:54:17,29.868,29868,71,2
972,8,1,29,15:56:49,30.152,30152,71,2
972,830,1,29,15:57:19,29.567,29567,71,2
972,1,1,30,15:58:36,29.739,29739,71,2
972,20,1,34,16:04:56,30.097,30097,71,2
972,807,1,40,16:16:07,30.280,30280,71,2
972,13,2,41,16:17:53,29.920,29920,71,2
973,826,1,1,14:04:51,22.235,22235,4,109
973,13,1,1,14:05:02,40.612,40612,4,109
973,835,1,2,14:06:27,23.159,23159,4,109
973,4,1,12,14:21:10,22.690,22690,4,109
973,840,1,12,14:21:16,22.100,22100,4,109
973,838,1,12,14:21:24,22.547,22547,4,109
973,825,1,13,14:22:35,22.703,22703,4,109
973,832,1,13,14:22:36,22.432,22432,4,109
973,13,2,13,14:23:17,22.292,22292,4,109
973,20,1,14,14:23:19,22.499,22499,4,109
973,807,1,15,14:25:28,22.490,22490,4,109
973,839,1,16,14:26:51,22.616,22616,4,109
973,815,1,18,14:29:42,25.082,25082,4,109
973,828,1,18,14:30:11,22.995,22995,4,109
973,154,1,19,14:31:26,22.866,22866,4,109
973,1,1,21,14:33:26,21.544,21544,4,109
973,817,1,21,14:33:54,21.811,21811,4,109
973,835,2,21,14:35:11,22.762,22762,4,109
973,822,1,26,14:41:01,21.689,21689,4,109
973,4,2,31,14:49:39,23.354,23354,4,109
973,828,2,32,14:51:03,22.775,22775,4,109
973,836,1,33,14:52:14,23.445,23445,4,109
973,807,2,33,14:52:15,22.362,22362,4,109
973,825,2,33,14:52:15,23.814,23814,4,109
973,826,2,33,14:52:37,22.117,22117,4,109
973,840,2,33,14:52:52,22.071,22071,4,109
973,13,3,33,14:53:10,23.066,23066,4,109
973,815,2,34,14:53:46,23.107,23107,4,109
973,839,2,34,14:53:58,22.643,22643,4,109
973,832,2,34,14:54:20,21.934,21934,4,109
973,154,2,34,14:54:22,22.641,22641,4,109
973,1,2,36,14:56:30,21.722,21722,4,109
973,20,2,37,14:57:53,22.307,22307,4,109
973,817,2,38,15:00:10,21.918,21918,4,109
973,835,3,42,15:07:31,24.750,24750,4,109
973,4,3,51,15:20:24,22.923,22923,4,109
973,825,3,63,15:37:43,25.052,25052,4,109
974,836,1,1,14:04:27,25.813,25813,6,7
974,18,1,1,14:04:29,24.465,24465,6,7
974,815,1,16,14:23:49,31.313,31313,6,7
974,830,1,32,14:44:07,25.343,25343,6,7
974,822,1,33,14:45:24,24.308,24308,6,7
974,8,1,34,14:46:35,24.833,24833,6,7
974,828,1,35,14:49:08,24.949,24949,6,7
974,826,1,36,14:49:48,24.406,24406,6,7
974,839,1,36,14:50:06,24.299,24299,6,7
974,832,1,37,14:50:54,24.427,24427,6,7
974,825,1,37,14:51:04,24.979,24979,6,7
974,817,1,38,14:51:46,24.183,24183,6,7
974,13,1,38,14:52:42,24.353,24353,6,7
974,20,1,39,14:52:55,24.306,24306,6,7
974,839,2,39,14:54:19,24.496,24496,6,7
974,18,2,39,14:54:53,26.057,26057,6,7
974,154,1,40,14:54:55,24.660,24660,6,7
974,840,1,41,14:56:46,26.690,26690,6,7
974,825,2,42,14:57:54,26.040,26040,6,7
974,835,1,42,14:58:05,25.472,25472,6,7
974,838,1,43,14:58:56,24.768,24768,6,7
974,1,1,46,15:02:38,24.155,24155,6,7
974,830,2,60,15:20:48,25.678,25678,6,7
974,839,3,60,15:22:40,24.642,24642,6,7
974,13,2,62,15:24:59,25.123,25123,6,7
974,815,2,63,15:26:16,25.026,25026,6,7
974,840,2,67,15:33:42,25.248,25248,6,7
974,815,3,72,15:40:06,35.485,35485,6,7
975,154,1,1,14:04:59,31.256,31256,7,13
975,836,1,1,14:05:02,51.757,51757,7,13
975,20,1,5,14:11:32,31.596,31596,7,13
975,807,1,11,14:19:40,26.764,26764,7,13
975,835,1,11,14:19:55,24.423,24423,7,13
975,828,1,11,14:19:57,24.047,24047,7,13
975,826,1,15,14:25:55,18.088,18088,7,13
975,8,1,17,14:28:23,23.500,23500,7,13
975,817,1,18,14:29:37,23.309,23309,7,13
975,815,1,19,14:30:56,23.229,23229,7,13
975,822,1,23,14:35:53,22.946,22946,7,13
975,840,1,25,14:39:14,22.790,22790,7,13
975,1,1,32,14:47:15,23.061,23061,7,13
975,839,1,32,14:47:42,23.409,23409,7,13
975,836,2,40,14:59:18,24.202,24202,7,13
975,8,2,41,14:59:29,23.760,23760,7,13
975,4,1,42,15:01:08,23.526,23526,7,13
975,838,1,45,15:05:22,23.267,23267,7,13
975,825,1,46,15:06:28,28.869,28869,7,13
975,20,2,49,15:09:44,23.345,23345,7,13
975,826,2,53,15:15:19,1:46.374,106374,7,13
976,822,1,1,17:07:00,36.262,36262,73,-7
976,154,1,3,17:09:40,20.776,20776,73,-7
976,817,1,5,17:13:04,23.361,23361,73,-7
976,838,1,5,17:13:19,21.423,21423,73,-7
976,1,1,12,17:25:22,20.418,20418,73,-7
976,20,1,12,17:25:26,20.059,20059,73,-7
976,815,1,12,17:25:35,20.598,20598,73,-7
976,8,1,12,17:25:39,23.237,23237,73,-7
976,13,1,12,17:25:43,21.453,21453,73,-7
976,839,1,12,17:25:45,20.493,20493,73,-7
976,822,2,11,17:25:58,20.407,20407,73,-7
976,825,1,12,17:26:11,20.391,20391,73,-7
976,4,1,12,17:26:36,21.217,21217,73,-7
976,832,1,12,17:26:37,21.040,21040,73,-7
976,828,1,12,17:26:45,23.906,23906,73,-7
976,836,1,12,17:26:49,31.122,31122,73,-7
976,840,1,13,17:28:26,22.625,22625,73,-7
976,807,1,13,17:28:32,21.263,21263,73,-7
976,817,2,13,17:29:01,20.198,20198,73,-7
976,836,2,13,17:29:45,22.356,22356,73,-7
976,154,2,14,17:31:36,21.069,21069,73,-7
976,1,2,17,17:39:17,15.234,15234,73,-7
976,20,2,17,17:39:18,15.174,15174,73,-7
976,815,2,17,17:39:19,15.278,15278,73,-7
976,13,2,17,17:39:20,15.033,15033,73,-7
976,839,2,17,17:39:21,15.061,15061,73,-7
976,8,2,17,17:39:22,15.049,15049,73,-7
976,840,2,17,17:39:23,15.327,15327,73,-7
976,807,2,17,17:39:24,15.638,15638,73,-7
976,817,3,17,17:39:26,15.135,15135,73,-7
976,825,2,17,17:39:27,15.128,15128,73,-7
976,4,2,17,17:39:29,15.104,15104,73,-7
976,832,2,17,17:39:31,14.966,14966,73,-7
976,838,2,17,17:39:32,15.097,15097,73,-7
976,154,3,17,17:39:33,15.073,15073,73,-7
976,828,2,17,17:39:34,26.051,26051,73,-7
976,836,3,17,17:39:36,34.847,34847,73,-7
976,822,3,17,17:39:52,14.978,14978,73,-7
976,815,3,20,17:47:36,26:34.609,1594609,73,-7
976,839,3,20,17:47:51,31.657,31657,73,-7
976,8,3,20,17:48:02,26:23.848,1583848,73,-7
976,836,4,21,17:50:37,22.390,22390,73,-7
976,1,3,22,17:53:26,21:50.768,1310768,73,-7
976,20,3,22,17:53:28,21:50.808,1310808,73,-7
976,13,3,22,17:53:30,21:50.671,1310671,73,-7
976,840,3,22,17:53:32,21:52.728,1312728,73,-7
976,817,4,22,17:53:34,21:53.343,1313343,73,-7
976,807,3,22,17:53:35,21:53.641,1313641,73,-7
976,825,3,22,17:53:37,21:52.704,1312704,73,-7
976,4,3,22,17:53:38,21:53.187,1313187,73,-7
976,832,3,22,17:53:40,21:53.693,1313693,73,-7
976,154,4,22,17:53:42,21:53.665,1313665,73,-7
976,828,3,22,17:53:45,21:54.950,1314950,73,-7
976,838,3,22,17:53:48,21:54.189,1314189,73,-7
976,822,4,22,17:53:50,21:53.511,1313511,73,-7
976,839,4,22,17:53:52,21:53.873,1313873,73,-7
976,836,5,22,17:53:54,21:55.645,1315645,73,-7
976,1,4,31,18:32:21,27.025,27025,73,-7
976,20,4,33,18:35:52,29.317,29317,73,-7
976,838,4,33,18:36:35,20.446,20446,73,-7
976,815,4,33,18:38:09,14.951,14951,73,-7
976,8,4,33,18:38:11,14.943,14943,73,-7
976,154,5,36,18:42:11,24.486,24486,73,-7
977,826,1,1,14:04:23,33.607,33607,70,678
977,826,2,9,14:14:29,16.139,16139,70,678
977,807,1,14,14:19:44,21.977,21977,70,678
977,1,1,31,14:38:58,20.761,20761,70,678
977,838,1,31,14:39:43,21.714,21714,70,678
977,817,1,33,14:41:11,21.713,21713,70,678
977,20,1,34,14:42:15,21.750,21750,70,678
977,835,1,34,14:43:13,22.233,22233,70,678
977,828,1,34,14:43:40,22.339,22339,70,678
977,815,1,35,14:44:03,22.030,22030,70,678
977,840,1,35,14:44:21,21.332,21332,70,678
977,836,1,35,14:44:41,22.414,22414,70,678
977,154,1,36,14:45:10,22.026,22026,70,678
977,822,1,41,14:50:11,22.387,22387,70,678
977,832,1,40,14:50:18,21.659,21659,70,678
977,839,1,42,14:52:17,22.176,22176,70,678
977,8,1,44,14:53:59,21.662,21662,70,678
977,838,2,44,14:55:17,16.206,16206,70,678
977,13,1,47,14:58:07,20.977,20977,70,678
977,826,3,55,15:09:24,22.274,22274,70,678
978,826,1,1,13:08:08,45.538,45538,9,153
978,836,1,2,13:10:06,29.861,29861,9,153
978,836,2,3,13:12:33,29.941,29941,9,153
978,826,2,9,13:23:00,22.895,22895,9,153
978,20,1,18,13:36:44,28.363,28363,9,153
978,830,1,19,13:38:17,29.147,29147,9,153
978,839,1,20,13:40:15,29.194,29194,9,153
978,4,1,20,13:40:30,28.269,28269,9,153
978,840,1,22,13:43:38,29.849,29849,9,153
978,815,1,23,13:45:01,28.942,28942,9,153
978,154,1,23,13:45:11,28.361,28361,9,153
978,8,1,24,13:45:53,28.476,28476,9,153
978,807,1,24,13:46:27,30.841,30841,9,153
978,1,1,25,13:47:14,27.733,27733,9,153
978,13,1,25,13:48:18,27.583,27583,9,153
978,838,1,26,13:49:50,29.337,29337,9,153
978,826,3,27,13:52:00,28.630,28630,9,153
978,828,1,28,13:53:19,28.825,28825,9,153
978,836,3,31,13:58:18,31.250,31250,9,153
978,822,1,32,13:58:23,27.858,27858,9,153
978,817,1,32,13:59:09,27.910,27910,9,153
978,825,1,37,14:07:18,28.099,28099,9,153
978,840,2,42,14:15:32,28.335,28335,9,153
978,154,2,43,14:16:53,28.998,28998,9,153
978,8,2,49,14:24:46,29.057,29057,9,153
978,830,2,49,14:25:07,28.056,28056,9,153
978,20,2,50,14:27:09,35.204,35204,9,153
979,828,1,1,14:05:01,25.179,25179,11,264
979,836,1,3,14:09:26,24.213,24213,11,264
979,154,1,20,14:35:03,22.638,22638,11,264
979,836,2,28,14:46:37,22.998,22998,11,264
979,840,1,29,14:47:41,21.804,21804,11,264
979,822,1,30,14:48:04,22.681,22681,11,264
979,1,1,31,14:49:30,21.338,21338,11,264
979,825,1,31,14:50:24,22.684,22684,11,264
979,20,1,32,14:50:43,22.317,22317,11,264
979,8,1,33,14:52:06,21.919,21919,11,264
979,815,1,34,14:54:12,24.017,24017,11,264
979,814,1,34,14:55:06,22.399,22399,11,264
979,832,1,35,14:55:33,22.745,22745,11,264
979,4,1,35,14:55:33,22.399,22399,11,264
979,839,1,35,14:55:44,22.441,22441,11,264
979,826,1,40,15:02:57,22.273,22273,11,264
979,830,1,42,15:04:37,33.605,33605,11,264
979,838,1,42,15:05:22,28.616,28616,11,264
979,807,1,45,15:09:34,31.860,31860,11,264
979,835,1,46,15:11:22,22.684,22684,11,264
979,828,2,63,15:36:20,24.097,24097,11,264
980,835,1,8,14:19:01,26.202,26202,13,401
980,828,1,8,14:19:07,23.999,23999,13,401
980,825,1,9,14:20:51,22.828,22828,13,401
980,840,1,9,14:20:55,24.697,24697,13,401
980,839,1,10,14:22:35,23.364,23364,13,401
980,154,1,10,14:22:38,22.925,22925,13,401
980,4,1,10,14:22:43,24.158,24158,13,401
980,807,1,11,14:24:21,23.507,23507,13,401
980,13,1,11,14:24:38,22.667,22667,13,401
980,1,1,12,14:25:45,22.037,22037,13,401
980,815,1,12,14:26:21,23.289,23289,13,401
980,822,1,13,14:27:44,22.963,22963,13,401
980,20,1,14,14:29:26,22.443,22443,13,401
980,817,1,14,14:29:45,22.900,22900,13,401
980,8,1,15,14:31:33,22.533,22533,13,401
980,8,2,17,14:35:29,30.373,30373,13,401
980,826,1,18,14:37:55,22.444,22444,13,401
980,838,1,18,14:38:00,26.894,26894,13,401
980,832,1,19,14:39:43,24.095,24095,13,401
980,828,2,23,14:47:51,23.221,23221,13,401
980,815,2,25,14:50:45,28.594,28594,13,401
980,839,2,27,14:54:26,23.200,23200,13,401
980,8,3,29,14:57:52,22.963,22963,13,401
980,807,2,29,14:58:06,23.539,23539,13,401
980,154,2,29,14:58:27,22.756,22756,13,401
980,13,2,29,14:58:40,23.092,23092,13,401
980,839,3,29,14:58:44,29.646,29646,13,401
980,832,2,29,14:58:50,24.370,24370,13,401
980,840,2,29,14:59:01,23.109,23109,13,401
980,815,3,29,14:59:10,26.574,26574,13,401
980,1,2,30,14:59:18,22.357,22357,13,401
980,20,2,30,14:59:18,25.650,25650,13,401
980,822,2,30,14:59:31,22.919,22919,13,401
980,817,2,30,14:59:47,23.180,23180,13,401
980,828,3,29,14:59:55,23.792,23792,13,401
980,825,2,30,15:01:09,22.908,22908,13,401
980,826,2,30,15:01:33,23.341,23341,13,401
980,835,2,30,15:01:36,24.674,24674,13,401
980,838,2,30,15:01:43,26.187,26187,13,401
980,825,3,34,15:10:50,23.737,23737,13,401
981,154,1,3,14:08:10,33.433,33433,14,162
981,830,1,3,14:08:20,39.888,39888,14,162
981,807,1,9,14:16:50,24.418,24418,14,162
981,825,1,11,14:19:43,24.384,24384,14,162
981,832,1,13,14:22:44,24.865,24865,14,162
981,8,1,15,14:25:17,25.367,25367,14,162
981,839,1,16,14:26:42,24.432,24432,14,162
981,840,1,17,14:28:09,26.131,26131,14,162
981,828,1,18,14:30:19,25.310,25310,14,162
981,826,1,19,14:31:23,25.826,25826,14,162
981,836,1,20,14:33:19,25.212,25212,14,162
981,13,1,21,14:33:59,25.078,25078,14,162
981,835,1,25,14:40:16,31.008,31008,14,162
981,830,2,27,14:43:27,24.173,24173,14,162
981,4,1,30,14:47:38,24.442,24442,14,162
981,20,1,31,14:48:03,24.307,24307,14,162
981,1,1,32,14:49:05,23.725,23725,14,162
981,815,1,32,14:49:55,25.377,25377,14,162
981,822,1,33,14:50:35,23.728,23728,14,162
981,154,2,34,14:53:53,24.307,24307,14,162
981,817,1,37,14:56:51,23.951,23951,14,162
982,1,1,1,20:06:27,30.442,30442,15,18
982,817,1,1,20:06:29,30.737,30737,15,18
982,807,1,1,20:06:30,31.032,31032,15,18
982,815,1,1,20:06:31,30.709,30709,15,18
982,822,1,1,20:06:33,30.444,30444,15,18
982,835,1,1,20:06:33,30.785,30785,15,18
982,838,1,1,20:06:35,31.550,31550,15,18
982,839,1,1,20:06:36,31.793,31793,15,18
982,832,1,1,20:06:37,32.689,32689,15,18
982,825,1,1,20:06:39,32.701,32701,15,18
982,826,1,1,20:06:40,33.077,33077,15,18
982,4,1,1,20:06:42,36.900,36900,15,18
982,840,1,1,20:06:43,37.403,37403,15,18
982,13,1,1,20:06:44,38.464,38464,15,18
982,154,1,1,20:06:45,39.455,39455,15,18
982,828,1,1,20:06:48,40.125,40125,15,18
982,836,1,1,20:06:49,40.506,40506,15,18
982,1,2,2,20:09:49,24.368,24368,15,18
982,817,2,2,20:09:51,24.402,24402,15,18
982,807,2,2,20:09:52,25.093,25093,15,18
982,815,2,2,20:09:53,25.315,25315,15,18
982,822,2,2,20:09:55,25.367,25367,15,18
982,835,2,2,20:09:56,26.206,26206,15,18
982,838,2,2,20:09:58,26.553,26553,15,18
982,839,2,2,20:09:59,26.532,26532,15,18
982,832,2,2,20:10:00,27.452,27452,15,18
982,825,2,2,20:10:02,26.903,26903,15,18
982,826,2,2,20:10:04,27.015,27015,15,18
982,4,2,2,20:10:05,29.306,29306,15,18
982,840,2,2,20:10:07,29.294,29294,15,18
982,13,2,2,20:10:08,30.790,30790,15,18
982,154,2,2,20:10:10,31.320,31320,15,18
982,828,2,2,20:10:12,38.886,38886,15,18
982,836,2,2,20:10:14,45.875,45875,15,18
982,1,3,3,20:13:00,24.337,24337,15,18
982,817,3,3,20:13:01,24.362,24362,15,18
982,807,3,3,20:13:03,24.964,24964,15,18
982,815,3,3,20:13:04,25.288,25288,15,18
982,822,3,3,20:13:05,25.432,25432,15,18
982,835,3,3,20:13:07,25.113,25113,15,18
982,838,3,3,20:13:08,24.543,24543,15,18
982,839,3,3,20:13:09,24.664,24664,15,18
982,832,3,3,20:13:10,25.356,25356,15,18
982,825,3,3,20:13:11,25.509,25509,15,18
982,826,3,3,20:13:13,25.003,25003,15,18
982,4,3,3,20:13:15,25.626,25626,15,18
982,840,3,3,20:13:16,25.584,25584,15,18
982,13,3,3,20:13:17,25.731,25731,15,18
982,154,3,3,20:13:19,26.228,26228,15,18
982,828,3,3,20:13:21,27.591,27591,15,18
982,836,3,3,20:13:22,27.865,27865,15,18
982,817,4,11,20:30:55,29.658,29658,15,18
982,815,4,11,20:31:20,30.128,30128,15,18
982,839,4,11,20:31:38,31.336,31336,15,18
982,825,4,11,20:31:52,30.132,30132,15,18
982,807,4,12,20:33:56,30.725,30725,15,18
982,835,4,12,20:34:10,30.015,30015,15,18
982,838,4,12,20:34:19,30.390,30390,15,18
982,828,4,13,20:37:20,31.714,31714,15,18
982,13,4,17,20:46:40,29.685,29685,15,18
982,836,4,21,20:55:34,32.249,32249,15,18
982,825,5,24,21:01:10,30.504,30504,15,18
982,13,5,24,21:01:38,30.048,30048,15,18
982,840,4,26,21:05:07,29.412,29412,15,18
982,832,4,27,21:06:44,30.093,30093,15,18
982,838,5,27,21:06:56,36.138,36138,15,18
982,154,4,27,21:07:18,29.049,29049,15,18
982,839,5,27,21:07:19,29.173,29173,15,18
982,828,5,27,21:07:36,50.617,50617,15,18
982,817,5,28,21:08:22,29.118,29118,15,18
982,822,4,28,21:08:39,29.089,29089,15,18
982,807,5,28,21:08:46,30.005,30005,15,18
982,815,5,28,21:08:49,29.186,29186,15,18
982,1,4,29,21:10:11,28.466,28466,15,18
982,836,5,28,21:10:50,31.094,31094,15,18
982,835,5,29,21:10:52,30.038,30038,15,18
982,828,6,31,21:17:01,30.067,30067,15,18
982,13,6,37,21:27:05,29.671,29671,15,18
982,807,6,38,21:28:16,1:08.357,68357,15,18
982,839,6,38,21:29:07,29.134,29134,15,18
982,825,6,38,21:29:17,29.379,29379,15,18
982,836,6,37,21:30:39,32.183,32183,15,18
983,839,1,2,15:06:57,24.456,24456,2,18
983,807,1,9,15:18:36,24.872,24872,2,18
983,825,1,10,15:20:13,23.766,23766,2,18
983,13,1,11,15:21:49,23.791,23791,2,18
983,154,1,11,15:22:00,24.912,24912,2,18
983,840,1,12,15:23:27,24.109,24109,2,18
983,842,1,12,15:23:37,25.044,25044,2,18
983,838,1,13,15:25:04,24.580,24580,2,18
983,835,1,13,15:25:12,25.558,25558,2,18
983,1,1,26,15:45:40,23.489,23489,2,18
983,4,1,26,15:46:31,25.798,25798,2,18
983,830,1,27,15:47:09,23.652,23652,2,18
983,20,1,27,15:47:42,23.695,23695,2,18
983,822,1,28,15:49:19,23.676,23676,2,18
983,817,1,29,15:50:36,24.199,24199,2,18
983,815,1,30,15:52:42,24.314,24314,2,18
983,154,2,33,15:58:35,24.419,24419,2,18
983,836,1,37,16:05:08,25.060,25060,2,18
983,828,1,38,16:07:14,24.719,24719,2,18
983,807,2,50,16:26:10,25.714,25714,2,18
984,836,1,2,14:07:36,24.424,24424,22,45
984,836,2,3,14:09:55,24.918,24918,22,45
984,840,1,4,14:11:34,23.475,23475,22,45
984,838,1,9,14:20:17,23.430,23430,22,45
984,13,1,17,14:33:15,22.956,22956,22,45
984,825,1,19,14:36:33,23.065,23065,22,45
984,839,1,20,14:37:56,24.078,24078,22,45
984,830,1,21,14:39:13,22.620,22620,22,45
984,815,1,21,14:39:37,23.634,23634,22,45
984,1,1,22,14:40:43,22.724,22724,22,45
984,842,1,22,14:41:29,23.344,23344,22,45
984,154,1,23,14:43:03,22.781,22781,22,45
984,817,1,25,14:45:43,23.796,23796,22,45
984,4,1,25,14:46:28,24.636,24636,22,45
984,836,3,25,14:47:08,24.952,24952,22,45
984,8,1,28,14:50:46,23.699,23699,22,45
984,822,1,30,14:53:46,22.876,22876,22,45
984,838,2,34,15:01:19,23.399,23399,22,45
984,840,2,35,15:02:52,22.736,22736,22,45
984,807,1,38,15:07:08,23.199,23199,22,45
984,835,1,39,15:09:02,25.618,25618,22,45
984,842,2,39,15:09:07,24.413,24413,22,45
985,825,1,1,14:05:31,25.112,25112,69,161
985,836,1,3,14:09:08,31.334,31334,69,161
985,843,1,8,14:17:38,24.400,24400,69,161
985,840,1,10,14:21:03,24.949,24949,69,161
985,817,1,12,14:23:58,23.604,23604,69,161
985,815,1,12,14:24:19,24.326,24326,69,161
985,839,1,14,14:27:34,24.502,24502,69,161
985,4,1,14,14:27:37,23.796,23796,69,161
985,20,1,16,14:30:37,24.300,24300,69,161
985,154,1,16,14:31:15,24.897,24897,69,161
985,826,1,17,14:32:52,24.883,24883,69,161
985,822,1,18,14:34:03,23.459,23459,69,161
985,1,1,19,14:35:36,23.402,23402,69,161
985,832,1,19,14:36:13,24.525,24525,69,161
985,8,1,20,14:37:29,23.575,23575,69,161
985,828,1,21,14:40:02,25.841,25841,69,161
985,830,1,24,14:44:17,24.325,24325,69,161
985,838,1,25,14:46:48,23.578,23578,69,161
985,13,1,29,14:53:26,23.772,23772,69,161
985,843,2,35,15:04:07,24.229,24229,69,161
985,840,2,36,15:05:47,24.497,24497,69,161
985,830,2,37,15:06:06,23.423,23423,69,161
985,20,2,38,15:07:41,23.620,23620,69,161
985,825,2,49,15:28:07,25.268,25268,69,161
985,822,2,52,15:31:05,23.254,23254,69,161
986,20,1,1,13:04:31,32.037,32037,32,2227
986,1,1,1,13:04:57,29.283,29283,32,2227
986,832,1,2,13:06:13,22.852,22852,32,2227
986,13,1,3,13:07:22,22.055,22055,32,2227
986,836,1,4,13:08:55,23.358,23358,32,2227
986,815,1,18,13:27:58,22.903,22903,32,2227
986,807,1,19,13:29:17,22.587,22587,32,2227
986,839,1,20,13:30:35,22.665,22665,32,2227
986,828,1,28,13:42:13,22.736,22736,32,2227
986,825,1,31,13:46:09,22.507,22507,32,2227
986,838,1,31,13:46:25,28.044,28044,32,2227
986,830,1,32,13:46:33,22.570,22570,32,2227
986,842,1,31,13:46:43,22.709,22709,32,2227
986,154,1,31,13:46:45,28.761,28761,32,2227
986,822,1,32,13:46:46,21.758,21758,32,2227
986,1,2,31,13:46:57,23.315,23315,32,2227
986,832,2,31,13:47:07,23.035,23035,32,2227
986,8,1,32,13:47:13,22.540,22540,32,2227
986,840,1,32,13:47:37,21.825,21825,32,2227
986,20,2,32,13:48:10,22.379,22379,32,2227
986,4,1,32,13:48:13,22.655,22655,32,2227
986,815,2,50,14:12:39,22.528,22528,32,2227
986,154,2,62,14:30:09,23.035,23035,32,2227
987,20,1,1,14:04:42,19.097,19097,18,785
987,822,1,1,14:04:43,18.717,18717,18,785
987,8,1,1,14:04:45,19.433,19433,18,785
987,830,1,1,14:04:47,18.827,18827,18,785
987,4,1,1,14:04:49,18.487,18487,18,785
987,13,1,1,14:04:50,18.238,18238,18,785
987,815,1,1,14:04:51,18.417,18417,18,785
987,807,1,1,14:04:52,18.927,18927,18,785
987,832,1,1,14:04:54,19.208,19208,18,785
987,842,1,1,14:04:55,19.430,19430,18,785
987,828,1,1,14:04:58,19.603,19603,18,785
987,843,1,1,14:04:59,19.936,19936,18,785
987,840,1,1,14:05:00,20.146,20146,18,785
987,836,1,1,14:05:01,26.439,26439,18,785
987,154,1,1,14:05:02,25.845,25845,18,785
987,1,1,1,14:05:05,19.377,19377,18,785
987,817,1,1,14:05:06,25.946,25946,18,785
987,20,2,2,14:07:01,17.817,17817,18,785
987,822,2,2,14:07:03,17.827,17827,18,785
987,8,2,2,14:07:05,18.027,18027,18,785
987,830,2,2,14:07:06,17.913,17913,18,785
987,4,2,2,14:07:08,17.770,17770,18,785
987,13,2,2,14:07:09,17.736,17736,18,785
987,815,2,2,14:07:10,17.959,17959,18,785
987,807,2,2,14:07:11,18.549,18549,18,785
987,832,2,2,14:07:13,18.604,18604,18,785
987,842,2,2,14:07:14,18.855,18855,18,785
987,828,2,2,14:07:16,19.250,19250,18,785
987,843,2,2,14:07:17,19.439,19439,18,785
987,840,2,2,14:07:18,19.270,19270,18,785
987,1,2,2,14:07:19,19.237,19237,18,785
987,836,2,2,14:07:20,19.160,19160,18,785
987,154,2,2,14:07:22,18.860,18860,18,785
987,817,2,2,14:07:23,17.929,17929,18,785
987,20,3,3,14:09:13,17.842,17842,18,785
987,822,3,3,14:09:15,17.784,17784,18,785
987,8,3,3,14:09:16,18.290,18290,18,785
987,830,3,3,14:09:17,18.017,18017,18,785
987,4,3,3,14:09:19,17.716,17716,18,785
987,13,3,3,14:09:20,17.745,17745,18,785
987,815,3,3,14:09:21,17.822,17822,18,785
987,807,3,3,14:09:23,18.052,18052,18,785
987,832,3,3,14:09:25,18.347,18347,18,785
987,842,3,3,14:09:26,18.207,18207,18,785
987,828,3,3,14:09:28,17.802,17802,18,785
987,843,3,3,14:09:29,17.738,17738,18,785
987,840,3,3,14:09:31,17.925,17925,18,785
987,1,3,3,14:09:32,18.725,18725,18,785
987,836,3,3,14:09:33,18.764,18764,18,785
987,154,3,3,14:09:34,18.456,18456,18,785
987,817,3,3,14:09:35,18.129,18129,18,785
987,822,4,27,14:40:23,23.064,23064,18,785
987,13,4,27,14:40:48,23.275,23275,18,785
987,843,4,27,14:41:13,23.830,23830,18,785
987,20,4,28,14:41:36,22.736,22736,18,785
987,830,4,28,14:41:48,23.180,23180,18,785
987,4,4,28,14:42:03,23.342,23342,18,785
987,840,4,28,14:42:27,22.486,22486,18,785
987,8,4,29,14:42:56,23.170,23170,18,785
987,807,4,30,14:44:43,24.054,24054,18,785
987,832,4,31,14:46:03,23.550,23550,18,785
987,815,4,35,14:50:51,23.275,23275,18,785
987,1,4,43,15:00:16,23.121,23121,18,785
987,817,4,43,15:00:36,23.484,23484,18,785
987,842,4,44,15:02:35,23.748,23748,18,785
987,828,4,44,15:02:43,24.164,24164,18,785
987,154,4,48,15:08:02,34.438,34438,18,785
987,830,5,62,15:23:42,22.644,22644,18,785
987,840,5,67,15:32:18,24.756,24756,18,785
988,840,1,11,17:23:10,21.613,21613,24,3
988,838,1,12,17:24:58,22.125,22125,24,3
988,830,1,14,17:27:48,21.269,21269,24,3
988,8,1,15,17:29:30,21.609,21609,24,3
988,815,1,16,17:31:34,21.869,21869,24,3
988,807,1,17,17:33:10,29.724,29724,24,3
988,817,1,19,17:36:18,23.477,23477,24,3
988,20,1,20,17:37:57,21.221,21221,24,3
988,822,1,21,17:39:31,21.478,21478,24,3
988,4,1,21,17:40:31,22.541,22541,24,3
988,13,1,22,17:42:15,21.449,21449,24,3
988,825,1,22,17:42:42,21.875,21875,24,3
988,1,1,24,17:44:41,21.274,21274,24,3
988,843,1,26,17:49:52,21.598,21598,24,3
988,836,1,28,17:53:13,22.959,22959,24,3
988,840,2,29,17:55:13,21.543,21543,24,3
988,842,1,30,17:56:53,21.519,21519,24,3
988,828,1,30,17:56:57,22.176,22176,24,3
988,839,1,31,17:57:47,21.865,21865,24,3
988,832,1,31,17:57:49,21.956,21956,24,3
988,154,1,32,17:59:52,21.850,21850,24,3
988,840,3,35,18:06:11,21.908,21908,24,3
989,843,1,1,16:15:04,22.213,22213,1,10
989,8,1,18,16:40:07,21.421,21421,1,10
989,1,1,19,16:41:30,21.821,21821,1,10
989,844,1,20,16:44:03,22.242,22242,1,10
989,830,1,21,16:45:06,20.953,20953,1,10
989,825,1,22,16:46:31,21.983,21983,1,10
989,832,1,22,16:46:46,23.868,23868,1,10
989,843,2,22,16:47:37,22.296,22296,1,10
989,839,1,23,16:48:25,21.854,21854,1,10
989,154,1,24,16:49:31,23.054,23054,1,10
989,807,1,24,16:49:35,22.628,22628,1,10
989,815,1,24,16:49:51,22.327,22327,1,10
989,838,1,25,16:51:17,22.474,22474,1,10
989,822,1,25,16:51:21,21.664,21664,1,10
989,840,1,25,16:51:46,25.504,25504,1,10
989,20,1,26,16:52:19,21.787,21787,1,10
989,817,1,26,16:52:59,21.440,21440,1,10
989,4,1,26,16:53:09,22.573,22573,1,10
989,844,2,27,16:56:25,22.836,22836,1,10
989,840,2,29,16:59:57,21.397,21397,1,10
990,830,1,2,18:18:14,30.381,30381,3,7
990,844,1,3,18:19:24,25.563,25563,3,7
990,815,1,9,18:29:30,24.992,24992,3,7
990,838,1,10,18:31:05,25.081,25081,3,7
990,840,1,10,18:31:12,33.612,33612,3,7
990,825,1,13,18:35:49,25.106,25106,3,7
990,4,1,14,18:37:30,24.993,24993,3,7
990,842,1,15,18:38:59,24.835,24835,3,7
990,807,1,15,18:39:05,24.454,24454,3,7
990,839,1,15,18:39:12,24.719,24719,3,7
990,832,1,16,18:40:52,25.768,25768,3,7
990,20,1,18,18:43:25,24.524,24524,3,7
990,154,1,18,18:44:11,25.011,25011,3,7
990,8,1,19,18:45:09,25.018,25018,3,7
990,822,1,20,18:46:40,26.105,26105,3,7
990,843,1,20,18:47:23,36.646,36646,3,7
990,845,1,22,18:51:05,24.672,24672,3,7
990,828,1,23,18:52:22,25.194,25194,3,7
990,1,1,26,18:56:29,24.302,24302,3,7
990,832,2,26,18:57:29,25.307,25307,3,7
990,825,2,27,18:58:45,24.629,24629,3,7
990,838,2,28,19:00:38,25.131,25131,3,7
990,154,2,30,19:03:55,25.527,25527,3,7
990,840,2,30,19:04:24,24.638,24638,3,7
990,815,2,32,19:07:17,24.677,24677,3,7
990,842,2,34,19:09:50,24.957,24957,3,7
990,844,2,34,19:10:46,25.139,25139,3,7
990,839,2,35,19:12:01,24.596,24596,3,7
990,807,2,39,19:18:06,24.382,24382,3,7
990,4,2,39,19:18:09,24.581,24581,3,7
990,845,2,40,19:20:39,25.693,25693,3,7
990,843,2,42,19:23:28,24.953,24953,3,7
990,154,3,45,19:28:25,26.263,26263,3,7
991,843,1,10,14:30:52,23.172,23172,17,5
991,839,1,11,14:32:18,23.281,23281,17,5
991,832,1,12,14:33:53,23.935,23935,17,5
991,815,1,12,14:34:05,22.856,22856,17,5
991,807,1,13,14:35:30,23.654,23654,17,5
991,154,1,16,14:40:41,22.981,22981,17,5
991,830,1,17,14:41:50,22.715,22715,17,5
991,817,1,17,14:41:56,23.042,23042,17,5
991,1,1,18,14:43:33,22.464,22464,17,5
991,822,1,19,14:45:02,22.097,22097,17,5
991,20,1,20,14:46:38,23.009,23009,17,5
991,842,1,20,14:47:48,23.950,23950,17,5
991,844,1,21,14:49:28,23.392,23392,17,5
991,838,1,22,14:50:55,23.730,23730,17,5
991,840,1,23,14:52:34,22.661,22661,17,5
991,825,1,24,14:53:57,22.973,22973,17,5
991,8,1,27,14:58:28,22.913,22913,17,5
991,845,1,28,15:01:08,23.716,23716,17,5
991,4,1,29,15:02:24,24.110,24110,17,5
991,828,1,29,15:03:02,22.785,22785,17,5
991,830,2,31,15:05:06,22.596,22596,17,5
991,843,2,30,15:05:08,24.070,24070,17,5
991,817,2,31,15:05:15,22.691,22691,17,5
991,807,2,31,15:06:04,23.297,23297,17,5
991,832,2,31,15:06:18,23.117,23117,17,5
991,839,2,31,15:06:24,22.637,22637,17,5
991,842,2,31,15:07:01,34.650,34650,17,5
991,815,2,32,15:08:44,22.334,22334,17,5
991,845,2,33,15:11:07,22.723,22723,17,5
991,154,2,46,15:33:38,23.735,23735,17,5
992,8,1,1,16:16:15,30.012,30012,73,-7
992,843,1,1,16:16:35,21.376,21376,73,-7
992,4,1,1,16:16:58,56.710,56710,73,-7
992,825,1,1,16:17:11,35.608,35608,73,-7
992,828,1,1,16:17:16,44.107,44107,73,-7
992,815,1,2,16:19:26,28.109,28109,73,-7
992,154,1,2,16:19:32,21.725,21725,73,-7
992,842,1,12,16:40:48,20.782,20782,73,-7
992,832,1,15,16:46:02,21.516,21516,73,-7
992,838,1,17,16:49:58,21.103,21103,73,-7
992,828,2,18,16:52:18,25.378,25378,73,-7
992,1,1,22,16:58:07,20.377,20377,73,-7
992,843,2,22,16:59:24,20.809,20809,73,-7
992,840,1,23,17:00:38,19.737,19737,73,-7
992,844,1,24,17:02:20,21.058,21058,73,-7
992,838,2,25,17:05:01,20.887,20887,73,-7
992,20,1,30,17:12:13,20.037,20037,73,-7
992,817,1,37,17:25:09,19.925,19925,73,-7
992,828,3,36,17:25:51,32.629,32629,73,-7
992,830,1,38,17:26:56,19.765,19765,73,-7
992,822,1,40,17:30:08,20.192,20192,73,-7
992,20,2,40,17:30:26,20.823,20823,73,-7
992,825,2,39,17:30:36,21.778,21778,73,-7
992,1,2,40,17:30:37,21.329,21329,73,-7
992,842,2,39,17:30:54,21.287,21287,73,-7
992,843,3,39,17:31:04,21.072,21072,73,-7
992,8,2,40,17:31:21,21.149,21149,73,-7
992,838,3,39,17:31:27,20.760,20760,73,-7
992,815,2,40,17:31:34,26.174,26174,73,-7
992,154,2,40,17:31:39,22.757,22757,73,-7
992,832,2,40,17:31:48,20.967,20967,73,-7
992,844,2,40,17:32:00,22.030,22030,73,-7
992,840,2,40,17:32:03,21.236,21236,73,-7
992,4,2,40,17:32:15,21.371,21371,73,-7
992,828,4,39,17:32:40,14.998,14998,73,-7
992,838,4,46,17:47:50,20.978,20978,73,-7
993,843,1,1,15:15:19,22.631,22631,4,109
993,845,1,1,15:15:23,22.049,22049,4,109
993,20,1,17,15:41:29,22.054,22054,4,109
993,822,1,19,15:44:12,23.213,23213,4,109
993,844,1,20,15:46:09,21.995,21995,4,109
993,840,1,20,15:46:18,21.351,21351,4,109
993,4,1,21,15:47:34,21.721,21721,4,109
993,845,2,24,15:52:02,22.034,22034,4,109
993,1,1,25,15:52:11,22.085,22085,4,109
993,832,1,25,15:53:03,22.409,22409,4,109
993,815,1,26,15:54:45,22.438,22438,4,109
993,839,1,29,15:58:45,47.910,47910,4,109
993,825,1,32,16:02:35,22.917,22917,4,109
993,817,1,33,16:03:28,21.618,21618,4,109
993,843,2,33,16:04:40,22.472,22472,4,109
993,830,1,34,16:04:41,21.740,21740,4,109
993,838,1,34,16:05:53,27.416,27416,4,109
993,828,1,35,16:07:20,22.100,22100,4,109
993,20,2,41,16:14:52,24.273,24273,4,109
993,815,2,40,16:14:56,22.242,22242,4,109
993,845,3,41,16:17:36,23.865,23865,4,109
994,845,1,7,15:22:13,31.810,31810,6,7
994,840,1,9,15:25:39,33.887,33887,6,7
994,1,1,12,15:28:19,23.739,23739,6,7
994,843,1,13,15:30:14,24.326,24326,6,7
994,844,1,14,15:31:32,23.870,23870,6,7
994,154,1,15,15:33:04,24.741,24741,6,7
994,20,1,16,15:33:21,23.964,23964,6,7
994,832,1,16,15:34:04,24.874,24874,6,7
994,817,1,17,15:34:32,24.542,24542,6,7
994,8,1,17,15:34:47,24.263,24263,6,7
994,822,1,17,15:35:01,24.020,24020,6,7
994,828,1,17,15:35:35,24.291,24291,6,7
994,825,1,17,15:35:35,24.237,24237,6,7
994,4,1,19,15:37:54,24.241,24241,6,7
994,845,2,19,15:38:41,25.170,25170,6,7
994,838,1,20,15:39:35,26.817,26817,6,7
994,815,1,21,15:40:40,29.379,29379,6,7
994,839,1,23,15:43:06,24.663,24663,6,7
994,840,2,34,15:59:55,31.104,31104,6,7
994,842,1,37,16:01:40,24.296,24296,6,7
994,830,1,47,16:15:05,24.111,24111,6,7
994,845,3,49,16:18:49,25.563,25563,6,7
994,807,1,50,16:18:53,25.213,25213,6,7
994,840,3,59,16:33:18,24.852,24852,6,7
994,154,2,68,16:43:24,24.568,24568,6,7
994,838,2,72,16:48:42,25.438,25438,6,7
995,838,1,1,14:14:56,41.008,41008,7,13
995,828,1,1,14:15:00,23.529,23529,7,13
995,815,1,9,14:27:34,24.086,24086,7,13
995,839,1,11,14:29:59,25.353,25353,7,13
995,807,1,13,14:32:32,24.521,24521,7,13
995,832,1,14,14:33:51,24.416,24416,7,13
995,830,1,16,14:36:13,23.137,23137,7,13
995,1,1,16,14:36:16,23.335,23335,7,13
995,817,1,17,14:37:31,23.279,23279,7,13
995,4,1,18,14:39:10,23.099,23099,7,13
995,844,1,19,14:40:26,23.666,23666,7,13
995,825,1,22,14:44:21,24.008,24008,7,13
995,842,1,23,14:45:36,24.107,24107,7,13
995,845,1,26,14:49:55,23.531,23531,7,13
995,8,1,32,14:56:30,23.645,23645,7,13
995,822,1,36,15:01:20,23.775,23775,7,13
995,20,1,37,15:02:29,23.529,23529,7,13
995,815,2,44,15:12:48,23.718,23718,7,13
995,154,1,48,15:17:41,24.400,24400,7,13
995,838,2,48,15:18:21,23.537,23537,7,13
996,840,1,1,16:15:46,26.576,26576,34,432
996,845,1,1,16:15:55,26.273,26273,34,432
996,20,1,1,16:15:56,32.612,32612,34,432
996,4,1,1,16:15:56,25.789,25789,34,432
996,822,1,1,16:16:38,27.955,27955,34,432
996,830,1,25,16:57:59,24.395,24395,34,432
996,832,1,26,17:00:15,25.423,25423,34,432
996,817,1,28,17:02:52,24.309,24309,34,432
996,825,1,28,17:03:31,25.419,25419,34,432
996,844,1,31,17:08:35,25.026,25026,34,432
996,1,1,33,17:10:41,24.310,24310,34,432
996,8,1,34,17:12:38,24.289,24289,34,432
996,154,1,34,17:13:30,29.996,29996,34,432
996,828,1,35,17:15:27,24.295,24295,34,432
996,807,1,37,17:18:16,25.016,25016,34,432
996,843,1,38,17:20:21,24.297,24297,34,432
996,822,2,39,17:21:22,30.666,30666,34,432
996,20,2,40,17:22:38,31.029,31029,34,432
996,838,1,40,17:23:26,24.399,24399,34,432
996,4,2,46,17:33:42,24.788,24788,34,432
997,838,1,1,15:14:13,46.557,46557,70,678
997,830,1,15,15:30:26,21.214,21214,70,678
997,8,1,15,15:30:30,21.552,21552,70,678
997,817,1,15,15:30:32,21.950,21950,70,678
997,20,1,15,15:30:34,23.912,23912,70,678
997,154,1,15,15:30:46,22.121,22121,70,678
997,839,1,15,15:30:54,22.527,22527,70,678
997,832,1,15,15:30:57,23.257,23257,70,678
997,840,1,15,15:31:03,22.181,22181,70,678
997,842,1,15,15:31:09,22.011,22011,70,678
997,844,1,15,15:31:12,21.364,21364,70,678
997,4,1,15,15:31:16,21.588,21588,70,678
997,845,1,24,15:41:54,23.048,23048,70,678
997,1,1,25,15:42:08,21.245,21245,70,678
997,815,1,27,15:45:05,22.863,22863,70,678
997,825,1,28,15:46:11,22.138,22138,70,678
997,832,2,34,15:53:34,26.335,26335,70,678
997,817,2,38,15:57:21,21.259,21259,70,678
997,838,2,40,16:01:56,22.526,22526,70,678
997,828,1,45,16:06:18,21.519,21519,70,678
997,1,2,52,16:13:20,20.980,20980,70,678
997,845,2,60,16:24:25,24.884,24884,70,678
997,840,2,65,16:30:07,22.299,22299,70,678
998,8,1,13,14:33:39,38.573,38573,9,153
998,4,1,13,14:34:09,28.669,28669,9,153
998,815,1,13,14:34:17,28.651,28651,9,153
998,830,1,17,14:39:53,28.458,28458,9,153
998,832,1,17,14:40:28,29.074,29074,9,153
998,817,1,18,14:41:31,28.194,28194,9,153
998,844,1,18,14:41:58,27.865,27865,9,153
998,839,1,19,14:43:35,29.410,29410,9,153
998,20,1,20,14:44:24,28.677,28677,9,153
998,807,1,20,14:45:06,28.719,28719,9,153
998,842,1,20,14:45:19,28.676,28676,9,153
998,822,1,21,14:46:03,27.894,27894,9,153
998,838,1,21,14:47:02,28.284,28284,9,153
998,845,1,21,14:47:19,28.224,28224,9,153
998,828,1,24,14:51:45,28.207,28207,9,153
998,1,1,25,14:52:37,28.982,28982,9,153
998,825,1,25,14:53:08,28.450,28450,9,153
998,154,1,26,14:54:52,29.254,29254,9,153
998,817,2,30,15:00:29,28.001,28001,9,153
998,840,1,30,15:01:51,27.774,27774,9,153
998,4,2,32,15:04:42,28.085,28085,9,153
998,832,2,32,15:04:46,28.078,28078,9,153
998,842,2,32,15:04:49,29.766,29766,9,153
998,815,2,32,15:04:53,28.836,28836,9,153
998,20,2,33,15:05:15,28.174,28174,9,153
998,830,2,33,15:05:35,28.000,28000,9,153
998,8,2,33,15:05:39,28.985,28985,9,153
998,838,2,33,15:07:14,28.658,28658,9,153
999,8,1,14,15:31:29,19.647,19647,10,103
999,807,1,18,15:37:14,19.584,19584,10,103
999,825,1,20,15:39:50,19.818,19818,10,103
999,832,1,20,15:40:01,20.160,20160,10,103
999,844,1,20,15:40:04,19.267,19267,10,103
999,154,1,21,15:41:19,20.198,20198,10,103
999,815,1,22,15:42:34,25.130,25130,10,103
999,20,1,25,15:45:48,18.657,18657,10,103
999,839,1,25,15:46:55,19.570,19570,10,103
999,840,1,27,15:49:46,19.476,19476,10,103
999,822,1,28,15:49:51,19.188,19188,10,103
999,845,1,28,15:51:05,24.173,24173,10,103
999,843,1,28,15:51:05,19.309,19309,10,103
999,830,1,29,15:51:16,19.742,19742,10,103
999,838,1,29,15:52:30,19.778,19778,10,103
999,4,1,31,15:54:51,18.956,18956,10,103
999,828,1,38,16:04:17,18.840,18840,10,103
999,1,1,42,16:08:17,18.978,18978,10,103
999,844,2,43,16:10:51,21.200,21200,10,103
999,4,2,43,16:11:06,21.119,21119,10,103
999,842,1,43,16:11:12,19.806,19806,10,103
999,830,2,46,16:13:39,19.297,19297,10,103
999,844,3,46,16:15:36,20.653,20653,10,103
999,842,2,46,16:16:19,19.512,19512,10,103
999,830,3,48,16:16:46,19.087,19087,10,103
999,4,3,47,16:17:17,20.927,20927,10,103
999,832,2,50,16:20:42,19.637,19637,10,103
999,840,2,50,16:21:14,19.526,19526,10,103
999,807,2,51,16:21:56,20.752,20752,10,103
999,822,2,52,16:22:05,33.279,33279,10,103
999,154,2,51,16:22:13,22.738,22738,10,103
999,825,2,51,16:22:14,34.742,34742,10,103
999,845,2,51,16:23:00,21.711,21711,10,103
999,8,2,53,16:24:19,19.988,19988,10,103
999,843,2,52,16:25:00,19.985,19985,10,103
999,838,2,52,16:25:50,19.621,19621,10,103
999,807,3,55,16:29:16,20.812,20812,10,103
999,154,3,55,16:29:57,19.752,19752,10,103
999,825,3,55,16:29:59,27.736,27736,10,103
999,832,3,56,16:31:24,20.530,20530,10,103
1000,828,1,6,15:22:06,22.640,22640,11,264
1000,8,1,14,15:32:53,24.471,24471,11,264
1000,822,1,15,15:34:11,21.337,21337,11,264
1000,815,1,22,15:44:52,22.561,22561,11,264
1000,807,1,23,15:46:04,21.966,21966,11,264
1000,843,1,24,15:47:26,21.831,21831,11,264
1000,1,1,25,15:47:53,21.480,21480,11,264
1000,832,1,25,15:48:47,21.914,21914,11,264
1000,154,1,29,15:54:26,21.733,21733,11,264
1000,825,1,31,15:57:05,25.126,25126,11,264
1000,845,1,31,15:57:50,21.509,21509,11,264
1000,842,1,32,15:58:19,21.684,21684,11,264
1000,8,2,38,16:06:22,21.829,21829,11,264
1000,20,1,39,16:07:21,23.111,23111,11,264
1000,4,1,39,16:08:27,21.795,21795,11,264
1000,839,1,39,16:08:53,22.258,22258,11,264
1000,838,1,40,16:09:54,21.732,21732,11,264
1000,817,1,44,16:14:45,21.364,21364,11,264
1000,840,1,47,16:20:54,21.291,21291,11,264
1000,807,2,50,16:24:45,22.650,22650,11,264
1001,20,1,1,15:15:59,19.582,19582,13,401
1001,1,1,1,15:16:01,19.372,19372,13,401
1001,815,1,1,15:16:02,19.667,19667,13,401
1001,839,1,1,15:16:03,19.582,19582,13,401
1001,830,1,1,15:16:04,19.942,19942,13,401
1001,154,1,1,15:16:05,20.280,20280,13,401
1001,825,1,1,15:16:07,20.021,20021,13,401
1001,842,1,1,15:16:09,20.136,20136,13,401
1001,828,1,1,15:16:11,19.711,19711,13,401
1001,845,1,1,15:16:12,19.791,19791,13,401
1001,840,1,1,15:16:13,19.732,19732,13,401
1001,843,1,1,15:16:16,18.084,18084,13,401
1001,832,1,1,15:16:18,18.509,18509,13,401
1001,822,1,1,15:16:19,20.349,20349,13,401
1001,838,1,1,15:16:21,19.847,19847,13,401
1001,8,1,1,15:16:57,26.367,26367,13,401
1001,822,2,2,15:19:21,30.519,30519,13,401
1001,838,2,2,15:19:22,22.706,22706,13,401
1001,8,2,7,15:30:50,35.451,35451,13,401
1001,1,2,21,15:55:48,22.375,22375,13,401
1001,20,2,22,15:57:33,22.253,22253,13,401
1001,832,2,22,15:58:45,23.857,23857,13,401
1001,154,2,23,16:00:10,23.248,23248,13,401
1001,840,2,23,16:00:34,22.901,22901,13,401
1001,839,2,24,16:01:54,23.225,23225,13,401
1001,845,2,24,16:02:22,22.339,22339,13,401
1001,815,2,25,16:03:39,23.157,23157,13,401
1001,842,2,25,16:04:03,22.953,22953,13,401
1001,830,2,26,16:05:08,22.341,22341,13,401
1001,825,2,26,16:05:49,24.304,24304,13,401
1001,828,2,26,16:05:55,22.558,22558,13,401
1001,838,3,28,16:10:09,23.389,23389,13,401
1001,822,3,29,16:11:03,22.399,22399,13,401
1001,843,2,31,16:15:29,29.316,29316,13,401
1002,807,1,1,15:15:34,25.234,25234,14,162
1002,817,1,1,15:15:35,24.805,24805,14,162
1002,20,1,1,15:15:36,32.219,32219,14,162
1002,828,1,1,15:15:50,29.992,29992,14,162
1002,825,1,4,15:21:22,38.563,38563,14,162
1002,8,1,20,15:43:45,23.862,23862,14,162
1002,154,1,23,15:48:27,24.779,24779,14,162
1002,838,1,24,15:50:24,24.094,24094,14,162
1002,830,1,26,15:52:26,24.003,24003,14,162
1002,1,1,28,15:55:00,23.728,23728,14,162
1002,20,2,29,15:56:58,24.301,24301,14,162
1002,842,1,34,16:04:44,27.792,27792,14,162
1002,844,1,34,16:04:46,24.084,24084,14,162
1002,840,1,35,16:05:54,26.440,26440,14,162
1002,822,1,36,16:06:30,23.763,23763,14,162
1002,845,1,37,16:08:49,25.245,25245,14,162
1002,839,1,38,16:09:51,24.827,24827,14,162
1002,815,1,39,16:11:20,25.655,25655,14,162
1002,832,1,39,16:11:32,25.774,25774,14,162
1002,807,2,41,16:14:52,24.456,24456,14,162
1002,828,2,42,16:16:25,25.575,25575,14,162
1003,845,1,3,20:21:50,30.477,30477,15,18
1003,20,1,14,20:42:01,28.722,28722,15,18
1003,843,1,14,20:42:40,29.912,29912,15,18
1003,1,1,15,20:43:42,28.946,28946,15,18
1003,807,1,15,20:44:23,31.183,31183,15,18
1003,822,1,16,20:45:39,28.542,28542,15,18
1003,154,1,16,20:46:12,29.517,29517,15,18
1003,830,1,17,20:47:19,29.681,29681,15,18
1003,815,1,17,20:47:51,29.978,29978,15,18
1003,8,1,22,20:56:20,29.513,29513,15,18
1003,842,1,26,21:04:28,28.931,28931,15,18
1003,825,1,26,21:04:30,29.408,29408,15,18
1003,817,1,27,21:05:14,28.779,28779,15,18
1003,815,2,33,21:17:29,30.561,30561,15,18
1003,843,2,36,21:22:59,29.464,29464,15,18
1003,825,2,36,21:23:01,30.711,30711,15,18
1003,832,1,37,21:23:46,30.242,30242,15,18
1003,4,1,38,21:25:29,29.922,29922,15,18
1003,844,1,38,21:25:50,29.310,29310,15,18
1003,815,3,39,21:28:41,24.340,24340,15,18
1003,840,1,40,21:30:02,28.767,28767,15,18
1003,838,1,43,21:35:11,30.234,30234,15,18
1003,828,1,44,21:36:55,28.860,28860,15,18
1003,845,2,45,21:39:51,34.022,34022,15,18
1003,825,3,48,21:44:52,29.324,29324,15,18
1004,843,1,3,14:18:54,29.418,29418,71,2
1004,4,1,5,14:22:23,30.348,30348,71,2
1004,840,1,7,14:25:54,29.266,29266,71,2
1004,154,1,8,14:27:27,30.469,30469,71,2
1004,825,1,9,14:28:59,29.904,29904,71,2
1004,844,1,10,14:30:35,30.397,30397,71,2
1004,839,1,10,14:30:40,30.642,30642,71,2
1004,845,1,10,14:31:18,29.912,29912,71,2
1004,828,1,11,14:32:34,30.051,30051,71,2
1004,838,1,11,14:32:55,29.636,29636,71,2
1004,822,1,12,14:33:30,29.794,29794,71,2
1004,815,1,12,14:34:04,29.924,29924,71,2
1004,20,1,13,14:35:13,29.798,29798,71,2
1004,1,1,14,14:36:51,29.551,29551,71,2
1004,8,1,18,14:43:40,29.531,29531,71,2
1004,832,1,32,15:08:28,30.021,30021,71,2
1004,807,1,35,15:12:47,30.625,30625,71,2
1004,828,2,37,15:16:36,30.146,30146,71,2
1004,817,1,39,15:18:49,37.446,37446,71,2
1004,830,1,43,15:24:48,29.370,29370,71,2
1005,825,1,2,14:17:48,29.007,29007,22,45
1005,844,1,4,14:20:44,38.891,38891,22,45
1005,845,1,4,14:20:51,23.660,23660,22,45
1005,828,1,5,14:23:11,23.244,23244,22,45
1005,840,1,14,14:39:30,23.657,23657,22,45
1005,8,1,17,14:43:53,22.781,22781,22,45
1005,830,1,21,14:50:08,28.789,28789,22,45
1005,822,1,23,14:53:12,22.777,22777,22,45
1005,817,1,23,14:53:24,22.864,22864,22,45
1005,838,1,23,14:54:14,23.159,23159,22,45
1005,1,1,24,14:54:41,22.614,22614,22,45
1005,815,1,24,14:55:30,23.635,23635,22,45
1005,839,1,26,14:58:45,23.316,23316,22,45
1005,20,1,26,14:58:49,22.748,22748,22,45
1005,4,1,26,14:58:57,27.454,27454,22,45
1005,843,1,28,15:02:08,23.110,23110,22,45
1005,154,1,29,15:03:29,23.692,23692,22,45
1005,842,1,29,15:03:37,23.376,23376,22,45
1005,807,1,30,15:05:33,23.555,23555,22,45
1005,832,1,32,15:08:30,23.477,23477,22,45
1005,844,2,35,15:13:39,26.672,26672,22,45
1005,845,2,38,15:18:43,23.647,23647,22,45
1005,840,2,39,15:20:25,29.804,29804,22,45
1006,844,1,1,13:15:33,34.812,34812,69,161
1006,840,1,1,13:15:34,41.048,41048,69,161
1006,154,1,1,13:15:46,35.104,35104,69,161
1006,840,2,5,13:23:02,18.610,18610,69,161
1006,845,1,10,13:31:11,23.686,23686,69,161
1006,838,1,10,13:31:16,24.065,24065,69,161
1006,842,1,10,13:31:19,23.865,23865,69,161
1006,1,1,11,13:32:38,23.693,23693,69,161
1006,8,1,21,13:49:44,23.714,23714,69,161
1006,830,1,22,13:51:28,23.446,23446,69,161
1006,839,1,22,13:52:07,24.534,24534,69,161
1006,822,1,23,13:53:07,23.478,23478,69,161
1006,807,1,23,13:53:40,24.681,24681,69,161
1006,832,1,24,13:55:25,29.319,29319,69,161
1006,815,1,25,13:57:18,25.723,25723,69,161
1006,20,1,26,13:58:25,24.449,24449,69,161
1006,843,1,27,14:00:53,23.819,23819,69,161
1006,845,2,29,14:04:26,23.715,23715,69,161
1006,825,1,30,14:05:48,23.723,23723,69,161
1006,828,1,30,14:06:07,23.940,23940,69,161
1006,1,2,37,14:16:27,23.915,23915,69,161
1006,842,2,36,14:16:33,24.219,24219,69,161
1006,840,3,38,14:20:52,24.296,24296,69,161
1006,838,2,40,14:23:09,24.195,24195,69,161
1007,839,1,1,13:14:32,27.806,27806,32,2227
1007,843,1,1,13:14:35,22.055,22055,32,2227
1007,842,1,5,13:20:36,22.570,22570,32,2227
1007,840,1,10,13:27:33,24.451,24451,32,2227
1007,1,1,11,13:28:21,22.269,22269,32,2227
1007,822,1,11,13:28:30,22.105,22105,32,2227
1007,832,1,11,13:28:40,22.660,22660,32,2227
1007,845,1,11,13:29:04,22.732,22732,32,2227
1007,817,1,12,13:29:44,22.022,22022,32,2227
1007,807,1,12,13:30:08,23.037,23037,32,2227
1007,838,1,12,13:30:25,22.174,22174,32,2227
1007,830,1,13,13:31:00,22.175,22175,32,2227
1007,844,1,13,13:31:39,22.588,22588,32,2227
1007,828,1,16,13:36:10,31.406,31406,32,2227
1007,20,1,17,13:36:37,22.658,22658,32,2227
1007,8,1,17,13:36:57,22.017,22017,32,2227
1007,840,2,23,13:46:14,23.371,23371,32,2227
1007,843,2,24,13:47:35,23.553,23553,32,2227
1007,842,2,26,13:50:29,23.055,23055,32,2227
1007,815,1,30,13:56:04,23.755,23755,32,2227
1007,839,2,30,13:56:33,22.756,22756,32,2227
1007,825,1,43,14:15:14,22.390,22390,32,2227
1007,154,1,44,14:16:47,22.733,22733,32,2227
1007,20,2,47,14:18:25,21.777,21777,32,2227
1007,1,2,47,14:18:42,22.399,22399,32,2227
1007,830,2,48,14:19:35,22.088,22088,32,2227
1007,822,2,48,14:20:17,23.887,23887,32,2227
1007,154,2,60,14:40:00,23.426,23426,32,2227
1007,822,3,62,14:40:33,22.512,22512,32,2227
1008,4,1,15,15:32:38,33.753,33753,18,785
1008,845,1,16,15:33:56,23.273,23273,18,785
1008,840,1,17,15:35:13,24.608,24608,18,785
1008,822,1,18,15:35:50,22.955,22955,18,785
1008,828,1,18,15:36:28,23.377,23377,18,785
1008,1,1,19,15:36:57,22.641,22641,18,785
1008,842,1,22,15:41:18,23.757,23757,18,785
1008,832,1,25,15:45:06,23.939,23939,18,785
1008,20,1,27,15:47:00,22.551,22551,18,785
1008,838,1,28,15:49:08,22.618,22618,18,785
1008,8,1,31,15:51:53,22.766,22766,18,785
1008,154,1,32,15:53:30,23.403,23403,18,785
1008,830,1,35,15:56:38,23.432,23432,18,785
1008,844,1,35,15:57:04,23.593,23593,18,785
1008,817,1,39,16:01:41,23.300,23300,18,785
1008,815,1,39,16:02:25,23.505,23505,18,785
1008,839,1,40,16:03:50,27.226,27226,18,785
1008,825,1,41,16:04:39,23.115,23115,18,785
1008,832,2,48,16:14:02,23.770,23770,18,785
1008,843,1,49,16:15:11,23.422,23422,18,785
1008,20,2,53,16:19:07,22.683,22683,18,785
1008,4,2,54,16:22:00,23.046,23046,18,785
1008,839,2,57,16:25:23,31.198,31198,18,785
1008,822,2,59,16:26:17,22.727,22727,18,785
1008,840,2,65,16:35:55,24.283,24283,18,785
1009,843,1,1,17:16:20,41.012,41012,24,3
1009,1,1,7,17:29:33,21.283,21283,24,3
1009,844,1,7,17:29:43,21.828,21828,24,3
1009,154,1,7,17:29:48,22.354,22354,24,3
1009,20,1,15,17:44:11,22.630,22630,24,3
1009,822,1,16,17:45:52,21.600,21600,24,3
1009,830,1,17,17:47:44,21.057,21057,24,3
1009,839,1,18,17:49:58,21.979,21979,24,3
1009,815,1,26,18:04:04,22.112,22112,24,3
1009,4,1,27,18:06:10,21.726,21726,24,3
1009,842,1,29,18:09:35,22.493,22493,24,3
1009,817,1,33,18:15:29,21.061,21061,24,3
1009,838,1,35,18:20:34,22.317,22317,24,3
1009,845,1,35,18:20:39,22.755,22755,24,3
1009,832,1,37,18:23:10,21.964,21964,24,3
1009,822,2,40,18:27:52,21.289,21289,24,3
1009,840,1,40,18:29:11,22.189,22189,24,3
1009,825,1,41,18:30:42,21.587,21587,24,3
1010,9,1,1,16:15:28,32.997,32997,1,10
1010,817,1,1,16:15:30,33.027,33027,1,10
1010,8,1,12,16:31:50,23.299,23299,1,10
1010,807,1,13,16:33:19,21.588,21588,1,10
1010,815,1,13,16:33:28,23.234,23234,1,10
1010,20,1,14,16:34:28,21.995,21995,1,10
1010,825,1,14,16:34:47,22.388,22388,1,10
1010,848,1,14,16:34:57,21.780,21780,1,10
1010,1,1,15,16:35:52,21.515,21515,1,10
1010,154,1,15,16:36:19,29.981,29981,1,10
1010,846,1,15,16:36:25,21.627,21627,1,10
1010,822,1,23,16:47:33,22.014,22014,1,10
1010,830,1,25,16:50:47,21.157,21157,1,10
1010,826,1,26,16:52:54,22.086,22086,1,10
1010,847,1,26,16:53:46,21.689,21689,1,10
1010,840,1,27,16:54:21,22.471,22471,1,10
1010,841,1,27,16:54:58,27.172,27172,1,10
1010,844,1,28,16:55:26,22.306,22306,1,10
1010,9,2,28,16:58:10,22.343,22343,1,10
1010,842,1,37,17:09:14,21.269,21269,1,10
1010,847,2,42,17:18:18,21.543,21543,1,10
1010,9,3,44,17:22:42,21.889,21889,1,10
1011,840,1,1,18:15:42,34.338,34338,3,7
1011,154,1,1,18:15:49,32.082,32082,3,7
1011,832,1,4,18:20:43,45.543,45543,3,7
1011,815,1,8,18:26:49,27.136,27136,3,7
1011,8,1,9,18:28:25,25.647,25647,3,7
1011,842,1,9,18:28:32,27.557,27557,3,7
1011,848,1,9,18:28:33,25.659,25659,3,7
1011,846,1,10,18:30:09,24.175,24175,3,7
1011,825,1,10,18:30:10,24.948,24948,3,7
1011,830,1,11,18:31:32,24.199,24199,3,7
1011,9,1,11,18:32:04,24.667,24667,3,7
1011,822,1,12,18:33:08,24.865,24865,3,7
1011,807,1,12,18:33:19,25.498,25498,3,7
1011,826,1,12,18:33:44,26.508,26508,3,7
1011,847,1,12,18:33:46,24.633,24633,3,7
1011,844,1,13,18:34:36,24.518,24518,3,7
1011,1,1,13,18:34:41,24.255,24255,3,7
1011,20,1,14,18:36:18,24.228,24228,3,7
1011,841,1,16,18:40:11,27.725,27725,3,7
1011,840,2,23,18:52:28,26.600,26600,3,7
1011,817,1,24,18:53:09,25.676,25676,3,7
1011,832,2,24,18:54:12,25.034,25034,3,7
1011,848,2,25,18:55:06,24.842,24842,3,7
1011,847,2,26,18:57:17,24.912,24912,3,7
1011,9,2,27,18:59:03,24.313,24313,3,7
1011,830,2,32,19:05:59,26.729,26729,3,7
1011,807,2,32,19:06:16,25.253,25253,3,7
1011,8,2,33,19:08:04,25.621,25621,3,7
1011,815,2,33,19:08:18,26.798,26798,3,7
1011,1,2,34,19:08:53,24.324,24324,3,7
1011,846,2,34,19:09:37,24.717,24717,3,7
1011,20,2,35,19:10:26,24.212,24212,3,7
1011,844,2,36,19:11:54,24.358,24358,3,7
1011,822,2,37,19:13:58,24.433,24433,3,7
1011,20,3,38,19:15:58,34.193,34193,3,7
1011,826,2,38,19:16:45,30.761,30761,3,7
1011,825,2,38,19:16:47,25.982,25982,3,7
1011,842,2,39,19:17:58,24.484,24484,3,7
1011,841,2,40,19:19:55,24.880,24880,3,7
1011,832,3,40,19:20:46,24.985,24985,3,7
1012,832,1,1,14:15:38,45.878,45878,17,5
1012,846,1,1,14:15:45,50.738,50738,17,5
1012,826,1,7,14:25:49,17.257,17257,17,5
1012,841,1,7,14:25:51,25.184,25184,17,5
1012,154,1,8,14:27:26,23.261,23261,17,5
1012,825,1,9,14:29:10,23.964,23964,17,5
1012,807,1,11,14:32:24,24.107,24107,17,5
1012,830,1,17,14:42:01,23.223,23223,17,5
1012,846,2,17,14:43:26,33.638,33638,17,5
1012,20,1,18,14:43:39,22.749,22749,17,5
1012,817,1,18,14:44:01,23.506,23506,17,5
1012,842,1,19,14:45:31,22.301,22301,17,5
1012,848,1,19,14:46:02,23.215,23215,17,5
1012,815,1,20,14:47:27,23.733,23733,17,5
1012,840,1,20,14:47:41,23.466,23466,17,5
1012,822,1,21,14:48:27,22.196,22196,17,5
1012,1,1,22,14:50:01,22.644,22644,17,5
1012,844,1,22,14:50:21,22.921,22921,17,5
1012,847,1,22,14:51:29,24.332,24332,17,5
1012,8,1,25,14:55:54,23.888,23888,17,5
1012,826,2,25,14:56:18,26.050,26050,17,5
1012,9,1,26,14:58:30,32.627,32627,17,5
1012,841,2,30,15:04:51,25.137,25137,17,5
1012,826,3,30,15:04:57,43.206,43206,17,5
1012,825,2,33,15:09:45,23.383,23383,17,5
1012,830,2,34,15:10:12,22.365,22365,17,5
1012,20,2,35,15:11:41,22.316,22316,17,5
1012,846,3,34,15:12:20,22.524,22524,17,5
1012,154,2,35,15:12:56,23.520,23520,17,5
1012,1,2,36,15:13:05,23.597,23597,17,5
1012,822,2,36,15:13:10,24.083,24083,17,5
1012,832,2,36,15:14:58,22.532,22532,17,5
1012,842,2,39,15:18:48,22.722,22722,17,5
1012,844,2,42,15:23:18,24.227,24227,17,5
1012,840,2,44,15:27:57,23.515,23515,17,5
1012,847,2,49,15:37:27,23.965,23965,17,5
1012,842,3,53,15:41:53,22.408,22408,17,5
1013,826,1,5,16:23:10,21.013,21013,73,-7
1013,8,1,6,16:25:08,21.401,21401,73,-7
1013,825,1,7,16:26:55,20.118,20118,73,-7
1013,841,1,7,16:27:02,20.776,20776,73,-7
1013,807,1,8,16:28:49,21.325,21325,73,-7
1013,846,1,9,16:30:25,19.819,19819,73,-7
1013,815,1,10,16:32:13,20.939,20939,73,-7
1013,840,1,10,16:32:27,23.099,23099,73,-7
1013,817,1,10,16:32:28,20.884,20884,73,-7
1013,20,1,11,16:33:45,19.981,19981,73,-7
1013,822,1,12,16:35:24,20.006,20006,73,-7
1013,832,1,12,16:35:58,19.755,19755,73,-7
1013,848,1,12,16:36:16,20.720,20720,73,-7
1013,1,1,13,16:37:17,19.993,19993,73,-7
1013,830,1,14,16:39:16,20.973,20973,73,-7
1013,9,1,14,16:40:06,15.069,15069,73,-7
1013,9,2,23,16:57:00,21.037,21037,73,-7
1013,847,1,25,17:00:30,20.475,20475,73,-7
1013,844,1,34,17:14:53,20.382,20382,73,-7
1013,807,2,34,17:16:30,20.870,20870,73,-7
1013,154,1,34,17:16:33,20.906,20906,73,-7
1013,847,2,38,17:24:45,20.751,20751,73,-7
1013,846,2,39,17:25:02,22.080,22080,73,-7
1013,825,2,39,17:26:07,20.859,20859,73,-7
1013,9,3,42,17:33:14,20.703,20703,73,-7
1013,844,2,47,17:39:16,19.857,19857,73,-7
1014,841,1,6,15:21:55,22.381,22381,4,109
1014,20,1,19,15:39:39,23.746,23746,4,109
1014,830,1,20,15:40:52,22.417,22417,4,109
1014,826,1,21,15:42:48,22.049,22049,4,109
1014,842,1,22,15:43:55,22.563,22563,4,109
1014,840,1,22,15:44:26,23.321,23321,4,109
1014,825,1,23,15:45:34,22.025,22025,4,109
1014,817,1,24,15:47:07,22.379,22379,4,109
1014,832,1,24,15:47:10,21.468,21468,4,109
1014,815,1,24,15:47:11,22.781,22781,4,109
1014,844,1,25,15:47:53,23.646,23646,4,109
1014,848,1,25,15:48:27,23.591,23591,4,109
1014,822,1,26,15:49:04,22.034,22034,4,109
1014,154,1,26,15:49:40,22.379,22379,4,109
1014,846,1,26,15:50:07,21.579,21579,4,109
1014,1,1,27,15:50:16,22.265,22265,4,109
1014,8,1,28,15:53:02,22.342,22342,4,109
1014,9,1,31,15:58:16,21.954,21954,4,109
1014,847,1,32,15:59:33,22.442,22442,4,109
1014,807,1,35,16:02:40,22.193,22193,4,109
1014,20,2,40,16:08:48,21.643,21643,4,109
1014,841,2,41,16:12:09,23.507,23507,4,109
1014,830,2,43,16:12:43,22.540,22540,4,109
1014,822,2,45,16:15:21,22.018,22018,4,109
1014,826,2,45,16:16:25,33.821,33821,4,109
1014,825,2,45,16:16:29,22.992,22992,4,109
1014,848,2,45,16:16:34,37.345,37345,4,109
1014,1,2,46,16:16:43,22.511,22511,4,109
1014,817,2,45,16:16:58,22.702,22702,4,109
1014,815,2,45,16:17:06,22.896,22896,4,109
1014,847,2,44,16:17:28,21.846,21846,4,109
1014,844,2,46,16:17:34,21.638,21638,4,109
1014,8,2,45,16:17:38,22.549,22549,4,109
1014,9,2,44,16:17:59,22.142,22142,4,109
1014,842,2,46,16:18:00,22.095,22095,4,109
1014,154,2,46,16:18:13,22.732,22732,4,109
1014,832,2,46,16:18:55,21.545,21545,4,109
1015,807,1,9,15:24:59,25.532,25532,6,7
1015,844,1,9,15:25:11,25.964,25964,6,7
1015,847,1,10,15:26:35,26.165,26165,6,7
1015,1,1,11,15:27:03,24.266,24266,6,7
1015,822,1,11,15:27:11,25.030,25030,6,7
1015,830,1,11,15:27:12,24.011,24011,6,7
1015,20,1,11,15:27:12,24.483,24483,6,7
1015,817,1,11,15:27:55,24.269,24269,6,7
1015,825,1,11,15:27:55,25.419,25419,6,7
1015,815,1,11,15:28:09,28.463,28463,6,7
1015,822,2,12,15:29:18,24.776,24776,6,7
1015,844,2,16,15:36:31,25.705,25705,6,7
1015,9,1,21,15:43:09,23.946,23946,6,7
1015,842,1,27,15:50:18,24.161,24161,6,7
1015,832,1,30,15:54:15,23.795,23795,6,7
1015,826,1,32,15:56:48,24.023,24023,6,7
1015,840,1,39,16:06:35,24.591,24591,6,7
1015,848,1,40,16:07:15,25.062,25062,6,7
1015,841,1,44,16:13:29,35.651,35651,6,7
1015,8,1,46,16:15:59,26.299,26299,6,7
1015,846,1,47,16:16:57,25.026,25026,6,7
1015,154,1,50,16:20:12,24.219,24219,6,7
1015,842,2,62,16:35:42,23.858,23858,6,7
1016,848,1,1,14:14:33,37.950,37950,7,13
1016,832,1,3,14:17:05,24.727,24727,7,13
1016,8,1,6,14:21:09,25.342,25342,7,13
1016,842,1,7,14:22:11,23.485,23485,7,13
1016,817,1,8,14:23:27,23.927,23927,7,13
1016,9,1,8,14:24:00,25.210,25210,7,13
1016,847,1,9,14:25:14,23.686,23686,7,13
1016,815,1,11,14:27:40,24.076,24076,7,13
1016,826,1,12,14:28:56,23.825,23825,7,13
1016,807,1,16,14:33:51,24.030,24030,7,13
1016,20,1,26,14:46:21,23.782,23782,7,13
1016,1,1,28,14:48:57,23.662,23662,7,13
1016,822,1,30,14:51:51,23.994,23994,7,13
1016,844,1,33,14:55:25,23.732,23732,7,13
1016,841,1,33,14:56:30,23.884,23884,7,13
1016,154,1,34,14:57:56,24.071,24071,7,13
1016,9,2,38,15:04:19,23.119,23119,7,13
1016,825,1,39,15:04:54,24.381,24381,7,13
1016,840,1,45,15:11:32,23.727,23727,7,13
1016,830,1,48,15:14:55,23.426,23426,7,13
1016,8,2,58,15:28:58,24.666,24666,7,13
1016,822,2,67,15:38:52,23.456,23456,7,13
1017,841,1,7,15:25:01,30.842,30842,34,432
1017,817,1,16,15:39:36,31.031,31031,34,432
1017,825,1,16,15:39:52,30.832,30832,34,432
1017,842,1,17,15:41:13,30.228,30228,34,432
1017,846,1,18,15:42:44,30.576,30576,34,432
1017,815,1,18,15:42:54,37.286,37286,34,432
1017,832,1,19,15:44:20,29.920,29920,34,432
1017,830,1,20,15:45:33,30.118,30118,34,432
1017,844,1,21,15:47:03,30.203,30203,34,432
1017,822,1,23,15:50:09,30.412,30412,34,432
1017,1,1,24,15:51:35,30.186,30186,34,432
1017,9,1,24,15:53:31,29.792,29792,34,432
1017,20,1,25,15:53:36,30.044,30044,34,432
1017,848,1,25,15:54:23,30.279,30279,34,432
1017,847,1,25,15:55:03,31.950,31950,34,432
1017,8,1,31,16:03:51,29.975,29975,34,432
1017,154,1,31,16:04:18,30.837,30837,34,432
1017,826,1,32,16:05:49,30.233,30233,34,432
1017,847,2,33,16:08:33,37.494,37494,34,432
1017,807,1,34,16:08:41,30.884,30884,34,432
1017,841,2,34,16:09:23,31.697,31697,34,432
1017,840,1,39,16:16:51,30.849,30849,34,432
1017,20,2,51,16:35:13,30.468,30468,34,432
1018,825,1,11,15:26:15,23.243,23243,70,678
1018,825,2,13,15:29:01,16.224,16224,70,678
1018,9,1,19,15:36:00,21.525,21525,70,678
1018,822,1,21,15:37:18,22.552,22552,70,678
1018,20,1,21,15:37:22,25.236,25236,70,678
1018,844,1,22,15:38:23,21.878,21878,70,678
1018,8,1,23,15:40:05,21.709,21709,70,678
1018,841,1,24,15:41:20,21.672,21672,70,678
1018,846,1,25,15:42:23,21.547,21547,70,678
1018,842,1,25,15:42:27,22.239,22239,70,678
1018,840,1,25,15:42:36,21.982,21982,70,678
1018,807,1,26,15:43:43,21.985,21985,70,678
1018,847,1,27,15:45:22,22.772,22772,70,678
1018,815,1,28,15:46:02,22.330,22330,70,678
1018,1,1,30,15:47:46,30.067,30067,70,678
1018,830,1,31,15:49:00,21.110,21110,70,678
1018,826,1,32,15:51:13,25.091,25091,70,678
1018,154,1,34,15:53:32,22.265,22265,70,678
1018,848,1,35,15:54:33,21.225,21225,70,678
1018,832,1,41,16:01:19,21.266,21266,70,678
1018,817,1,46,16:07:18,22.305,22305,70,678
1018,20,2,50,16:11:04,22.251,22251,70,678
1018,825,3,62,16:27:00,22.309,22309,70,678
1019,154,1,1,14:15:12,33.562,33562,9,153
1019,825,1,1,14:15:41,32.767,32767,9,153
1019,842,1,12,14:31:30,27.905,27905,9,153
1019,817,1,12,14:31:41,28.416,28416,9,153
1019,826,1,12,14:31:52,29.377,29377,9,153
1019,844,1,13,14:32:59,28.558,28558,9,153
1019,830,1,13,14:33:00,27.827,27827,9,153
1019,846,1,13,14:33:12,28.275,28275,9,153
1019,848,1,13,14:33:18,28.954,28954,9,153
1019,807,1,13,14:33:19,28.926,28926,9,153
1019,840,1,13,14:33:24,30.400,30400,9,153
1019,822,1,16,14:37:23,28.493,28493,9,153
1019,8,1,17,14:39:34,28.364,28364,9,153
1019,815,1,18,14:41:03,30.264,30264,9,153
1019,1,1,20,14:43:34,28.905,28905,9,153
1019,20,1,20,14:43:56,28.021,28021,9,153
1019,830,2,20,14:44:20,27.950,27950,9,153
1019,832,1,20,14:44:26,27.980,27980,9,153
1019,817,2,20,14:44:42,28.381,28381,9,153
1019,9,1,20,14:45:15,28.694,28694,9,153
1019,844,2,21,14:46:29,28.348,28348,9,153
1019,826,2,21,14:47:13,28.811,28811,9,153
1019,847,1,21,14:47:16,30.245,30245,9,153
1019,815,2,24,14:52:57,38.032,38032,9,153
1019,846,2,35,15:09:29,27.919,27919,9,153
1019,20,2,38,15:14:24,38.468,38468,9,153
1019,840,2,39,15:15:42,29.074,29074,9,153
1019,822,2,45,15:23:52,28.177,28177,9,153
1019,815,3,46,15:26:57,28.747,28747,9,153
1020,20,1,2,15:23:38,20.094,20094,10,103
1020,848,1,2,15:23:41,20.576,20576,10,103
1020,1,1,3,15:25:13,20.203,20203,10,103
1020,822,1,3,15:25:19,22.243,22243,10,103
1020,830,1,3,15:25:20,22.358,22358,10,103
1020,8,1,3,15:25:22,27.256,27256,10,103
1020,807,1,3,15:25:24,22.132,22132,10,103
1020,844,1,3,15:25:25,20.361,20361,10,103
1020,154,1,3,15:25:31,27.232,27232,10,103
1020,842,1,3,15:25:33,29.667,29667,10,103
1020,832,1,3,15:25:34,23.363,23363,10,103
1020,841,1,3,15:25:37,22.509,22509,10,103
1020,817,1,3,15:25:39,21.224,21224,10,103
1020,826,1,3,15:25:41,23.090,23090,10,103
1020,846,1,6,15:31:10,21.402,21402,10,103
1020,840,1,7,15:32:46,22.696,22696,10,103
1020,847,1,7,15:32:56,20.718,20718,10,103
1020,9,1,7,15:33:00,23.801,23801,10,103
1020,825,1,8,15:34:19,21.106,21106,10,103
1020,844,2,15,15:44:43,22.102,22102,10,103
1020,807,2,15,15:44:55,20.118,20118,10,103
1020,825,2,21,15:55:12,21.179,21179,10,103
1020,20,2,23,15:57:40,20.768,20768,10,103
1020,9,2,23,15:59:08,20.436,20436,10,103
1020,830,2,25,16:00:07,19.640,19640,10,103
1020,847,2,24,16:00:34,19.287,19287,10,103
1020,826,2,25,16:01:14,21.488,21488,10,103
1020,846,2,25,16:01:15,20.242,20242,10,103
1020,840,2,25,16:01:22,21.260,21260,10,103
1020,822,2,26,16:01:40,20.498,20498,10,103
1020,8,2,26,16:02:15,22.307,22307,10,103
1020,841,2,26,16:02:33,20.879,20879,10,103
1020,842,2,26,16:02:35,19.875,19875,10,103
1020,154,2,26,16:02:44,21.625,21625,10,103
1020,844,3,27,16:03:18,20.317,20317,10,103
1020,848,2,27,16:04:06,21.501,21501,10,103
1020,832,2,27,16:04:43,19.964,19964,10,103
1020,1,2,28,16:04:58,22.947,22947,10,103
1020,848,3,28,16:06:20,21.732,21732,10,103
1020,8,3,28,16:06:40,21.142,21142,10,103
1020,20,3,28,16:06:40,22.058,22058,10,103
1020,842,3,28,16:06:54,20.552,20552,10,103
1020,841,3,28,16:07:02,20.096,20096,10,103
1020,826,3,28,16:07:11,24.310,24310,10,103
1020,154,3,28,16:07:27,22.421,22421,10,103
1020,830,3,29,16:07:40,21.472,21472,10,103
1020,807,3,29,16:07:42,20.624,20624,10,103
1020,840,3,28,16:08:19,21.962,21962,10,103
1020,825,3,29,16:09:20,21.359,21359,10,103
1020,822,3,30,16:09:52,21.142,21142,10,103
1020,9,3,31,16:14:07,19.626,19626,10,103
1020,830,4,41,16:28:42,19.327,19327,10,103
1020,20,4,41,16:29:20,21.256,21256,10,103
1020,154,4,41,16:29:35,20.622,20622,10,103
1020,840,4,41,16:30:13,20.472,20472,10,103
1020,847,3,41,16:30:14,19.345,19345,10,103
1020,825,4,42,16:31:41,20.380,20380,10,103
1020,840,5,44,16:35:25,20.152,20152,10,103
1020,826,4,45,16:37:18,20.671,20671,10,103
1020,825,5,45,16:37:20,20.285,20285,10,103
1020,830,5,46,16:38:35,19.062,19062,10,103
1020,822,4,46,16:38:41,21.009,21009,10,103
1020,832,3,46,16:38:44,20.711,20711,10,103
1020,842,4,46,16:38:45,20.012,20012,10,103
1020,848,4,46,16:38:47,19.931,19931,10,103
1020,154,5,46,16:38:49,21.423,21423,10,103
1020,9,4,46,16:38:58,20.370,20370,10,103
1020,1,4,47,16:40:10,27.069,27069,10,103
1020,8,4,47,16:40:13,20.930,20930,10,103
1020,20,5,47,16:40:14,19.586,19586,10,103
1020,841,4,47,16:40:17,28.093,28093,10,103
1020,847,4,47,16:40:24,21.634,21634,10,103
1020,1,5,53,16:48:53,20.015,20015,10,103
1020,1,6,56,16:53:29,19.610,19610,10,103
1020,825,6,57,16:54:35,20.700,20700,10,103
1020,9,5,57,16:55:04,19.825,19825,10,103
1020,847,5,57,16:55:08,23.445,23445,10,103
1021,822,1,5,15:19:58,33.328,33328,11,264
1021,841,1,15,15:34:25,23.218,23218,11,264
1021,847,1,16,15:35:47,21.333,21333,11,264
1021,840,1,16,15:35:49,22.085,22085,11,264
1021,815,1,18,15:38:23,21.901,21901,11,264
1021,9,1,18,15:38:44,21.754,21754,11,264
1021,154,1,19,15:39:45,22.035,22035,11,264
1021,826,1,21,15:42:35,23.002,23002,11,264
1021,830,1,25,15:46:59,21.705,21705,11,264
1021,844,1,27,15:50:09,21.575,21575,11,264
1021,846,1,28,15:52:00,26.066,26066,11,264
1021,842,1,28,15:52:02,22.104,22104,11,264
1021,848,1,28,15:52:18,23.676,23676,11,264
1021,832,1,29,15:53:20,21.832,21832,11,264
1021,8,1,29,15:53:23,22.205,22205,11,264
1021,1,1,31,15:55:15,22.880,22880,11,264
1021,807,1,36,16:03:27,21.734,21734,11,264
1021,825,1,38,16:06:21,21.618,21618,11,264
1021,20,1,39,16:06:53,24.819,24819,11,264
1021,822,2,46,16:17:11,21.744,21744,11,264
1021,817,1,46,16:17:28,22.498,22498,11,264
1021,1,2,48,16:18:24,21.390,21390,11,264
1021,840,2,50,16:23:45,21.563,21563,11,264
1021,830,2,67,16:43:52,21.164,21164,11,264
1022,817,1,1,15:16:08,27.620,27620,13,401
1022,8,1,1,15:16:10,39.046,39046,13,401
1022,832,1,1,15:16:37,59.291,59291,13,401
1022,8,2,2,15:19:12,25.005,25005,13,401
1022,807,1,11,15:37:54,23.475,23475,13,401
1022,842,1,13,15:41:31,22.772,22772,13,401
1022,840,1,14,15:43:25,22.774,22774,13,401
1022,20,1,15,15:44:47,22.863,22863,13,401
1022,815,1,15,15:45:09,23.133,23133,13,401
1022,154,1,16,15:46:59,22.912,22912,13,401
1022,846,1,19,15:52:24,23.182,23182,13,401
1022,844,1,21,15:55:38,22.449,22449,13,401
1022,1,1,22,15:57:31,23.497,23497,13,401
1022,822,1,23,15:59:25,22.579,22579,13,401
1022,848,1,23,16:00:08,22.506,22506,13,401
1022,826,1,24,16:01:55,22.834,22834,13,401
1022,825,1,25,16:04:08,22.584,22584,13,401
1022,841,1,29,16:11:12,23.044,23044,13,401
1022,840,2,30,16:13:12,25.250,25250,13,401
1022,847,1,30,16:13:41,22.442,22442,13,401
1022,807,2,31,16:15:01,23.000,23000,13,401
1022,8,3,31,16:15:33,26.891,26891,13,401
1022,9,1,31,16:15:35,24.247,24247,13,401
1022,20,2,33,16:17:35,22.786,22786,13,401
1023,830,1,1,15:14:58,31.211,31211,14,162
1023,20,1,6,15:22:18,32.443,32443,14,162
1023,154,1,7,15:23:54,26.481,26481,14,162
1023,20,2,12,15:31:23,31.851,31851,14,162
1023,840,1,15,15:35:16,18.838,18838,14,162
1023,1,1,19,15:40:19,23.912,23912,14,162
1023,8,1,19,15:41:10,32.393,32393,14,162
1023,844,1,20,15:41:42,23.833,23833,14,162
1023,825,1,20,15:42:25,24.400,24400,14,162
1023,841,1,21,15:43:42,25.698,25698,14,162
1023,840,2,22,15:45:38,24.419,24419,14,162
1023,846,1,23,15:46:48,24.311,24311,14,162
1023,847,1,23,15:47:03,24.198,24198,14,162
1023,848,1,26,15:50:47,29.830,29830,14,162
1023,822,1,27,15:51:41,23.700,23700,14,162
1023,8,2,26,15:51:50,24.568,24568,14,162
1023,832,1,27,15:52:12,27.010,27010,14,162
1023,830,2,27,15:52:30,24.303,24303,14,162
1023,826,1,28,15:53:53,24.479,24479,14,162
1023,815,1,28,15:54:06,25.340,25340,14,162
1023,842,1,28,15:54:11,24.363,24363,14,162
1023,807,1,29,15:55:13,24.092,24092,14,162
1023,9,1,29,15:56:17,31.842,31842,14,162
1023,817,1,30,15:56:33,24.320,24320,14,162
1023,154,2,29,15:56:36,25.121,25121,14,162
1023,825,2,34,16:03:34,24.978,24978,14,162
1023,20,3,41,16:13:46,24.376,24376,14,162
1023,9,2,44,16:18:54,23.860,23860,14,162
1023,1,2,49,16:23:22,23.731,23731,14,162
1024,807,1,1,20:15:37,29.563,29563,15,18
1024,847,1,1,20:15:56,38.752,38752,15,18
1024,826,1,12,20:35:59,28.799,28799,15,18
1024,815,1,13,20:37:45,29.082,29082,15,18
1024,8,1,15,20:41:17,29.992,29992,15,18
1024,825,1,18,20:46:43,29.403,29403,15,18
1024,20,1,19,20:48:19,29.384,29384,15,18
1024,830,1,19,20:48:22,28.846,28846,15,18
1024,844,1,20,20:50:05,29.168,29168,15,18
1024,848,1,20,20:50:14,28.606,28606,15,18
1024,846,1,20,20:50:16,30.397,30397,15,18
1024,9,1,21,20:52:58,29.033,29033,15,18
1024,822,1,22,20:53:46,29.234,29234,15,18
1024,154,1,23,20:56:19,29.456,29456,15,18
1024,1,1,26,21:00:55,28.930,28930,15,18
1024,840,1,31,21:10:22,29.482,29482,15,18
1024,842,1,32,21:12:09,32.482,32482,15,18
1024,841,1,34,21:16:02,29.070,29070,15,18
1024,817,1,34,21:16:25,30.756,30756,15,18
1024,154,2,35,21:18:29,43.576,43576,15,18
1024,807,2,36,21:19:55,29.152,29152,15,18
1024,826,2,36,21:20:05,34.711,34711,15,18
1024,832,2,35,21:20:33,30.623,30623,15,18
1024,841,2,36,21:20:38,28.960,28960,15,18
1024,840,2,41,21:32:33,39.188,39188,15,18
1024,9,2,44,21:38:24,30.321,30321,15,18
1024,840,3,44,21:39:08,29.460,29460,15,18
1024,825,2,56,22:04:12,30.916,30916,15,18
1025,9,1,1,14:15:50,30.587,30587,71,2
1025,817,1,1,14:16:36,36.031,36031,71,2
1025,841,1,2,14:18:23,38.193,38193,71,2
1025,9,2,2,14:18:29,30.177,30177,71,2
1025,8,1,9,14:31:21,25.038,25038,71,2
1025,807,1,16,14:43:01,34.264,34264,71,2
1025,846,1,20,14:49:42,29.290,29290,71,2
1025,832,1,21,14:51:18,30.103,30103,71,2
1025,844,1,22,14:52:17,29.548,29548,71,2
1025,815,1,23,14:54:44,30.271,30271,71,2
1025,20,1,26,14:58:48,29.860,29860,71,2
1025,842,1,26,15:00:10,29.935,29935,71,2
1025,825,1,27,15:01:41,30.509,30509,71,2
1025,840,1,27,15:01:45,30.168,30168,71,2
1025,826,1,27,15:01:53,30.753,30753,71,2
1025,847,1,27,15:02:17,29.857,29857,71,2
1025,841,2,27,15:02:19,30.227,30227,71,2
1025,8,2,27,15:02:26,36.512,36512,71,2
1025,1,1,28,15:02:28,29.751,29751,71,2
1025,822,1,28,15:02:47,29.436,29436,71,2
1025,830,1,28,15:03:24,29.978,29978,71,2
1025,848,1,29,15:06:07,29.854,29854,71,2
1025,807,2,29,15:06:25,29.786,29786,71,2
1025,826,2,29,15:06:31,29.571,29571,71,2
1025,844,2,30,15:07:30,29.401,29401,71,2
1026,844,1,3,14:18:21,30.502,30502,22,45
1026,846,1,4,14:20:04,25.347,25347,22,45
1026,848,1,15,14:37:38,23.354,23354,22,45
1026,8,1,15,14:38:06,24.468,24468,22,45
1026,20,1,16,14:38:55,24.032,24032,22,45
1026,154,1,16,14:39:43,23.478,23478,22,45
1026,822,1,17,14:40:21,23.000,23000,22,45
1026,825,1,17,14:41:19,24.156,24156,22,45
1026,842,1,18,14:42:36,23.180,23180,22,45
1026,840,1,18,14:42:37,23.292,23292,22,45
1026,841,1,18,14:42:53,23.351,23351,22,45
1026,807,1,19,14:44:14,24.132,24132,22,45
1026,815,1,19,14:44:18,22.880,22880,22,45
1026,1,1,21,14:46:51,23.582,23582,22,45
1026,9,1,22,14:50:09,26.734,26734,22,45
1026,844,2,25,14:54:00,23.580,23580,22,45
1026,846,2,25,14:54:15,23.949,23949,22,45
1026,847,1,25,14:54:38,23.792,23792,22,45
1026,832,1,26,14:55:21,23.476,23476,22,45
1026,826,1,27,14:57:31,23.293,23293,22,45
1026,817,1,29,15:00:26,23.292,23292,22,45
1026,20,2,31,15:02:42,23.213,23213,22,45
1026,848,2,34,15:07:55,23.301,23301,22,45
1026,9,2,33,15:08:46,22.970,22970,22,45
1026,822,2,36,15:10:17,23.157,23157,22,45
1026,8,2,36,15:12:16,23.164,23164,22,45
1026,815,2,41,15:19:44,23.301,23301,22,45
1026,1,2,42,15:19:47,23.591,23591,22,45
1026,844,3,46,15:27:14,23.280,23280,22,45
1026,825,2,47,15:30:01,23.973,23973,22,45
1026,841,2,49,15:33:08,23.412,23412,22,45
1027,830,1,5,13:21:07,24.493,24493,32,2227
1027,842,1,9,13:26:22,22.689,22689,32,2227
1027,826,1,10,13:27:43,22.490,22490,32,2227
1027,848,1,14,13:32:50,22.192,22192,32,2227
1027,844,1,15,13:34:07,22.002,22002,32,2227
1027,832,1,15,13:34:37,22.241,22241,32,2227
1027,8,1,15,13:34:45,22.754,22754,32,2227
1027,807,1,18,13:38:48,22.484,22484,32,2227
1027,815,1,20,13:41:30,22.357,22357,32,2227
1027,841,1,21,13:43:03,43.411,43411,32,2227
1027,9,1,21,13:43:30,24.606,24606,32,2227
1027,847,1,22,13:44:55,22.887,22887,32,2227
1027,1,1,23,13:45:01,22.269,22269,32,2227
1027,825,1,28,13:53:14,23.084,23084,32,2227
1027,832,2,35,14:02:44,22.179,22179,32,2227
1027,822,1,36,14:02:45,22.179,22179,32,2227
1027,20,1,37,14:04:03,21.862,21862,32,2227
1027,840,1,37,14:04:58,22.745,22745,32,2227
1027,154,1,37,14:06:08,24.128,24128,32,2227
1027,844,2,43,14:12:15,25.786,25786,32,2227
1027,848,2,44,14:13:47,22.003,22003,32,2227
1027,826,2,44,14:14:40,22.033,22033,32,2227
1027,842,2,49,14:21:41,22.618,22618,32,2227
1027,817,1,50,14:22:29,22.345,22345,32,2227
1027,8,2,52,14:26:04,22.963,22963,32,2227
1027,9,2,60,14:38:15,22.570,22570,32,2227
1028,848,1,1,13:15:12,34.100,34100,69,161
1028,840,1,9,13:29:09,24.567,24567,69,161
1028,9,1,11,13:32:54,24.164,24164,69,161
1028,830,1,13,13:35:21,23.716,23716,69,161
1028,822,1,14,13:36:58,24.151,24151,69,161
1028,841,1,17,13:43:05,25.230,25230,69,161
1028,832,1,18,13:44:27,24.784,24784,69,161
1028,8,1,18,13:44:29,24.544,24544,69,161
1028,825,1,18,13:44:43,24.929,24929,69,161
1028,846,1,19,13:46:03,24.678,24678,69,161
1028,842,1,19,13:46:08,24.195,24195,69,161
1028,844,1,20,13:47:33,29.157,29157,69,161
1028,848,2,20,13:48:02,23.213,23213,69,161
1028,817,1,21,13:49:25,23.751,23751,69,161
1028,826,1,21,13:49:45,27.115,27115,69,161
1028,847,1,23,13:53:46,23.702,23702,69,161
1028,1,1,24,13:53:57,23.943,23943,69,161
1028,815,1,24,13:54:54,24.207,24207,69,161
1028,154,1,24,13:55:19,24.583,24583,69,161
1028,807,1,27,14:00:05,24.245,24245,69,161
1028,840,2,29,14:03:38,25.195,25195,69,161
1028,830,2,34,14:10:45,23.444,23444,69,161
1028,822,2,35,14:12:18,23.819,23819,69,161
1028,807,2,39,14:20:30,23.684,23684,69,161
1028,826,2,39,14:20:32,24.162,24162,69,161
1028,841,2,39,14:20:57,24.206,24206,69,161
1028,848,3,40,14:21:47,23.705,23705,69,161
1028,8,2,40,14:22:07,24.686,24686,69,161
1028,825,2,40,14:22:38,24.731,24731,69,161
1028,844,2,42,14:24:44,23.844,23844,69,161
1028,846,2,42,14:25:17,25.776,25776,69,161
1028,847,2,46,14:33:29,28.748,28748,69,161
1028,842,2,53,14:44:18,24.260,24260,69,161
1029,817,1,8,14:23:15,30.760,30760,18,785
1029,815,1,17,14:34:32,23.079,23079,18,785
1029,1,1,20,14:37:36,22.882,22882,18,785
1029,841,1,20,14:38:12,23.155,23155,18,785
1029,9,1,20,14:38:47,23.861,23861,18,785
1029,830,1,21,14:38:49,22.818,22818,18,785
1029,8,1,21,14:39:23,23.463,23463,18,785
1029,842,1,22,14:40:34,22.922,22922,18,785
1029,826,1,23,14:42:08,22.759,22759,18,785
1029,847,1,23,14:42:37,22.500,22500,18,785
1029,848,1,24,14:42:52,23.073,23073,18,785
1029,20,1,25,14:43:54,23.039,23039,18,785
1029,822,1,26,14:45:14,23.148,23148,18,785
1029,154,1,26,14:45:45,23.776,23776,18,785
1029,846,1,27,14:47:00,23.381,23381,18,785
1029,807,1,27,14:47:09,23.344,23344,18,785
1029,825,1,27,14:47:22,23.891,23891,18,785
1029,840,1,28,14:48:22,23.346,23346,18,785
1029,844,1,29,14:49:09,22.966,22966,18,785
1029,832,1,29,14:49:33,22.770,22770,18,785
1029,9,2,36,14:59:30,29.268,29268,18,785
1029,817,2,40,15:03:20,29.491,29491,18,785
1029,822,2,41,15:03:49,23.210,23210,18,785
1029,1,2,43,15:05:54,23.088,23088,18,785
1029,830,2,44,15:07:03,22.657,22657,18,785
1029,807,2,44,15:08:36,23.596,23596,18,785
1029,815,2,45,15:09:29,23.142,23142,18,785
1029,841,2,46,15:10:39,23.524,23524,18,785
1029,826,2,46,15:10:52,23.378,23378,18,785
1029,842,2,47,15:11:43,23.584,23584,18,785
1029,8,2,47,15:11:48,23.841,23841,18,785
1029,20,2,49,15:13:22,23.138,23138,18,785
1029,848,2,50,15:14:54,23.071,23071,18,785
1029,830,3,54,15:19:35,22.593,22593,18,785
1029,846,2,53,15:19:55,23.355,23355,18,785
1029,840,2,53,15:19:57,24.841,24841,18,785
1029,825,2,53,15:20:13,23.479,23479,18,785
1029,844,2,54,15:20:29,23.042,23042,18,785
1029,807,3,53,15:20:31,22.747,22747,18,785
1029,9,3,53,15:22:16,24.873,24873,18,785
1029,847,2,54,15:22:31,23.199,23199,18,785
1029,154,2,65,15:36:48,23.471,23471,18,785
1029,1,3,66,15:37:46,23.060,23060,18,785
1029,847,3,66,15:38:17,22.441,22441,18,785
1029,9,4,66,15:40:02,23.158,23158,18,785
1030,840,1,5,17:22:34,28.842,28842,24,3
1030,846,1,8,17:27:40,22.974,22974,24,3
1030,841,1,8,17:27:52,21.977,21977,24,3
1030,817,1,11,17:32:58,21.904,21904,24,3
1030,844,1,12,17:34:14,21.697,21697,24,3
1030,20,1,12,17:34:22,25.771,25771,24,3
1030,832,1,12,17:34:43,21.928,21928,24,3
1030,848,1,13,17:36:11,22.028,22028,24,3
1030,807,1,18,17:45:13,21.578,21578,24,3
1030,154,1,18,17:45:37,21.968,21968,24,3
1030,825,1,20,17:48:59,21.531,21531,24,3
1030,8,1,22,17:52:32,22.410,22410,24,3
1030,840,2,23,17:54:47,21.778,21778,24,3
1030,9,1,24,17:56:31,21.688,21688,24,3
1030,830,1,25,17:56:36,21.023,21023,24,3
1030,1,1,26,17:58:06,22.178,22178,24,3
1030,841,2,26,18:00:00,22.188,22188,24,3
1030,822,1,29,18:04:02,21.145,21145,24,3
1030,847,1,32,18:10:43,22.272,22272,24,3
1030,815,1,37,18:18:24,22.230,22230,24,3
1030,844,2,38,18:19:14,21.274,21274,24,3
1030,20,2,38,18:19:36,21.858,21858,24,3
1030,826,1,40,18:23:38,21.496,21496,24,3
1030,832,2,41,18:25:36,21.466,21466,24,3
1030,817,2,42,18:27:24,21.624,21624,24,3
1031,154,1,20,15:37:03,23.280,23280,70,678
1031,8,1,24,15:41:31,23.229,23229,70,678
1031,841,1,25,15:42:49,23.659,23659,70,678
1031,847,1,25,15:42:53,21.417,21417,70,678
1031,822,1,26,15:43:06,21.937,21937,70,678
1031,1,1,26,15:43:14,21.850,21850,70,678
1031,848,1,26,15:43:25,21.279,21279,70,678
1031,846,1,26,15:43:33,23.637,23637,70,678
1031,815,1,26,15:43:34,22.383,22383,70,678
1031,844,1,26,15:43:38,22.756,22756,70,678
1031,832,1,26,15:43:41,23.827,23827,70,678
1031,20,1,26,15:43:55,22.231,22231,70,678
1031,842,1,26,15:44:02,22.466,22466,70,678
1031,826,1,26,15:44:12,22.769,22769,70,678
1031,839,1,26,15:44:17,21.683,21683,70,678
1031,849,1,26,15:45:08,22.058,22058,70,678
1031,848,2,51,16:15:09,21.842,21842,70,678
1031,846,2,51,16:15:19,21.921,21921,70,678
1031,844,2,51,16:15:24,21.972,21972,70,678
1031,826,2,51,16:15:41,21.622,21622,70,678
1031,8,2,51,16:15:48,21.569,21569,70,678
1031,20,2,51,16:15:55,22.738,22738,70,678
1031,849,2,51,16:16:23,21.918,21918,70,678
1031,832,2,52,16:17:02,21.805,21805,70,678
1031,841,2,55,16:22:14,22.800,22800,70,678
1031,822,2,56,16:23:58,16.407,16407,70,678
1031,1,2,56,16:24:00,16.365,16365,70,678
1031,815,2,56,16:24:01,16.546,16546,70,678
1031,848,3,56,16:24:03,17.035,17035,70,678
1031,846,3,56,16:24:03,18.163,18163,70,678
1031,844,3,56,16:24:05,18.748,18748,70,678
1031,842,2,56,16:24:07,19.911,19911,70,678
1031,832,3,56,16:24:08,20.064,20064,70,678
1031,839,2,56,16:24:09,19.626,19626,70,678
1031,826,3,56,16:24:11,19.656,19656,70,678
1031,20,3,56,16:24:13,19.330,19330,70,678
1031,849,3,56,16:24:14,19.488,19488,70,678
1031,841,3,56,16:24:16,19.678,19678,70,678
1032,844,1,1,15:14:20,39.715,39715,70,678
1032,830,1,24,15:42:09,20.937,20937,70,678
1032,842,1,24,15:42:46,21.950,21950,70,678
1032,1,1,27,15:45:28,21.729,21729,70,678
1032,825,1,31,15:51:02,21.977,21977,70,678
1032,832,1,32,15:51:49,25.983,25983,70,678
1032,849,1,32,15:52:24,22.745,22745,70,678
1032,840,1,33,15:53:01,22.118,22118,70,678
1032,822,1,34,15:53:38,21.376,21376,70,678
1032,847,1,34,15:54:49,21.697,21697,70,678
1032,848,1,35,15:55:11,21.505,21505,70,678
1032,826,1,36,15:56:45,22.197,22197,70,678
1032,817,1,37,15:57:33,21.603,21603,70,678
1032,154,1,37,15:58:03,22.444,22444,70,678
1032,815,1,38,15:58:45,22.761,22761,70,678
1032,846,1,39,16:00:02,22.406,22406,70,678
1032,841,1,39,16:00:18,21.667,21667,70,678
1032,8,1,44,16:06:06,21.459,21459,70,678
1032,842,2,49,16:12:15,22.280,22280,70,678
1032,832,2,66,16:31:07,21.873,21873,70,678
1032,830,2,68,16:32:33,21.091,21091,70,678
1033,826,1,1,15:14:46,23.568,23568,11,264
1033,844,1,2,15:16:15,22.266,22266,11,264
1033,822,1,2,15:16:16,21.906,21906,11,264
1033,1,1,3,15:17:37,22.320,22320,11,264
1033,840,1,3,15:17:46,23.081,23081,11,264
1033,20,1,3,15:17:50,28.286,28286,11,264
1033,815,1,3,15:17:53,23.263,23263,11,264
1033,832,1,3,15:17:55,27.131,27131,11,264
1033,848,1,3,15:17:58,23.046,23046,11,264
1033,849,1,3,15:18:00,21.596,21596,11,264
1033,842,1,3,15:18:01,22.740,22740,11,264
1033,8,1,3,15:18:04,22.299,22299,11,264
1033,830,1,4,15:19:18,21.529,21529,11,264
1033,817,1,4,15:19:30,21.920,21920,11,264
1033,839,1,4,15:19:35,24.281,24281,11,264
1033,846,1,4,15:19:40,23.012,23012,11,264
1033,847,1,4,15:19:42,21.184,21184,11,264
1033,841,1,4,15:19:50,22.283,22283,11,264
1033,849,2,4,15:21:24,36.335,36335,11,264
1033,826,2,18,15:39:53,22.685,22685,11,264
1033,847,2,19,15:41:33,21.367,21367,11,264
1033,844,2,20,15:42:29,22.564,22564,11,264
1033,841,2,20,15:43:04,23.082,23082,11,264
1033,20,2,29,15:54:50,21.880,21880,11,264
1033,839,2,31,15:57:59,21.860,21860,11,264
1033,822,2,33,15:59:47,21.644,21644,11,264
1033,849,3,31,16:00:38,28.367,28367,11,264
1033,8,2,33,16:00:45,27.128,27128,11,264
1033,848,2,34,16:01:43,22.174,22174,11,264
1033,154,1,34,16:01:59,22.591,22591,11,264
1033,840,2,35,16:02:34,22.534,22534,11,264
1033,825,1,35,16:03:02,23.621,23621,11,264
1033,815,2,35,16:03:08,22.051,22051,11,264
1033,846,2,35,16:03:33,22.742,22742,11,264
1033,830,2,36,16:03:38,21.268,21268,11,264
1033,1,2,37,16:04:39,22.264,22264,11,264
1033,832,2,40,16:10:06,22.438,22438,11,264
1033,841,3,40,16:11:01,21.831,21831,11,264
1033,849,4,39,16:12:52,21.802,21802,11,264
1033,817,2,43,16:14:04,22.073,22073,11,264
1033,822,3,49,16:21:27,21.572,21572,11,264
1033,847,3,50,16:24:28,22.048,22048,11,264
1033,840,3,52,16:25:54,22.057,22057,11,264
1033,849,5,52,16:31:33,25.767,25767,11,264
1033,1,3,66,16:43:33,22.426,22426,11,264
1034,848,1,6,14:26:01,28.834,28834,9,153
1034,817,1,12,14:35:22,29.559,29559,9,153
1034,846,1,12,14:35:24,30.289,30289,9,153
1034,839,1,12,14:35:26,30.768,30768,9,153
1034,20,1,12,14:35:27,29.439,29439,9,153
1034,842,1,12,14:35:29,29.414,29414,9,153
1034,841,1,12,14:35:30,28.355,28355,9,153
1034,8,1,12,14:35:35,36.590,36590,9,153
1034,847,1,12,14:35:36,29.302,29302,9,153
1034,849,1,12,14:35:42,31.371,31371,9,153
1034,1,1,13,14:37:01,28.805,28805,9,153
1034,822,1,13,14:37:06,30.571,30571,9,153
1034,830,1,13,14:37:10,28.208,28208,9,153
1034,844,1,13,14:37:21,29.520,29520,9,153
1034,832,1,13,14:37:27,28.487,28487,9,153
1034,840,1,13,14:37:32,28.716,28716,9,153
1034,848,2,30,15:08:33,33.308,33308,9,153
1034,154,1,36,15:17:38,33.816,33816,9,153
1034,8,2,47,15:35:09,44.085,44085,9,153
1034,830,2,50,15:38:04,28.273,28273,9,153
1034,822,2,50,15:38:33,33.602,33602,9,153
1034,832,2,51,15:40:13,36.278,36278,9,153
1035,848,1,6,14:22:39,28.417,28417,9,153
1035,842,1,7,14:24:09,28.356,28356,9,153
1035,841,1,7,14:24:23,27.892,27892,9,153
1035,847,1,8,14:25:59,28.391,28391,9,153
1035,825,1,9,14:27:31,28.934,28934,9,153
1035,849,1,9,14:27:35,28.696,28696,9,153
1035,846,1,12,14:31:56,27.949,27949,9,153
1035,822,1,13,14:33:10,28.408,28408,9,153
1035,1,1,14,14:34:45,28.406,28406,9,153
1035,817,1,14,14:34:58,28.587,28587,9,153
1035,807,1,15,14:36:26,28.981,28981,9,153
1035,154,1,17,14:40:00,29.377,29377,9,153
1035,840,1,18,14:41:04,28.235,28235,9,153
1035,844,1,18,14:41:13,29.419,29419,9,153
1035,826,1,19,14:43:00,28.036,28036,9,153
1035,825,2,20,14:45:03,29.389,29389,9,153
1035,832,1,22,14:47:30,35.864,35864,9,153
1035,839,1,22,14:47:36,28.093,28093,9,153
1035,20,1,22,14:47:40,28.167,28167,9,153
1035,842,2,23,14:49:25,28.306,28306,9,153
1035,847,2,24,14:51:11,28.331,28331,9,153
1035,830,1,26,14:53:04,29.115,29115,9,153
1035,817,2,26,14:53:46,28.167,28167,9,153
1035,8,1,26,14:54:13,29.296,29296,9,153
1035,849,2,26,14:54:19,28.086,28086,9,153
1035,846,2,29,14:58:32,28.874,28874,9,153
1035,807,2,30,14:59:44,28.386,28386,9,153
1035,848,2,30,15:00:01,27.858,27858,9,153
1035,840,2,31,15:01:17,27.974,27974,9,153
1035,830,2,32,15:02:28,28.986,28986,9,153
1035,822,2,32,15:02:31,28.188,28188,9,153
1035,20,2,33,15:04:55,28.352,28352,9,153
1035,841,2,33,15:05:16,27.693,27693,9,153
1035,832,2,34,15:06:26,28.772,28772,9,153
1035,826,2,35,15:07:54,28.365,28365,9,153
1035,817,3,35,15:08:07,28.057,28057,9,153
1035,154,2,38,15:12:59,29.803,29803,9,153
1035,847,3,39,15:14:39,28.692,28692,9,153
1035,1,2,41,15:16:16,29.402,29402,9,153
1035,807,3,44,15:21:21,28.736,28736,9,153
1035,849,3,46,15:25:31,29.049,29049,9,153
1036,848,1,17,15:37:35,21.663,21663,4,109
1036,847,1,19,15:40:50,22.708,22708,4,109
1036,8,1,20,15:42:15,22.314,22314,4,109
1036,830,1,21,15:42:49,21.532,21532,4,109
1036,842,1,21,15:43:20,22.241,22241,4,109
1036,846,1,21,15:43:22,22.099,22099,4,109
1036,826,1,21,15:43:30,23.036,23036,4,109
1036,841,1,21,15:43:48,22.243,22243,4,109
1036,832,1,22,15:44:43,22.078,22078,4,109
1036,1,1,23,15:45:28,23.377,23377,4,109
1036,822,1,23,15:45:39,22.310,22310,4,109
1036,840,1,27,15:51:47,22.351,22351,4,109
1036,825,1,28,15:53:40,24.148,24148,4,109
1036,849,1,28,15:54:06,22.322,22322,4,109
1036,815,1,29,15:54:39,22.641,22641,4,109
1036,844,1,29,15:54:45,22.274,22274,4,109
1036,20,1,29,15:54:53,21.820,21820,4,109
1036,154,1,32,15:59:39,23.212,23212,4,109
1036,839,1,34,16:02:12,22.366,22366,4,109
1036,817,1,35,16:03:27,21.837,21837,4,109
1036,847,2,35,16:03:47,21.889,21889,4,109
1036,848,2,39,16:09:10,21.804,21804,4,109
1036,830,2,41,16:10:56,21.601,21601,4,109
1036,832,2,41,16:11:55,22.166,22166,4,109
1036,840,2,42,16:13:17,22.388,22388,4,109
1036,842,2,42,16:13:22,22.394,22394,4,109
1036,846,2,44,16:16:10,21.761,21761,4,109
1036,8,2,44,16:16:43,22.197,22197,4,109
1036,826,2,45,16:17:43,22.079,22079,4,109
1036,841,2,45,16:18:12,21.794,21794,4,109
1036,822,2,48,16:20:38,22.143,22143,4,109
1036,1,2,50,16:23:05,21.853,21853,4,109
1036,849,2,49,16:24:00,22.475,22475,4,109
1036,154,2,62,16:42:16,24.010,24010,4,109
1036,822,3,64,16:42:47,22.607,22607,4,109
1037,844,1,10,15:32:40,30.678,30678,13,401
1037,8,1,10,15:32:46,22.960,22960,13,401
1037,154,1,10,15:32:51,23.636,23636,13,401
1037,825,1,10,15:32:57,26.156,26156,13,401
1037,849,1,10,15:33:00,23.532,23532,13,401
1037,1,1,11,15:34:33,23.298,23298,13,401
1037,822,1,11,15:34:37,25.548,25548,13,401
1037,830,1,11,15:34:40,23.314,23314,13,401
1037,817,1,11,15:34:49,23.586,23586,13,401
1037,839,1,11,15:34:54,24.305,24305,13,401
1037,848,1,11,15:34:55,22.738,22738,13,401
1037,840,1,11,15:34:58,23.689,23689,13,401
1037,846,1,11,15:35:05,23.046,23046,13,401
1037,826,1,11,15:35:10,23.769,23769,13,401
1037,20,1,11,15:35:12,22.982,22982,13,401
1037,815,1,18,15:51:01,23.175,23175,13,401
1037,844,2,24,16:02:10,25.100,25100,13,401
1037,842,1,26,16:05:44,22.681,22681,13,401
1037,849,2,30,16:13:23,23.477,23477,13,401
1037,825,2,35,16:22:33,24.339,24339,13,401
1038,1,2,26,15:54:50,25:16.864,1516864,14,162
1038,847,1,22,15:46:57,25.249,25249,14,162
1038,154,1,22,15:46:57,25.936,25936,14,162
1038,848,1,22,15:46:56,29.661,29661,14,162
1038,826,1,22,15:46:56,25.920,25920,14,162
1038,839,1,22,15:46:55,25.290,25290,14,162
1038,830,1,22,15:46:50,26.149,26149,14,162
1038,822,1,22,15:46:49,24.410,24410,14,162
1038,817,1,22,15:46:48,25.498,25498,14,162
1038,815,1,22,15:46:48,26.693,26693,14,162
1038,846,1,22,15:46:47,24.612,24612,14,162
1038,832,1,22,15:46:40,24.398,24398,14,162
1038,841,1,20,15:42:53,23.998,23998,14,162
1038,1,1,20,15:41:58,24.671,24671,14,162
1038,842,1,19,15:40:55,24.096,24096,14,162
1038,8,1,18,15:39:31,24.454,24454,14,162
1038,844,1,17,15:38:12,24.344,24344,14,162
1038,849,1,16,15:36:53,26.335,26335,14,162
1038,825,1,1,15:15:04,40.078,40078,14,162
1039,8,3,8,15:31:30,24:10.186,1450186,76,255
1039,847,2,8,15:31:28,24:07.186,1447186,76,255
1039,826,2,8,15:31:24,24:05.955,1445955,76,255
1039,848,1,7,15:28:39,17.591,17591,76,255
1039,840,1,7,15:28:41,17.625,17625,76,255
1039,817,1,7,15:28:42,17.464,17464,76,255
1039,815,1,7,15:28:44,17.531,17531,76,255
1039,846,1,7,15:28:45,17.845,17845,76,255
1039,826,1,7,15:28:47,17.522,17522,76,255
1039,839,1,7,15:28:49,17.455,17455,76,255
1039,847,1,7,15:28:49,18.399,18399,76,255
1039,8,2,7,15:28:51,17.594,17594,76,255
1039,20,2,7,15:28:52,17.516,17516,76,255
1039,154,1,7,15:28:53,24.781,24781,76,255
1039,822,2,8,15:31:11,23:56.402,1436402,76,255
1039,1,2,8,15:31:13,23:56.696,1436696,76,255
1039,844,2,8,15:31:15,23:56.871,1436871,76,255
1039,848,2,8,15:31:16,23:58.719,1438719,76,255
1039,840,2,8,15:31:17,23:59.578,1439578,76,255
1039,20,1,1,15:15:41,33.583,33583,76,255
1039,822,1,7,15:28:34,17.560,17560,76,255
1039,1,1,7,15:28:37,17.536,17536,76,255
1039,844,1,7,15:28:38,17.516,17516,76,255
1039,8,1,1,15:15:33,30.623,30623,76,255
1039,846,2,8,15:31:22,24:05.614,1445614,76,255
1039,817,2,8,15:31:19,24:01.000,1441000,76,255
1039,815,2,8,15:31:21,24:01.547,1441547,76,255
1039,20,3,8,15:31:32,24:09.513,1449513,76,255
1039,154,2,8,15:31:34,24:10.651,1450651,76,255
1039,844,3,21,16:15:31,23.469,23469,76,255
1039,817,3,27,16:23:46,22.777,22777,76,255
1039,8,4,27,16:24:17,33.281,33281,76,255
1039,815,3,28,16:25:26,23.088,23088,76,255
1039,20,4,28,16:25:43,22.995,22995,76,255
1039,154,3,28,16:25:52,23.720,23720,76,255
1039,846,3,29,16:26:50,24.137,24137,76,255
1039,826,3,29,16:26:55,23.113,23113,76,255
1039,847,3,29,16:27:04,23.638,23638,76,255
1039,840,3,30,16:27:59,22.846,22846,76,255
1039,822,3,31,16:29:09,23.111,23111,76,255
1039,1,3,32,16:30:24,22.445,22445,76,255
1039,848,3,32,16:30:50,22.387,22387,76,255
1039,844,4,37,16:38:26,23.367,23367,76,255
1039,8,5,42,16:45:58,28.960,28960,76,255
1039,822,4,43,16:46:01,23.199,23199,76,255
1039,154,4,42,16:46:13,24.002,24002,76,255
1039,817,4,43,16:46:24,22.963,22963,76,255
1039,848,4,43,16:46:29,22.822,22822,76,255
1039,815,4,43,16:46:45,23.002,23002,76,255
1039,846,4,43,16:46:51,24.820,24820,76,255
1039,826,4,43,16:47:06,22.745,22745,76,255
1039,847,4,43,16:47:25,23.367,23367,76,255
1039,20,5,43,16:47:29,22.489,22489,76,255
1039,1,4,44,16:47:42,22.800,22800,76,255
1039,1,5,45,16:50:26,21:40.911,1300911,76,255
1039,822,5,45,16:50:27,21:42.010,1302010,76,255
1039,8,6,44,16:50:29,19:40.725,1180725,76,255
1039,154,5,44,16:50:31,19:41.863,1181863,76,255
1039,817,5,45,16:50:33,21:39.801,1299801,76,255
1039,848,5,45,16:50:35,21:42.435,1302435,76,255
1039,815,5,45,16:50:40,21:39.712,1299712,76,255
1039,846,5,45,16:50:53,21:32.871,1292871,76,255
1039,826,5,45,16:50:58,21:30.227,1290227,76,255
1039,844,5,45,16:51:08,21:25.145,1285145,76,255
1039,847,5,45,16:51:28,21:09.095,1269095,76,255
1039,20,6,45,16:51:32,21:06.590,1266590,76,255
1038,840,1,26,15:54:52,25:17.308,1517308,14,162
1038,842,2,26,15:54:53,25:19.879,1519879,14,162
1038,8,2,26,15:54:55,25:20.985,1520985,14,162
1038,841,2,26,15:54:57,25:21.825,1521825,14,162
1038,832,2,26,15:54:58,25:22.369,1522369,14,162
1038,846,2,26,15:55:02,25:22.009,1522009,14,162
1038,822,2,26,15:55:03,25:22.264,1522264,14,162
1038,849,2,26,15:55:05,25:23.130,1523130,14,162
1038,817,2,26,15:55:06,25:23.637,1523637,14,162
1038,830,2,26,15:55:08,25:22.796,1522796,14,162
1038,839,2,26,15:55:10,25:23.223,1523223,14,162
1038,826,2,26,15:55:12,25:24.139,1524139,14,162
1038,815,2,26,15:55:14,25:24.989,1524989,14,162
1038,847,2,26,15:55:17,25:27.938,1527938,14,162
1038,848,2,26,15:55:18,25:28.247,1528247,14,162
1038,154,2,26,15:55:20,25:30.188,1530188,14,162
1038,1,3,28,16:25:20,31.643,31643,14,162
1038,841,3,30,16:28:15,31.480,31480,14,162
1040,847,1,1,14:15:56,30.165,30165,71,2
1040,848,1,1,14:16:00,30.211,30211,71,2
1040,846,1,1,14:16:01,37.108,37108,71,2
1040,847,2,14,14:43:16,29.433,29433,71,2
1040,817,1,15,14:44:24,30.112,30112,71,2
1040,1,1,16,14:45:50,41.352,41352,71,2
1040,841,1,16,14:46:23,29.767,29767,71,2
1040,154,1,17,14:48:03,30.054,30054,71,2
1040,849,1,17,14:48:20,29.862,29862,71,2
1040,839,1,18,14:49:24,30.068,30068,71,2
1040,842,1,18,14:49:32,29.770,29770,71,2
1040,825,1,19,14:51:23,30.188,30188,71,2
1040,815,1,20,14:52:46,29.602,29602,71,2
1040,830,1,25,15:00:57,28.748,28748,71,2
1040,822,1,26,15:02:26,29.750,29750,71,2
1040,848,2,27,15:05:10,30.111,30111,71,2
1040,844,1,28,15:06:20,30.261,30261,71,2
1040,826,1,30,15:09:46,29.662,29662,71,2
1040,20,1,30,15:10:13,29.395,29395,71,2
1040,8,1,35,15:18:43,33.317,33317,71,2
1040,842,2,42,15:30:21,29.409,29409,71,2
1040,154,2,42,15:31:06,29.988,29988,71,2
1040,846,2,47,15:39:13,31.368,31368,71,2
1040,847,3,50,15:45:09,29.675,29675,71,2
1041,848,1,7,14:24:20,23.562,23562,20,578
1041,844,1,10,14:29:03,22.560,22560,20,578
1041,8,1,10,14:29:22,22.865,22865,20,578
1041,20,1,11,14:30:54,22.616,22616,20,578
1041,847,1,11,14:30:54,22.496,22496,20,578
1041,822,1,13,14:33:18,22.625,22625,20,578
1041,825,1,14,14:35:37,23.016,23016,20,578
1041,849,1,14,14:35:40,24.737,24737,20,578
1041,841,1,15,14:37:09,22.482,22482,20,578
1041,1,1,16,14:37:59,23.983,23983,20,578
1041,830,1,16,14:38:04,22.106,22106,20,578
1041,817,1,16,14:38:37,22.159,22159,20,578
1041,826,1,17,14:41:05,30.826,30826,20,578
1041,815,1,28,14:57:23,22.880,22880,20,578
1041,832,1,28,14:57:31,22.641,22641,20,578
1041,154,1,28,14:57:54,23.635,23635,20,578
1041,846,1,29,14:58:56,21.991,21991,20,578
1041,807,1,29,14:59:24,22.700,22700,20,578
1041,842,1,30,15:00:55,22.625,22625,20,578
1041,849,2,33,15:06:01,24.063,24063,20,578
1041,825,2,34,15:07:30,23.114,23114,20,578
1041,844,2,35,15:08:35,23.111,23111,20,578
1041,841,2,36,15:10:28,22.772,22772,20,578
1041,20,2,41,15:18:18,24.366,24366,20,578
1041,817,2,44,15:22:03,22.530,22530,20,578
1041,832,2,44,15:22:26,22.503,22503,20,578
1041,1,2,45,15:22:31,23.180,23180,20,578
1041,830,2,45,15:22:43,22.568,22568,20,578
1041,842,2,44,15:23:04,22.917,22917,20,578
1041,807,2,44,15:23:08,22.686,22686,20,578
1041,8,2,44,15:23:17,33.016,33016,20,578
1041,826,2,44,15:23:55,22.527,22527,20,578
1041,815,2,45,15:24:17,22.612,22612,20,578
1042,815,1,1,13:14:54,26.177,26177,75,108
1042,8,1,11,13:28:58,29.061,29061,75,108
1042,817,1,14,13:33:08,26.999,26999,75,108
1042,846,1,18,13:38:42,34.807,34807,75,108
1042,840,1,18,13:38:52,36.314,36314,75,108
1042,848,1,19,13:40:09,26.287,26287,75,108
1042,830,1,23,13:45:13,26.394,26394,75,108
1042,849,1,24,13:47:22,26.739,26739,75,108
1042,826,1,25,13:48:37,27.211,27211,75,108
1042,832,1,26,13:49:45,27.299,27299,75,108
1042,154,1,26,13:50:03,26.985,26985,75,108
1042,20,1,27,13:51:14,26.666,26666,75,108
1042,842,1,28,13:52:25,27.204,27204,75,108
1042,841,1,28,13:52:49,26.473,26473,75,108
1042,825,1,31,13:57:08,27.300,27300,75,108
1042,844,1,34,14:00:19,26.940,26940,75,108
1042,840,2,34,14:01:48,37.483,37483,75,108
1042,847,1,36,14:03:48,32.991,32991,75,108
1042,1,1,40,14:07:56,27.162,27162,75,108
1042,822,1,41,14:09:27,26.512,26512,75,108
1042,846,2,43,14:13:48,27.750,27750,75,108
1042,815,2,45,14:15:49,26.635,26635,75,108
1042,848,2,46,14:17:42,25.882,25882,75,108
1042,839,1,53,14:26:47,28.535,28535,75,108
1042,826,2,55,14:30:36,32.943,32943,75,108
1043,840,1,1,13:14:49,36.189,36189,21,37
1043,154,1,9,13:25:41,30.422,30422,21,37
1043,841,1,10,13:27:00,29.745,29745,21,37
1043,847,1,11,13:28:18,29.707,29707,21,37
1043,844,1,13,13:30:49,30.243,30243,21,37
1043,846,1,13,13:30:56,29.683,29683,21,37
1043,839,1,13,13:30:59,30.559,30559,21,37
1043,817,1,14,13:32:09,30.204,30204,21,37
1043,848,1,14,13:32:12,29.770,29770,21,37
1043,826,1,14,13:32:12,30.277,30277,21,37
1043,832,1,17,13:36:15,29.950,29950,21,37
1043,830,1,18,13:37:06,29.427,29427,21,37
1043,822,1,19,13:38:22,29.600,29600,21,37
1043,815,1,27,13:49:28,29.985,29985,21,37
1043,825,1,27,13:50:01,30.708,30708,21,37
1043,1,1,30,13:52:53,30.382,30382,21,37
1043,840,2,29,13:53:03,30.566,30566,21,37
1043,849,1,34,13:59:15,29.892,29892,21,37
1043,20,1,39,14:05:39,40.497,40497,21,37
1043,8,1,48,14:17:39,29.863,29863,21,37
1043,154,2,50,14:21:06,31.199,31199,21,37
1043,822,2,51,14:21:18,30.129,30129,21,37
1043,815,2,51,14:21:54,30.555,30555,21,37
1043,826,2,51,14:22:09,29.809,29809,21,37
1043,832,2,51,14:22:11,30.614,30614,21,37
1043,1,2,52,14:22:55,30.925,30925,21,37
1043,20,2,51,14:22:57,29.934,29934,21,37
1043,840,3,52,14:25:09,36.630,36630,21,37
1043,846,2,53,14:25:29,30.203,30203,21,37
1043,848,2,59,14:37:02,29.552,29552,21,37
1044,839,1,1,13:15:59,25.719,25719,5,130
1044,844,1,6,13:25:49,24.275,24275,5,130
1044,822,1,7,13:27:48,23.398,23398,5,130
1044,20,1,8,13:28:57,24.022,24022,5,130
1044,1,1,8,13:29:04,23.860,23860,5,130
1044,8,1,8,13:29:23,30.765,30765,5,130
1044,825,1,8,13:29:27,24.552,24552,5,130
1044,841,1,8,13:29:38,25.432,25432,5,130
1044,826,1,8,13:29:42,23.417,23417,5,130
1044,154,1,8,13:29:52,26.686,26686,5,130
1044,840,1,9,13:30:37,23.730,23730,5,130
1044,849,1,8,13:30:54,24.738,24738,5,130
1044,846,1,9,13:31:36,22.684,22684,5,130
1044,815,1,10,13:32:35,25.163,25163,5,130
1044,817,1,10,13:32:52,23.470,23470,5,130
1044,832,1,10,13:32:56,23.910,23910,5,130
1044,842,1,10,13:33:26,23.669,23669,5,130
1044,839,2,10,13:33:43,23.475,23475,5,130
1044,830,1,11,13:34:27,24.256,24256,5,130
1044,848,1,12,13:36:22,22.602,22602,5,130
1044,830,2,18,13:47:55,22.518,22518,5,130
1044,844,2,30,14:08:52,23.687,23687,5,130
1044,8,2,30,14:09:48,31.356,31356,5,130
1044,817,2,32,14:12:20,23.208,23208,5,130
1044,847,1,32,14:13:13,22.692,22692,5,130
1044,20,2,33,14:13:43,25.401,25401,5,130
1044,832,2,33,14:14:01,23.537,23537,5,130
1044,842,2,33,14:14:57,23.288,23288,5,130
1044,848,2,34,14:15:35,22.490,22490,5,130
1044,825,2,34,14:16:33,2:33.964,153964,5,130
1044,840,2,36,14:18:49,23.650,23650,5,130
1044,846,2,36,14:19:42,23.686,23686,5,130
1044,154,2,36,14:20:55,31.422,31422,5,130
1044,849,2,38,14:26:46,36.599,36599,5,130
1044,830,3,43,14:31:06,22.787,22787,5,130
1044,847,2,42,14:31:11,22.888,22888,5,130
1044,822,2,46,14:37:34,22.853,22853,5,130
1044,8,3,50,14:44:57,23.180,23180,5,130
1045,1,1,1,17:15:42,19:23.979,1163979,3,7
1045,830,1,1,17:15:44,19:24.529,1164529,3,7
1045,815,1,1,17:15:46,19:23.442,1163442,3,7
1045,848,1,1,17:15:51,19:21.607,1161607,3,7
1045,817,1,1,17:15:56,19:19.722,1159722,3,7
1045,822,1,1,17:15:57,19:19.205,1159205,3,7
1045,842,1,1,17:16:02,19:20.469,1160469,3,7
1045,839,1,1,17:16:04,19:20.946,1160946,3,7
1045,846,1,1,17:16:13,19:13.898,1153898,3,7
1045,844,1,1,17:16:14,19:14.255,1154255,3,7
1045,841,1,1,17:16:18,19:14.906,1154906,3,7
1045,840,1,1,17:16:19,19:14.123,1154123,3,7
1045,832,1,1,17:16:21,19:17.291,1157291,3,7
1045,825,1,1,17:16:23,19:16.990,1156990,3,7
1045,20,1,1,17:16:26,19:17.042,1157042,3,7
1045,849,1,1,17:16:29,19:17.995,1157995,3,7
1045,8,1,1,17:16:31,19:21.539,1161539,3,7
1045,847,1,1,17:16:34,19:23.297,1163297,3,7
1045,826,1,1,17:16:36,19:23.014,1163014,3,7
1045,825,2,3,18:41:46,38.297,38297,3,7
1045,822,2,4,18:43:43,24.936,24936,3,7
1045,817,2,16,19:06:25,24.617,24617,3,7
1045,839,2,17,19:07:58,24.076,24076,3,7
1045,826,2,17,19:08:09,37.317,37317,3,7
1045,8,2,17,19:08:14,32.278,32278,3,7
1045,846,2,18,19:09:33,24.679,24679,3,7
1045,1,2,19,19:10:46,24.061,24061,3,7
1045,848,2,19,19:11:03,24.172,24172,3,7
1045,830,2,20,19:12:27,24.622,24622,3,7
1045,815,2,20,19:12:34,24.317,24317,3,7
1045,847,2,20,19:13:06,24.029,24029,3,7
1045,841,2,20,19:13:16,24.145,24145,3,7
1045,20,2,20,19:13:19,24.774,24774,3,7
1045,832,2,21,19:14:28,24.511,24511,3,7
1045,849,2,21,19:14:54,24.248,24248,3,7
1045,844,2,23,19:17:53,25.199,25199,3,7
1045,842,2,25,19:21:01,24.398,24398,3,7
1045,822,3,25,19:21:09,24.734,24734,3,7
1045,825,3,27,19:24:46,25.924,25924,3,7
1045,826,3,33,19:34:29,24.135,24135,3,7
1045,830,3,34,19:34:47,26.950,26950,3,7
1045,848,3,34,19:35:11,23.848,23848,3,7
1045,839,3,34,19:35:41,25.254,25254,3,7
1045,1,3,35,19:36:16,24.345,24345,3,7
1045,815,3,36,19:38:16,24.589,24589,3,7
1045,817,3,36,19:38:50,24.817,24817,3,7
1045,849,3,37,19:41:05,24.024,24024,3,7
1045,846,3,38,19:41:45,24.666,24666,3,7
1045,822,4,38,19:42:04,24.675,24675,3,7
1045,832,3,39,19:43:27,25.502,25502,3,7
1045,847,3,39,19:44:08,27.146,27146,3,7
1045,20,3,39,19:44:14,25.444,25444,3,7
1045,844,3,40,19:45:27,24.855,24855,3,7
1045,8,3,40,19:45:59,25.270,25270,3,7
1045,830,4,46,19:53:52,23.906,23906,3,7
1045,841,3,53,20:07:02,24.836,24836,3,7
1045,825,4,53,20:07:38,25.793,25793,3,7
1046,815,1,1,20:14:22,24.214,24214,3,7
1046,846,1,20,20:35:27,24.885,24885,3,7
1046,8,1,23,20:38:44,28.518,28518,3,7
1046,841,1,26,20:41:34,24.810,24810,3,7
1046,825,1,26,20:41:37,25.474,25474,3,7
1046,826,1,27,20:42:12,24.101,24101,3,7
1046,849,1,27,20:42:32,24.297,24297,3,7
1046,832,1,28,20:43:07,24.162,24162,3,7
1046,842,1,28,20:43:13,25.077,25077,3,7
1046,817,1,29,20:44:08,24.474,24474,3,7
1046,20,1,31,20:46:25,26.216,26216,3,7
1046,851,1,31,20:46:36,24.863,24863,3,7
1046,850,1,31,20:46:50,27.681,27681,3,7
1046,839,1,41,20:55:57,24.414,24414,3,7
1046,840,1,42,20:56:54,24.684,24684,3,7
1046,847,1,45,20:59:22,24.708,24708,3,7
1046,815,2,47,21:01:49,24.507,24507,3,7
1046,848,1,47,21:01:54,23.874,23874,3,7
1046,822,1,49,21:03:18,24.552,24552,3,7
1046,842,2,51,21:05:56,24.577,24577,3,7
1046,826,2,53,21:07:47,24.232,24232,3,7
1046,846,2,54,21:09:09,24.245,24245,3,7
1046,850,2,53,21:09:11,26.393,26393,3,7
1046,20,2,54,21:09:21,28.080,28080,3,7
1046,841,2,54,21:09:30,24.551,24551,3,7
1046,825,2,54,21:09:40,25.466,25466,3,7
1046,851,2,54,21:09:43,25.688,25688,3,7
1046,8,2,54,21:09:49,24.401,24401,3,7
1046,832,2,55,21:09:54,24.853,24853,3,7
1046,817,2,55,21:09:56,24.695,24695,3,7
1046,851,3,59,21:15:05,40.028,40028,3,7
1046,847,2,62,21:16:30,28.765,28765,3,7
1046,822,2,62,21:16:37,52.874,52874,3,7
1046,848,2,62,21:17:23,23.645,23645,3,7
1046,847,3,63,21:18:22,24.724,24724,3,7
1046,8,3,62,21:18:42,24.686,24686,3,7
1046,20,3,63,21:19:11,24.809,24809,3,7
1046,850,3,63,21:20:20,25.780,25780,3,7
1046,847,4,78,21:35:26,24.235,24235,3,7
1047,830,1,10,17:30:57,21.289,21289,24,3
1047,822,1,10,17:31:02,21.587,21587,24,3
1047,1,1,10,17:31:09,22.406,22406,24,3
1047,848,1,10,17:31:15,21.508,21508,24,3
1047,846,1,10,17:31:22,21.840,21840,24,3
1047,832,1,10,17:31:29,22.140,22140,24,3
1047,840,1,10,17:31:30,22.036,22036,24,3
1047,842,1,10,17:31:33,22.000,22000,24,3
1047,826,1,10,17:31:37,25.724,25724,24,3
1047,839,1,10,17:31:40,21.615,21615,24,3
1047,8,1,10,17:31:49,22.012,22012,24,3
1047,847,1,10,17:31:56,22.085,22085,24,3
1047,850,1,10,17:32:05,26.329,26329,24,3
1047,849,1,11,17:34:29,21.357,21357,24,3
1047,844,1,22,17:54:48,22.178,22178,24,3
1047,841,1,27,18:03:41,21.480,21480,24,3
1047,825,1,31,18:10:52,22.714,22714,24,3
1047,850,2,34,18:16:09,28.501,28501,24,3
1047,20,1,35,18:17:15,22.040,22040,24,3
1047,849,2,35,18:17:41,22.384,22384,24,3
1047,817,1,39,18:23:37,22.123,22123,24,3
1047,825,2,47,18:39:11,23.098,23098,24,3
1047,850,3,48,18:41:11,23.217,23217,24,3
1052,815,1,2,18:11:56,23.993,23993,3,7
1052,842,1,4,18:16:14,38.338,38338,3,7
1052,4,1,11,18:27:32,24.373,24373,3,7
1052,846,1,12,18:29:05,24.899,24899,3,7
1052,844,1,12,18:29:06,24.925,24925,3,7
1052,840,1,12,18:29:09,24.884,24884,3,7
1052,841,1,12,18:29:14,31.998,31998,3,7
1052,1,1,13,18:30:29,24.839,24839,3,7
1052,817,1,13,18:30:45,24.688,24688,3,7
1052,8,1,13,18:30:52,24.107,24107,3,7
1052,839,1,13,18:30:55,25.226,25226,3,7
1052,847,1,13,18:31:02,24.621,24621,3,7
1052,849,1,14,18:32:44,26.046,26046,3,7
1052,854,1,14,18:32:58,25.798,25798,3,7
1052,832,1,15,18:34:04,24.353,24353,3,7
1052,852,1,15,18:34:12,25.046,25046,3,7
1052,822,1,16,18:35:24,24.262,24262,3,7
1052,830,1,17,18:36:54,24.767,24767,3,7
1052,815,2,19,18:40:35,24.105,24105,3,7
1052,842,2,19,18:41:17,24.317,24317,3,7
1052,20,1,24,18:49:08,24.626,24626,3,7
1052,1,2,28,18:54:40,24.076,24076,3,7
1052,840,2,28,18:55:23,25.525,25525,3,7
1052,8,2,29,18:57:06,24.046,24046,3,7
1052,4,2,29,18:57:13,24.775,24775,3,7
1052,822,2,30,18:57:58,32.897,32897,3,7
1052,841,2,30,18:58:53,24.223,24223,3,7
1052,839,2,31,19:00:29,24.471,24471,3,7
1052,844,2,32,19:01:40,24.176,24176,3,7
1052,817,2,32,19:01:44,24.655,24655,3,7
1052,849,2,32,19:02:32,23.983,23983,3,7
1052,846,2,33,19:03:11,25.640,25640,3,7
1052,852,2,33,19:03:36,24.328,24328,3,7
1052,854,2,33,19:04:27,25.343,25343,3,7
1052,847,2,36,19:08:48,24.248,24248,3,7
1052,832,2,37,19:09:53,24.341,24341,3,7
1052,815,3,38,19:11:20,24.191,24191,3,7
1052,830,2,39,19:12:13,23.848,23848,3,7
1052,842,3,39,19:13:55,24.983,24983,3,7
1052,822,3,54,19:36:21,24.566,24566,3,7
1053,839,1,1,15:05:16,30.866,30866,21,37
1053,20,1,3,15:10:09,32.024,32024,21,37
1053,854,1,5,15:15:11,51.007,51007,21,37
1053,853,1,12,15:27:20,31.168,31168,21,37
1053,842,1,14,15:30:10,31.068,31068,21,37
1053,20,2,20,15:39:11,31.184,31184,21,37
1053,854,2,21,15:41:24,32.479,32479,21,37
1053,20,3,22,15:42:52,39.502,39502,21,37
1053,853,2,23,15:45:20,31.500,31500,21,37
1053,852,1,25,15:46:39,30.696,30696,21,37
1053,847,1,26,15:47:53,29.983,29983,21,37
1053,8,1,26,15:47:55,30.280,30280,21,37
1053,830,1,27,15:47:59,29.809,29809,21,37
1053,842,2,26,15:48:45,32.277,32277,21,37
1053,832,1,27,15:48:51,30.856,30856,21,37
1053,817,1,27,15:48:57,34.340,34340,21,37
1053,840,1,27,15:49:16,31.138,31138,21,37
1053,1,1,28,15:49:27,32.112,32112,21,37
1053,841,1,27,15:49:32,32.299,32299,21,37
1053,839,2,27,15:49:42,30.652,30652,21,37
1053,844,1,28,15:49:43,31.002,31002,21,37
1053,815,1,28,15:49:58,44.608,44608,21,37
1053,846,1,28,15:50:11,30.654,30654,21,37
1053,822,1,28,15:50:46,30.167,30167,21,37
1053,4,1,28,15:51:18,30.864,30864,21,37
1053,1,2,31,15:55:30,38.198,38198,21,37
1053,839,3,31,15:56:23,30.701,30701,21,37
1053,830,2,33,15:58:11,27:01.361,1621361,21,37
1053,840,2,32,15:58:13,24:52.090,1492090,21,37
1053,8,2,32,15:58:16,24:52.612,1492612,21,37
1053,1,3,32,15:58:17,24:54.731,1494731,21,37
1053,854,3,31,15:58:20,25:21.462,1521462,21,37
1053,852,2,32,15:58:24,24:51.384,1491384,21,37
1053,841,2,32,15:58:26,24:56.541,1496541,21,37
1053,844,2,33,15:58:28,26:49.484,1609484,21,37
1053,4,2,32,15:58:37,24:48.372,1488372,21,37
1053,839,4,32,15:58:48,24:38.974,1478974,21,37
1053,853,3,31,15:58:57,24:46.154,1486154,21,37
1053,846,2,33,15:59:06,26:24.953,1584953,21,37
1053,815,2,33,15:59:11,26:21.158,1581158,21,37
1053,832,2,33,15:59:14,26:22.211,1582211,21,37
1053,842,3,32,15:59:18,24:13.539,1453539,21,37
1053,20,4,32,15:59:21,24:12.323,1452323,21,37
1053,817,2,33,15:59:25,26:14.827,1574827,21,37
1053,840,3,33,16:24:36,1:05.390,65390,21,37
1053,8,3,33,16:24:42,1:02.892,62892,21,37
1053,1,4,33,16:24:48,1:05.870,65870,21,37
1053,852,3,33,16:24:52,1:03.280,63280,21,37
1053,841,3,33,16:24:58,1:00.172,60172,21,37
1053,4,3,33,16:25:04,57.601,57601,21,37
1053,839,5,33,16:25:06,56.733,56733,21,37
1053,842,4,33,16:25:09,56.083,56083,21,37
1053,20,5,33,16:25:15,52.043,52043,21,37
1053,854,4,32,16:25:16,51.222,51222,21,37
1053,853,4,32,16:25:22,49.729,49729,21,37
1053,841,4,40,16:36:13,29.742,29742,21,37
1054,822,1,2,15:06:11,21.377,21377,75,108
1054,1,1,2,15:06:13,22.426,22426,75,108
1054,830,1,2,15:06:14,22.718,22718,75,108
1054,832,1,2,15:06:16,22.029,22029,75,108
1054,815,1,2,15:06:18,21.890,21890,75,108
1054,846,1,2,15:06:19,21.407,21407,75,108
1054,839,1,2,15:06:21,21.275,21275,75,108
1054,844,1,2,15:06:23,21.323,21323,75,108
1054,842,1,2,15:06:24,21.353,21353,75,108
1054,20,1,2,15:06:26,21.398,21398,75,108
1054,847,1,2,15:06:27,23.532,23532,75,108
1054,841,1,2,15:06:29,22.485,22485,75,108
1054,817,1,2,15:06:31,21.965,21965,75,108
1054,4,1,2,15:06:34,21.452,21452,75,108
1054,852,1,2,15:06:36,22.266,22266,75,108
1054,840,1,2,15:06:37,22.264,22264,75,108
1054,849,1,2,15:06:39,21.970,21970,75,108
1054,854,1,2,15:06:40,22.019,22019,75,108
1054,853,1,2,15:06:42,21.372,21372,75,108
1054,822,2,3,15:08:34,22.072,22072,75,108
1054,1,2,3,15:08:36,22.164,22164,75,108
1054,830,2,3,15:08:37,22.104,22104,75,108
1054,832,2,3,15:08:38,22.244,22244,75,108
1054,815,2,3,15:08:39,22.100,22100,75,108
1054,846,2,3,15:08:40,22.551,22551,75,108
1054,839,2,3,15:08:42,22.240,22240,75,108
1054,844,2,3,15:08:43,22.587,22587,75,108
1054,842,2,3,15:08:45,22.319,22319,75,108
1054,20,2,3,15:08:48,21.750,21750,75,108
1054,847,2,3,15:08:48,22.755,22755,75,108
1054,841,2,3,15:08:50,22.669,22669,75,108
1054,817,2,3,15:08:51,22.355,22355,75,108
1054,4,2,3,15:08:53,21.621,21621,75,108
1054,852,2,3,15:08:55,22.542,22542,75,108
1054,840,2,3,15:08:57,22.176,22176,75,108
1054,849,2,3,15:08:58,21.730,21730,75,108
1054,854,2,3,15:09:00,21.454,21454,75,108
1054,853,2,3,15:09:01,21.404,21404,75,108
1054,832,3,21,15:36:07,25.892,25892,75,108
1054,852,3,21,15:36:23,26.202,26202,75,108
1054,846,3,22,15:37:29,26.952,26952,75,108
1054,839,3,22,15:37:35,27.033,27033,75,108
1054,20,3,22,15:37:40,26.620,26620,75,108
1054,841,3,22,15:37:41,26.729,26729,75,108
1054,842,3,24,15:40:23,26.172,26172,75,108
1054,849,3,24,15:40:50,26.595,26595,75,108
1054,844,3,25,15:41:44,27.082,27082,75,108
1054,847,3,28,15:46:30,26.843,26843,75,108
1054,853,3,31,15:50:54,27.186,27186,75,108
1054,854,3,32,15:52:09,27.245,27245,75,108
1054,830,3,35,15:55:06,26.743,26743,75,108
1054,822,3,36,15:56:27,26.938,26938,75,108
1054,1,3,37,15:57:46,26.907,26907,75,108
1054,840,3,39,16:01:22,26.027,26027,75,108
1054,4,3,40,16:02:37,26.442,26442,75,108
1054,817,3,41,16:03:56,28.639,28639,75,108
1054,853,4,43,16:08:31,26.984,26984,75,108
1054,815,3,51,16:17:18,26.607,26607,75,108
1054,822,4,63,16:33:39,26.573,26573,75,108
1054,830,4,64,16:34:55,26.319,26319,75,108
1055,841,1,8,15:15:06,54.673,54673,4,109
1055,847,1,9,15:17:07,23.814,23814,4,109
1055,849,1,9,15:17:10,26.672,26672,4,109
1055,842,1,18,15:30:37,28.042,28042,4,109
1055,4,1,21,15:34:51,22.043,22043,4,109
1055,20,1,21,15:34:52,23.087,23087,4,109
1055,832,1,22,15:36:10,21.779,21779,4,109
1055,840,1,22,15:36:15,21.756,21756,4,109
1055,853,1,22,15:36:40,23.098,23098,4,109
1055,822,1,23,15:37:18,22.311,22311,4,109
1055,839,1,23,15:37:33,22.798,22798,4,109
1055,846,1,23,15:37:35,21.864,21864,4,109
1055,854,1,23,15:37:59,24.006,24006,4,109
1055,830,1,24,15:38:32,23.565,23565,4,109
1055,817,1,25,15:40:16,22.406,22406,4,109
1055,815,1,27,15:43:06,22.382,22382,4,109
1055,849,2,27,15:43:32,21.424,21424,4,109
1055,1,1,28,15:44:07,22.220,22220,4,109
1055,844,1,28,15:44:20,21.613,21613,4,109
1055,847,2,28,15:44:52,21.919,21919,4,109
1055,8,1,37,15:57:41,21.572,21572,4,109
1055,20,2,38,15:59:08,21.973,21973,4,109
1055,840,2,39,16:00:28,21.432,21432,4,109
1055,841,2,39,16:00:52,22.871,22871,4,109
1055,1,2,42,16:03:32,22.078,22078,4,109
1055,853,2,42,16:05:36,22.502,22502,4,109
1055,817,2,46,16:09:49,21.762,21762,4,109
1055,832,2,46,16:09:50,21.856,21856,4,109
1055,842,2,47,16:11:47,26.065,26065,4,109
1055,849,3,50,16:16:19,22.405,22405,4,109
1055,854,2,50,16:16:33,22.310,22310,4,109
1055,846,2,51,16:17:08,22.467,22467,4,109
1055,822,2,53,16:18:52,21.638,21638,4,109
1055,815,2,57,16:24:55,21.345,21345,4,109
1055,844,2,58,16:26:05,22.292,22292,4,109
1055,830,2,60,16:28:18,21.592,21592,4,109
1055,4,2,61,16:31:41,23.479,23479,4,109
1056,1,1,29,15:40:07,23.783,23783,6,7
1056,846,1,30,15:41:20,23.874,23874,6,7
1056,842,1,30,15:41:23,24.428,24428,6,7
1056,20,1,31,15:42:42,24.369,24369,6,7
1056,847,1,31,15:43:46,23.928,23928,6,7
1056,832,1,32,15:43:47,24.150,24150,6,7
1056,841,1,33,15:45:42,24.521,24521,6,7
1056,830,1,34,15:46:10,23.746,23746,6,7
1056,815,1,35,15:47:44,24.548,24548,6,7
1056,853,1,34,15:48:25,25.202,25202,6,7
1056,817,1,36,15:49:52,24.715,24715,6,7
1056,839,1,37,15:50:48,23.935,23935,6,7
1056,854,1,37,15:52:43,24.797,24797,6,7
1056,8,1,43,15:58:41,24.077,24077,6,7
1056,849,1,43,15:59:23,23.703,23703,6,7
1056,4,1,45,16:01:34,23.803,23803,6,7
1056,840,1,58,16:17:28,23.474,23474,6,7
1056,852,1,64,16:26:09,24.430,24430,6,7
1056,1,2,67,16:28:48,24.244,24244,6,7
1057,847,1,1,16:06:06,19.970,19970,73,-7
1057,841,1,2,16:07:56,20.402,20402,73,-7
1057,4,1,7,16:16:54,20.168,20168,73,-7
1057,846,1,7,16:16:56,20.533,20533,73,-7
1057,854,1,8,16:19:00,22.440,22440,73,-7
1057,844,1,9,16:20:20,19.836,19836,73,-7
1057,852,1,9,16:20:28,20.253,20253,73,-7
1057,849,1,9,16:20:47,22.149,22149,73,-7
1057,853,1,9,16:20:57,21.759,21759,73,-7
1057,832,1,10,16:22:11,20.064,20064,73,-7
1057,1,1,11,16:23:50,22.470,22470,73,-7
1057,842,1,11,16:23:55,20.156,20156,73,-7
1057,822,1,11,16:24:08,20.356,20356,73,-7
1057,817,1,11,16:24:12,20.082,20082,73,-7
1057,830,1,12,16:25:37,19.769,19769,73,-7
1057,815,1,13,16:27:25,21.874,21874,73,-7
1057,8,1,13,16:27:59,20.048,20048,73,-7
1057,20,1,18,16:36:33,19.841,19841,73,-7
1057,4,2,34,17:09:13,19.983,19983,73,-7
1057,841,2,34,17:09:14,20.193,20193,73,-7
1057,847,2,34,17:09:15,20.029,20029,73,-7
1057,854,2,34,17:09:16,1:09.761,69761,73,-7
1057,853,2,34,17:11:01,21.958,21958,73,-7
1057,854,3,44,17:28:35,21.587,21587,73,-7
1057,853,3,44,17:29:37,24.780,24780,73,-7
1057,815,2,47,17:33:39,15.277,15277,73,-7
1057,1,2,47,17:33:39,15.432,15432,73,-7
1057,20,2,47,17:33:42,14.945,14945,73,-7
1057,842,2,47,17:33:45,15.085,15085,73,-7
1057,844,2,47,17:33:48,15.092,15092,73,-7
1057,852,2,47,17:33:50,14.943,14943,73,-7
1057,846,2,47,17:33:53,15.866,15866,73,-7
1057,832,2,47,17:33:56,15.119,15119,73,-7
1057,817,2,47,17:34:01,14.994,14994,73,-7
1057,4,3,47,17:34:03,15.432,15432,73,-7
1057,8,2,47,17:34:05,15.064,15064,73,-7
1057,841,3,47,17:34:07,14.881,14881,73,-7
1057,822,2,47,17:34:08,21.346,21346,73,-7
1057,847,3,47,17:34:08,21.438,21438,73,-7
1057,853,4,46,17:34:18,15.054,15054,73,-7
1057,854,4,47,17:35:06,15.058,15058,73,-7
1057,815,3,48,17:36:45,33:18.466,1998466,73,-7
1057,1,3,48,17:36:47,33:20.923,2000923,73,-7
1057,20,3,48,17:36:49,33:20.416,2000416,73,-7
1057,842,3,48,17:36:52,33:21.830,2001830,73,-7
1057,844,3,48,17:36:53,33:22.544,2002544,73,-7
1057,852,3,48,17:36:55,33:23.526,2003526,73,-7
1057,846,3,48,17:36:57,33:30.409,2010409,73,-7
1057,832,3,48,17:36:58,33:32.724,2012724,73,-7
1057,817,3,48,17:37:00,33:35.163,2015163,73,-7
1057,4,4,48,17:37:04,33:34.526,2014526,73,-7
1057,8,3,48,17:37:06,33:36.437,2016437,73,-7
1057,841,4,48,17:37:08,33:37.324,2017324,73,-7
1057,849,2,48,17:37:10,34:08.175,2048175,73,-7
1057,822,3,48,17:37:13,33:55.229,2035229,73,-7
1057,847,4,48,17:37:18,33:56.172,2036172,73,-7
1057,853,5,47,17:37:20,30:28.965,1828965,73,-7
1057,854,5,48,17:37:47,33:34.176,2014176,73,-7
1057,853,6,48,18:09:58,1:26.440,86440,73,-7
1059,844,1,14,15:26:59,30.798,30798,34,432
1059,852,1,15,15:28:52,30.226,30226,34,432
1059,854,1,15,15:29:09,31.457,31457,34,432
1059,817,1,16,15:30:21,29.951,29951,34,432
1059,822,1,17,15:31:34,30.572,30572,34,432
1059,832,1,17,15:32:00,30.534,30534,34,432
1059,842,1,17,15:32:01,30.781,30781,34,432
1059,847,1,17,15:32:17,30.092,30092,34,432
1059,830,1,18,15:33:10,29.803,29803,34,432
1059,4,1,18,15:33:49,31.288,31288,34,432
1059,849,1,18,15:34:01,29.775,29775,34,432
1059,1,1,19,15:34:46,30.263,30263,34,432
1059,815,1,24,15:43:14,29.682,29682,34,432
1059,846,1,24,15:43:44,30.531,30531,34,432
1059,839,1,28,15:50:47,30.207,30207,34,432
1059,841,1,28,15:50:48,30.586,30586,34,432
1059,853,1,31,15:56:17,30.983,30983,34,432
1059,830,2,32,15:56:20,30.123,30123,34,432
1059,8,1,33,15:59:18,31.327,31327,34,432
1059,840,1,34,16:00:37,30.996,30996,34,432
1059,20,1,37,16:05:29,31.069,31069,34,432
1059,844,2,38,16:07:29,31.368,31368,34,432
1058,844,1,1,15:04:22,28.386,28386,70,678
1058,849,1,1,15:04:58,26.419,26419,70,678
1058,853,1,21,15:28:40,22.759,22759,70,678
1058,841,1,23,15:30:50,21.210,21210,70,678
1058,847,1,25,15:33:03,37.309,37309,70,678
1058,815,1,26,15:33:46,23.477,23477,70,678
1058,849,2,25,15:34:10,21.953,21953,70,678
1058,852,1,26,15:34:15,21.234,21234,70,678
1058,847,2,26,15:34:49,46.315,46315,70,678
1058,822,1,27,15:34:56,21.752,21752,70,678
1058,4,1,27,15:35:25,21.131,21131,70,678
1058,20,1,27,15:35:28,21.546,21546,70,678
1058,1,1,28,15:35:48,21.219,21219,70,678
1058,840,1,28,15:36:35,20.936,20936,70,678
1058,830,1,29,15:36:53,20.936,20936,70,678
1058,846,1,31,15:39:53,21.692,21692,70,678
1058,854,1,33,15:43:09,22.400,22400,70,678
1058,8,1,36,15:46:10,21.227,21227,70,678
1058,839,1,36,15:46:14,21.238,21238,70,678
1058,844,2,37,15:47:22,21.924,21924,70,678
1058,832,1,41,15:51:48,21.226,21226,70,678
1058,817,1,41,15:52:04,21.410,21410,70,678
1058,815,2,54,16:06:26,20.961,20961,70,678
1058,1,2,69,16:23:22,21.640,21640,70,678
1060,841,1,1,15:04:39,21.129,21129,70,678
1060,852,1,12,15:18:55,21.145,21145,70,678
1060,842,1,13,15:20:04,22.564,22564,70,678
1060,840,1,14,15:21:20,21.391,21391,70,678
1060,20,1,17,15:24:54,21.086,21086,70,678
1060,853,1,27,15:37:15,22.000,22000,70,678
1060,817,1,29,15:38:55,21.151,21151,70,678
1060,841,2,29,15:39:18,27.122,27122,70,678
1060,846,1,30,15:39:39,26.474,26474,70,678
1060,822,1,30,15:39:41,21.071,21071,70,678
1060,847,1,30,15:40:16,21.606,21606,70,678
1060,1,1,31,15:40:45,21.005,21005,70,678
1060,830,1,32,15:41:42,21.090,21090,70,678
1060,815,1,32,15:42:28,21.735,21735,70,678
1060,4,1,32,15:42:41,22.663,22663,70,678
1060,849,1,33,15:44:01,21.152,21152,70,678
1060,844,1,34,15:44:47,21.143,21143,70,678
1060,854,1,34,15:45:26,21.798,21798,70,678
1060,8,1,37,15:48:30,21.896,21896,70,678
1060,842,2,45,15:57:48,20.850,20850,70,678
1060,853,2,45,15:58:58,23.182,23182,70,678
1060,840,2,46,15:59:19,21.472,21472,70,678
1060,832,1,48,16:01:07,21.431,21431,70,678
1060,20,2,49,16:02:39,20.841,20841,70,678
1060,852,2,51,16:04:57,26.604,26604,70,678
1060,1,2,53,16:06:32,21.421,21421,70,678
1060,830,2,60,16:14:03,21.236,21236,70,678
1061,844,1,2,15:07:57,34:07.731,2047731,9,153
1061,1,1,2,15:08:00,34:08.376,2048376,9,153
1061,822,1,2,15:08:02,34:09.149,2049149,9,153
1061,846,1,2,15:08:03,34:12.218,2052218,9,153
1061,817,1,2,15:08:05,34:11.281,2051281,9,153
1061,20,1,2,15:08:08,34:15.222,2055222,9,153
1061,4,1,2,15:08:10,34:18.580,2058580,9,153
1061,832,1,2,15:08:12,34:19.122,2059122,9,153
1061,8,1,2,15:08:14,34:22.984,2062984,9,153
1061,839,1,2,15:08:16,34:26.994,2066994,9,153
1061,840,1,2,15:08:18,34:27.861,2067861,9,153
1061,842,1,2,15:08:21,34:27.244,2067244,9,153
1061,841,1,2,15:08:22,34:30.250,2070250,9,153
1061,847,1,2,15:08:25,34:32.543,2072543,9,153
1061,852,1,2,15:08:28,34:35.695,2075695,9,153
1061,854,1,2,15:08:30,34:35.728,2075728,9,153
1061,849,1,2,15:08:32,34:37.164,2077164,9,153
1061,853,1,2,15:08:35,34:36.977,2076977,9,153
1061,815,1,2,15:08:37,34:36.405,2076405,9,153
1061,8,2,18,16:09:59,28.110,28110,9,153
1061,815,2,18,16:10:00,27.892,27892,9,153
1061,847,2,18,16:10:03,27.812,27812,9,153
1061,20,2,18,16:10:08,28.145,28145,9,153
1061,839,2,19,16:11:30,28.772,28772,9,153
1061,849,2,19,16:11:41,27.543,27543,9,153
1061,817,2,20,16:12:48,28.817,28817,9,153
1061,846,2,21,16:14:08,31.706,31706,9,153
1061,822,2,22,16:15:42,28.209,28209,9,153
1061,840,2,23,16:17:39,28.213,28213,9,153
1061,841,2,23,16:17:51,28.137,28137,9,153
1061,4,2,24,16:19:10,29.743,29743,9,153
1061,854,2,24,16:20:00,29.319,29319,9,153
1061,853,2,25,16:21:37,29.253,29253,9,153
1061,1,2,27,16:23:17,40.266,40266,9,153
1061,832,2,28,16:25:06,37.509,37509,9,153
1061,842,2,28,16:25:29,28.685,28685,9,153
1061,844,2,29,16:26:18,28.433,28433,9,153
1061,852,2,30,16:28:42,29.134,29134,9,153
1061,815,3,38,16:41:17,27.848,27848,9,153
1061,842,3,46,16:53:40,28.180,28180,9,153
1061,815,4,48,16:56:54,29.082,29082,9,153
1062,830,1,1,15:05:21,22.569,22569,11,264
1062,853,1,1,15:05:28,23.715,23715,11,264
1062,846,1,1,15:05:33,38.267,38267,11,264
1062,841,1,1,15:05:53,26.573,26573,11,264
1062,1,1,2,15:07:57,24:09.259,1449259,11,264
1062,839,1,2,15:07:59,24:10.190,1450190,11,264
1062,20,1,2,15:08:02,24:11.890,1451890,11,264
1062,832,1,2,15:08:04,24:12.527,1452527,11,264
1062,852,1,2,15:08:08,24:13.630,1453630,11,264
1062,849,1,2,15:08:10,24:14.435,1454435,11,264
1062,4,1,2,15:08:13,24:14.979,1454979,11,264
1062,847,1,2,15:08:17,24:17.487,1457487,11,264
1062,8,1,2,15:08:20,24:17.844,1457844,11,264
1062,854,1,2,15:08:22,24:17.042,1457042,11,264
1062,842,1,2,15:08:25,24:17.615,1457615,11,264
1062,817,1,2,15:08:28,24:17.127,1457127,11,264
1062,830,2,2,15:08:31,24:16.349,1456349,11,264
1062,853,2,2,15:08:34,24:17.420,1457420,11,264
1062,841,2,2,15:08:38,24:16.349,1456349,11,264
1062,839,2,3,15:34:31,39.522,39522,11,264
1062,20,2,3,15:34:31,40.882,40882,11,264
1062,832,2,3,15:34:32,42.786,42786,11,264
1062,852,2,3,15:34:33,40.740,40740,11,264
1062,849,2,3,15:34:34,39.081,39081,11,264
1062,4,2,3,15:34:40,37.122,37122,11,264
1062,847,2,3,15:34:41,29.374,29374,11,264
1062,8,2,3,15:34:41,35.451,35451,11,264
1062,854,2,3,15:34:42,36.813,36813,11,264
1062,842,2,3,15:34:43,39.839,39839,11,264
1062,817,2,3,15:34:43,34.492,34492,11,264
1062,830,3,3,15:34:44,35.245,35245,11,264
1062,841,3,3,15:34:48,36.899,36899,11,264
1062,1,2,4,15:36:34,21.731,21731,11,264
1062,841,4,11,15:46:53,29.191,29191,11,264
1062,8,3,15,15:52:26,36.457,36457,11,264
1062,1,3,19,15:58:08,21.516,21516,11,264
1062,817,3,20,15:59:29,21.623,21623,11,264
1062,830,4,20,15:59:31,21.047,21047,11,264
1062,847,3,21,16:00:52,22.186,22186,11,264
1062,852,3,22,16:02:06,21.819,21819,11,264
1062,849,3,23,16:03:29,22.704,22704,11,264
1062,842,3,30,16:13:24,21.295,21295,11,264
1062,832,3,32,16:15:52,21.951,21951,11,264
1062,841,5,33,16:18:12,21.874,21874,11,264
1062,854,3,34,16:19:34,22.113,22113,11,264
1062,20,3,36,16:21:14,22.703,22703,11,264
1062,839,3,37,16:22:34,21.642,21642,11,264
1062,4,3,39,16:25:35,21.523,21523,11,264
1062,830,5,40,16:27:50,20.848,20848,11,264
1062,1,4,47,16:36:41,21.208,21208,11,264
1062,8,4,53,16:45:57,21.172,21172,11,264
1062,842,4,68,17:05:56,21.543,21543,11,264
1064,854,1,4,15:08:42,35.573,35573,39,6
1064,815,1,8,15:13:52,19.287,19287,39,6
1064,20,1,10,15:16:24,18.664,18664,39,6
1064,1,1,20,15:28:18,19.770,19770,39,6
1064,830,1,21,15:29:30,19.142,19142,39,6
1064,849,1,23,15:33:19,20.646,20646,39,6
1064,842,1,24,15:33:50,19.163,19163,39,6
1064,841,1,27,15:38:13,19.049,19049,39,6
1064,847,1,27,15:38:14,18.634,18634,39,6
1064,840,1,27,15:38:17,19.389,19389,39,6
1064,817,1,30,15:42:01,19.449,19449,39,6
1064,822,1,31,15:42:24,18.873,18873,39,6
1064,832,1,31,15:42:58,20.327,20327,39,6
1064,839,1,31,15:43:12,19.240,19240,39,6
1064,852,1,31,15:43:30,19.850,19850,39,6
1064,854,2,30,15:43:39,24.578,24578,39,6
1064,4,1,33,15:45:41,19.018,19018,39,6
1064,841,2,33,15:46:17,20.043,20043,39,6
1064,853,1,33,15:46:35,19.999,19999,39,6
1064,844,1,34,15:46:39,19.490,19490,39,6
1064,1,2,39,15:52:19,18.868,18868,39,6
1064,830,2,40,15:53:30,18.578,18578,39,6
1064,9,1,40,15:55:29,19.708,19708,39,6
1064,846,1,42,15:57:26,20.443,20443,39,6
1064,20,2,44,16:00:37,18.681,18681,39,6
1064,815,2,47,16:03:51,18.555,18555,39,6
1064,822,2,67,16:27:35,21.730,21730,39,6
1064,1,3,70,16:30:49,19.202,19202,39,6
1064,847,2,68,16:30:57,25.533,25533,39,6
1065,841,1,1,15:05:21,37.190,37190,14,162
1065,817,1,22,15:35:18,23.812,23812,14,162
1065,20,1,22,15:35:56,25.157,25157,14,162
1065,830,1,23,15:36:46,32.456,32456,14,162
1065,849,1,23,15:37:22,24.168,24168,14,162
1065,854,1,23,15:37:49,24.714,24714,14,162
1065,846,1,24,15:38:19,24.168,24168,14,162
1065,853,1,24,15:39:22,24.928,24928,14,162
1065,1,1,25,15:39:44,25.619,25619,14,162
1065,840,1,25,15:40:09,24.846,24846,14,162
1065,4,1,25,15:40:14,24.797,24797,14,162
1065,841,2,25,15:40:55,30.551,30551,14,162
1065,844,1,26,15:41:30,24.557,24557,14,162
1065,815,1,26,15:41:34,23.906,23906,14,162
1065,832,1,26,15:41:48,24.283,24283,14,162
1065,822,1,26,15:41:50,24.308,24308,14,162
1065,839,1,26,15:42:10,30.333,30333,14,162
1065,847,1,26,15:42:13,24.156,24156,14,162
1065,9,1,26,15:42:21,24.501,24501,14,162
1065,20,2,26,15:42:41,25.927,25927,14,162
1065,853,2,28,15:47:13,24.806,24806,14,162
1065,853,3,39,16:05:25,30.917,30917,14,162
1066,840,1,12,15:24:13,30.241,30241,71,2
1066,847,1,13,15:25:55,30.665,30665,71,2
1066,849,1,13,15:26:27,30.056,30056,71,2
1066,852,1,13,15:26:28,30.112,30112,71,2
1066,832,1,14,15:27:33,30.715,30715,71,2
1066,853,1,14,15:28:09,30.127,30127,71,2
1066,839,1,15,15:29:27,29.901,29901,71,2
1066,8,1,15,15:29:28,30.102,30102,71,2
1066,854,1,20,15:38:36,29.996,29996,71,2
1066,817,1,22,15:41:11,33.617,33617,71,2
1066,1,1,26,15:47:52,29.878,29878,71,2
1066,830,1,26,15:47:58,29.578,29578,71,2
1066,20,1,26,15:48:09,29.242,29242,71,2
1066,846,1,28,15:51:03,29.824,29824,71,2
1066,822,1,28,15:51:35,29.936,29936,71,2
1066,842,1,33,16:00:00,29.354,29354,71,2
1066,844,1,35,16:03:07,31.849,31849,71,2
1066,815,1,36,16:04:32,36.026,36026,71,2
1066,4,1,36,16:04:40,30.157,30157,71,2
1066,841,1,36,16:05:27,30.081,30081,71,2
1066,847,2,47,16:23:56,32.081,32081,71,2
1066,822,2,47,16:23:58,29.569,29569,71,2
1066,8,2,47,16:23:59,30.131,30131,71,2
1066,853,2,46,16:24:05,33.931,33931,71,2
1066,852,2,47,16:24:44,30.980,30980,71,2
1066,830,2,48,16:25:32,31.017,31017,71,2
1066,832,2,48,16:25:33,30.677,30677,71,2
1066,817,2,48,16:25:35,31.016,31016,71,2
1066,840,2,48,16:26:01,43.124,43124,71,2
1066,1,2,49,16:26:32,30.045,30045,71,2
1066,852,3,49,16:29:31,30.972,30972,71,2
1066,4,2,50,16:29:34,30.702,30702,71,2
1066,815,2,50,16:29:36,32.313,32313,71,2
1066,20,2,50,16:30:10,32.128,32128,71,2
1066,842,2,50,16:30:49,31.915,31915,71,2
1066,839,2,50,16:30:58,33.264,33264,71,2
1066,841,2,50,16:31:14,33.961,33961,71,2
1066,846,2,51,16:31:33,32.670,32670,71,2
1066,844,2,51,16:32:51,32.648,32648,71,2
1067,817,1,21,15:37:18,23.028,23028,5,130
1067,4,1,30,15:51:43,29.116,29116,5,130
1067,846,1,34,15:57:20,23.239,23239,5,130
1067,849,1,34,15:58:22,24.104,24104,5,130
1067,852,1,35,15:59:39,23.329,23329,5,130
1067,847,1,35,15:59:42,23.551,23551,5,130
1067,830,1,36,15:59:52,22.442,22442,5,130
1067,832,1,36,16:00:33,28.353,28353,5,130
1067,853,1,35,16:00:40,23.829,23829,5,130
1067,20,1,36,16:00:56,23.500,23500,5,130
1067,822,1,37,16:01:20,22.962,22962,5,130
1067,815,1,37,16:01:47,22.463,22463,5,130
1067,8,1,37,16:02:50,23.164,23164,5,130
1067,20,2,37,16:03:36,23.514,23514,5,130
1067,842,1,39,16:05:01,29.310,29310,5,130
1067,840,1,39,16:05:17,35.509,35509,5,130
1067,854,1,39,16:07:05,23.892,23892,5,130
1067,841,1,40,16:07:22,23.150,23150,5,130
1067,844,1,47,16:17:27,23.646,23646,5,130
1067,1,1,50,16:22:19,22.684,22684,5,130
1069,853,1,1,14:05:35,30.673,30673,69,161
1069,839,1,3,14:09:03,40.800,40800,69,161
1069,849,1,5,14:12:39,32.610,32610,69,161
1069,4,1,7,14:16:03,23.576,23576,69,161
1069,841,1,8,14:17:44,23.993,23993,69,161
1069,852,1,9,14:19:23,23.802,23802,69,161
1069,847,1,9,14:19:32,23.572,23572,69,161
1069,830,1,10,14:20:36,23.727,23727,69,161
1069,846,1,10,14:21:01,24.385,24385,69,161
1069,842,1,10,14:21:07,23.745,23745,69,161
1069,817,1,11,14:22:38,24.176,24176,69,161
1069,832,1,11,14:22:41,23.414,23414,69,161
1069,854,1,11,14:23:10,24.293,24293,69,161
1069,815,1,12,14:24:06,25.018,25018,69,161
1069,844,1,12,14:24:15,24.011,24011,69,161
1069,8,1,12,14:24:38,24.191,24191,69,161
1069,1,1,13,14:25:41,24.481,24481,69,161
1069,822,1,15,14:29:44,24.444,24444,69,161
1069,20,1,17,14:33:24,24.977,24977,69,161
1069,840,1,18,14:35:13,23.827,23827,69,161
1069,853,2,24,14:46:40,24.611,24611,69,161
1069,849,2,25,14:47:47,23.653,23653,69,161
1069,839,2,25,14:47:50,23.919,23919,69,161
1069,841,2,26,14:49:12,23.502,23502,69,161
1069,4,2,28,14:52:44,23.844,23844,69,161
1069,830,2,29,14:52:59,24.052,24052,69,161
1069,832,2,29,14:53:43,26.866,26866,69,161
1069,815,2,30,14:55:02,23.604,23604,69,161
1069,817,2,30,14:55:23,24.036,24036,69,161
1069,846,2,30,14:55:31,25.548,25548,69,161
1069,8,2,31,14:57:43,24.090,24090,69,161
1069,847,2,31,14:58:07,24.980,24980,69,161
1069,844,2,32,14:58:34,23.805,23805,69,161
1069,852,2,32,14:59:23,23.529,23529,69,161
1069,822,2,34,15:02:17,23.619,23619,69,161
1069,840,2,34,15:03:12,23.455,23455,69,161
1069,854,2,34,15:03:41,24.247,24247,69,161
1069,1,2,37,15:06:30,23.676,23676,69,161
1069,20,2,38,15:09:49,23.849,23849,69,161
1069,853,3,37,15:09:52,24.169,24169,69,161
1069,4,3,39,15:11:40,23.314,23314,69,161
1070,817,1,1,13:05:11,38.128,38128,32,2227
1070,822,1,1,13:05:16,22.463,22463,32,2227
1070,849,1,11,13:21:22,23.681,23681,32,2227
1070,840,1,12,13:22:45,23.586,23586,32,2227
1070,853,1,13,13:24:11,25.094,25094,32,2227
1070,839,1,14,13:25:30,23.100,23100,32,2227
1070,847,1,15,13:26:51,21.984,21984,32,2227
1070,841,1,16,13:28:00,22.205,22205,32,2227
1070,1,1,29,13:45:17,22.373,22373,32,2227
1070,844,1,30,13:47:01,22.085,22085,32,2227
1070,842,1,31,13:48:20,22.549,22549,32,2227
1070,8,1,32,13:50:02,22.424,22424,32,2227
1070,830,1,33,13:50:33,21.908,21908,32,2227
1070,20,1,33,13:51:22,22.277,22277,32,2227
1070,840,2,34,13:53:37,26.056,26056,32,2227
1070,817,2,38,13:58:47,22.813,22813,32,2227
1070,4,1,39,13:59:43,23.985,23985,32,2227
1070,815,1,40,14:00:14,22.114,22114,32,2227
1070,822,2,40,14:01:30,31.664,31664,32,2227
1070,832,1,42,14:03:25,22.031,22031,32,2227
1070,846,1,44,14:06:38,22.534,22534,32,2227
1070,849,2,49,14:14:59,22.739,22739,32,2227
1070,853,2,58,14:28:22,23.637,23637,32,2227
1070,822,3,63,14:33:17,22.680,22680,32,2227
1070,822,4,67,14:39:06,26.443,26443,32,2227
1071,846,1,1,14:04:50,27.313,27313,18,785
1071,852,1,4,14:08:22,31.939,31939,18,785
1071,847,1,6,14:11:08,22.978,22978,18,785
1071,852,2,6,14:11:57,17.758,17758,18,785
1071,846,2,6,14:12:08,17.719,17719,18,785
1071,830,1,7,14:12:32,17.916,17916,18,785
1071,815,1,7,14:12:34,18.308,18308,18,785
1071,1,1,7,14:12:37,17.910,17910,18,785
1071,822,1,7,14:12:38,17.899,17899,18,785
1071,844,1,7,14:12:40,17.943,17943,18,785
1071,832,1,7,14:12:42,18.460,18460,18,785
1071,20,1,7,14:12:43,18.107,18107,18,785
1071,842,1,7,14:12:45,19.439,19439,18,785
1071,839,1,7,14:12:46,19.285,19285,18,785
1071,817,1,7,14:12:47,19.732,19732,18,785
1071,4,1,7,14:12:52,17.751,17751,18,785
1071,840,1,7,14:12:53,17.948,17948,18,785
1071,841,1,7,14:12:55,17.713,17713,18,785
1071,853,1,7,14:12:56,17.995,17995,18,785
1071,854,1,7,14:12:57,17.861,17861,18,785
1071,849,1,7,14:12:59,18.153,18153,18,785
1071,8,1,7,14:13:01,18.327,18327,18,785
1071,847,2,7,14:13:02,20.844,20844,18,785
1071,852,3,7,14:13:33,17.711,17711,18,785
1071,846,3,7,14:13:44,17.673,17673,18,785
1071,830,2,8,14:14:46,17.807,17807,18,785
1071,815,2,8,14:14:48,18.136,18136,18,785
1071,1,2,8,14:14:49,18.660,18660,18,785
1071,822,2,8,14:14:50,17.837,17837,18,785
1071,844,2,8,14:14:52,17.771,17771,18,785
1071,832,2,8,14:14:54,18.373,18373,18,785
1071,20,2,8,14:14:57,17.896,17896,18,785
1071,842,2,8,14:14:58,18.608,18608,18,785
1071,839,2,8,14:15:00,17.818,17818,18,785
1071,817,2,8,14:15:01,18.347,18347,18,785
1071,4,2,8,14:15:04,17.705,17705,18,785
1071,840,2,8,14:15:06,17.935,17935,18,785
1071,841,2,8,14:15:07,17.929,17929,18,785
1071,853,2,8,14:15:10,18.467,18467,18,785
1071,854,2,8,14:15:11,18.588,18588,18,785
1071,849,2,8,14:15:12,18.784,18784,18,785
1071,8,2,8,14:15:15,18.763,18763,18,785
1071,847,3,8,14:15:17,18.179,18179,18,785
1071,852,4,8,14:15:18,18.499,18499,18,785
1071,846,4,8,14:15:20,19.176,19176,18,785
1071,854,3,11,14:20:29,41.173,41173,18,785
1071,849,3,13,14:23:27,22.936,22936,18,785
1071,840,3,22,14:34:51,24.997,24997,18,785
1071,842,3,25,14:38:27,23.116,23116,18,785
1071,1,3,26,14:39:27,22.690,22690,18,785
1071,832,3,26,14:39:40,23.321,23321,18,785
1071,830,3,27,14:40:38,22.722,22722,18,785
1071,844,3,27,14:40:53,22.667,22667,18,785
1071,815,3,28,14:42:01,23.165,23165,18,785
1071,20,3,28,14:42:22,24.464,24464,18,785
1071,8,3,28,14:42:38,23.541,23541,18,785
1071,841,3,29,14:43:50,23.618,23618,18,785
1071,822,3,30,14:44:40,23.263,23263,18,785
1071,854,4,29,14:44:54,25.597,25597,18,785
1071,817,3,30,14:44:58,22.839,22839,18,785
1071,839,3,30,14:45:08,23.504,23504,18,785
1071,4,3,34,14:50:16,24.375,24375,18,785
1071,853,3,34,14:50:55,23.546,23546,18,785
1071,846,5,37,14:54:11,24.211,24211,18,785
1071,852,5,39,14:56:53,35.416,35416,18,785
1071,849,4,39,14:57:10,22.958,22958,18,785
1071,830,4,40,14:57:11,22.766,22766,18,785
1071,822,4,41,14:58:30,22.856,22856,18,785
1071,847,4,41,14:59:33,23.132,23132,18,785
1071,815,4,42,14:59:48,22.656,22656,18,785
1071,841,4,42,15:00:49,22.830,22830,18,785
1071,1,4,43,15:00:52,22.664,22664,18,785
1071,842,4,51,15:11:27,23.039,23039,18,785
1071,844,4,52,15:12:32,23.064,23064,18,785
1071,8,4,52,15:13:19,22.666,22666,18,785
1071,832,4,53,15:13:50,22.745,22745,18,785
1071,20,4,55,15:16:50,22.978,22978,18,785
1071,854,5,61,15:26:09,24.627,24627,18,785
1071,815,5,69,15:33:06,22.916,22916,18,785
1051,852,1,9,17:17:42,25.659,25659,78,12
1051,8,1,10,17:19:14,26.174,26174,78,12
1051,842,1,13,17:23:37,25.630,25630,78,12
1051,841,1,15,17:26:54,25.987,25987,78,12
1051,830,1,17,17:29:03,25.300,25300,78,12
1051,847,1,17,17:30:00,26.121,26121,78,12
1051,1,1,18,17:30:21,25.235,25235,78,12
1051,849,1,18,17:31:31,25.811,25811,78,12
1051,815,1,19,17:32:28,25.419,25419,78,12
1051,854,1,22,17:37:38,25.881,25881,78,12
1051,4,1,23,17:38:20,25.991,25991,78,12
1051,840,1,23,17:38:40,26.157,26157,78,12
1051,839,1,24,17:40:07,25.517,25517,78,12
1051,846,1,25,17:41:32,25.319,25319,78,12
1051,817,1,26,17:43:19,25.562,25562,78,12
1051,20,1,26,17:43:20,25.726,25726,78,12
1051,832,1,27,17:44:36,25.639,25639,78,12
1051,844,1,27,17:44:46,25.799,25799,78,12
1051,8,2,30,17:49:40,25.633,25633,78,12
1051,853,1,31,17:51:36,26.515,26515,78,12
1051,841,2,32,17:52:43,25.347,25347,78,12
1051,822,1,33,17:53:44,36.341,36341,78,12
1051,852,2,34,17:55:29,26.674,26674,78,12
1051,842,2,35,17:56:42,26.109,26109,78,12
1051,830,2,41,18:04:20,25.175,25175,78,12
1051,815,2,41,18:05:15,25.420,25420,78,12
1051,1,2,42,18:05:37,25.381,25381,78,12
1051,846,2,49,18:17:08,26.552,26552,78,12
1051,847,2,49,18:18:36,35.006,35006,78,12
1051,830,3,55,18:24:59,25.465,25465,78,12
1072,840,1,9,20:48:30,27.165,27165,77,15
1072,847,1,9,20:48:32,20.519,20519,77,15
1072,1,1,10,20:49:49,20.580,20580,77,15
1072,822,1,10,20:49:57,21.668,21668,77,15
1072,844,1,10,20:50:01,20.531,20531,77,15
1072,815,1,10,20:50:04,20.710,20710,77,15
1072,846,1,10,20:50:14,20.973,20973,77,15
1072,4,1,10,20:50:27,20.405,20405,77,15
1072,849,1,10,20:50:43,24.220,24220,77,15
1072,830,1,13,20:58:28,16:36.375,996375,77,15
1072,1,2,13,20:58:32,16:35.856,995856,77,15
1072,822,2,13,20:58:35,16:35.942,995942,77,15
1072,839,1,13,20:58:37,16:37.126,997126,77,15
1072,817,1,13,20:58:41,16:37.029,997029,77,15
1072,844,2,13,20:58:42,16:39.485,999485,77,15
1072,842,1,13,20:58:44,16:41.775,1001775,77,15
1072,815,2,13,20:58:46,16:42.619,1002619,77,15
1072,832,1,13,20:58:47,16:44.618,1004618,77,15
1072,841,1,13,20:58:49,16:44.917,1004917,77,15
1072,852,1,13,20:58:51,16:46.407,1006407,77,15
1072,8,1,13,20:58:54,16:48.569,1008569,77,15
1072,20,1,13,20:58:56,16:52.304,1012304,77,15
1072,846,2,13,20:58:57,16:57.303,1017303,77,15
1072,4,2,13,20:59:01,16:59.850,1019850,77,15
1072,853,1,13,20:59:05,16:59.226,1019226,77,15
1072,847,2,13,20:59:08,17:01.615,1021615,77,15
1072,840,2,13,20:59:12,17:00.939,1020939,77,15
1072,849,2,13,20:59:20,16:57.257,1017257,77,15
1072,830,2,15,21:21:56,18:07.591,1087591,77,15
1072,839,2,15,21:21:58,18:08.290,1088290,77,15
1072,1,3,15,21:22:02,18:06.674,1086674,77,15
1072,817,2,15,21:22:05,18:07.296,1087296,77,15
1072,822,3,15,21:22:07,18:09.473,1089473,77,15
1072,842,2,15,21:22:09,18:12.287,1092287,77,15
1072,844,3,15,21:22:10,18:15.192,1095192,77,15
1072,841,2,15,21:22:14,18:14.749,1094749,77,15
1072,832,2,15,21:22:15,18:17.194,1097194,77,15
1072,20,2,15,21:22:20,18:18.749,1098749,77,15
1072,8,2,15,21:22:24,18:19.282,1099282,77,15
1072,852,2,15,21:22:26,18:20.644,1100644,77,15
1072,4,3,15,21:22:31,18:21.826,1101826,77,15
1072,840,3,15,21:22:33,18:22.979,1102979,77,15
1072,849,3,15,21:22:34,18:27.052,1107052,77,15
1072,846,3,15,21:22:36,18:36.576,1116576,77,15
1072,852,3,23,21:57:04,27.874,27874,77,15
1072,8,3,26,22:01:34,34.489,34489,77,15
1072,4,4,44,22:32:14,21.097,21097,77,15
1073,854,1,10,17:18:55,22.124,22124,24,3
1073,830,1,13,17:22:42,21.152,21152,24,3
1073,1,1,14,17:24:04,21.595,21595,24,3
1073,844,1,15,17:26:08,22.461,22461,24,3
1073,839,1,15,17:26:13,21.677,21677,24,3
1073,846,1,17,17:29:04,21.380,21380,24,3
1073,841,1,17,17:29:20,22.283,22283,24,3
1073,817,1,18,17:30:47,21.449,21449,24,3
1073,832,1,19,17:31:59,22.213,22213,24,3
1073,815,1,21,17:34:55,21.471,21471,24,3
1073,840,1,21,17:35:25,22.288,22288,24,3
1073,8,1,21,17:35:29,22.338,22338,24,3
1073,852,1,23,17:38:05,22.455,22455,24,3
1073,20,1,23,17:38:23,21.221,21221,24,3
1073,849,1,28,17:46:18,21.241,21241,24,3
1073,822,1,30,17:48:30,21.669,21669,24,3
1073,844,2,35,17:56:24,21.173,21173,24,3
1073,830,2,36,17:57:06,21.871,21871,24,3
1073,815,2,36,17:57:40,21.413,21413,24,3
1073,4,1,36,17:58:06,21.304,21304,24,3
1073,842,1,36,17:58:06,22.133,22133,24,3
1073,846,2,48,18:16:06,22.173,22173,24,3
1073,830,3,53,18:22:37,21.453,21453,24,3
1073,817,2,52,18:22:38,22.056,22056,24,3
1073,840,2,52,18:22:55,22.661,22661,24,3
1073,815,3,53,18:23:09,21.385,21385,24,3
1073,854,2,52,18:23:42,22.070,22070,24,3
1073,852,2,53,18:24:01,21.909,21909,24,3
1073,842,2,54,18:25:56,21.920,21920,24,3
1020,1,3,29,16:07:32,1:09.022,69022,10,103
1074,1,1,11,18:21:54,25.201,25201,3,7
1074,4,1,11,18:22:10,25.365,25365,3,7
1074,854,1,12,18:24:08,25.214,25214,3,7
1074,848,1,13,18:25:47,24.874,24874,3,7
1074,830,1,14,18:26:43,24.897,24897,3,7
1074,832,1,14,18:26:50,24.666,24666,3,7
1074,825,1,14,18:27:07,25.478,25478,3,7
1074,842,1,14,18:27:08,24.575,24575,3,7
1074,839,1,14,18:27:11,30.484,30484,3,7
1074,822,1,14,18:27:19,25.893,25893,3,7
1074,849,1,14,18:27:38,24.457,24457,3,7
1074,844,1,15,18:28:19,25.012,25012,3,7
1074,815,1,15,18:28:32,25.046,25046,3,7
1074,847,1,15,18:28:38,25.888,25888,3,7
1074,852,1,15,18:28:57,26.095,26095,3,7
1074,855,1,15,18:29:03,25.428,25428,3,7
1074,817,1,17,18:32:46,24.915,24915,3,7
1074,840,1,18,18:34:18,25.739,25739,3,7
1074,807,1,19,18:36:11,27.365,27365,3,7
1074,846,1,24,18:44:41,24.568,24568,3,7
1074,4,2,25,18:45:53,24.909,24909,3,7
1074,1,2,27,18:48:44,25.796,25796,3,7
1074,852,2,29,18:52:37,24.350,24350,3,7
1074,830,2,30,18:53:16,24.937,24937,3,7
1074,839,2,30,18:54:12,25.393,25393,3,7
1074,844,2,31,18:54:52,24.527,24527,3,7
1074,842,2,32,18:57:23,25.875,25875,3,7
1074,849,2,32,18:58:19,24.778,24778,3,7
1074,832,2,33,18:58:21,24.438,24438,3,7
1074,815,2,33,18:58:23,24.173,24173,3,7
1074,847,2,33,18:58:45,25.334,25334,3,7
1074,817,2,33,18:59:53,24.885,24885,3,7
1074,825,2,34,19:00:39,25.876,25876,3,7
1074,854,2,35,19:02:58,25.586,25586,3,7
1074,848,2,35,19:03:09,25.570,25570,3,7
1074,822,2,36,19:04:16,25.156,25156,3,7
1074,855,2,37,19:06:00,25.291,25291,3,7
1074,807,2,37,19:06:47,26.712,26712,3,7
1074,840,2,38,19:08:04,26.957,26957,3,7
1074,846,2,41,19:13:23,27.367,27367,3,7
1074,4,3,42,19:14:26,24.508,24508,3,7
1074,830,3,43,19:14:40,24.402,24402,3,7
1074,815,3,43,19:14:56,24.947,24947,3,7
1074,839,3,43,19:15:58,24.233,24233,3,7
1074,832,3,44,19:16:30,24.287,24287,3,7
1074,1,3,44,19:16:52,25.579,25579,3,7
1074,852,3,44,19:17:39,24.188,24188,3,7
1074,817,3,44,19:18:41,25.139,25139,3,7
1074,847,3,45,19:18:53,25.574,25574,3,7
1074,807,3,44,19:18:58,25.748,25748,3,7
1074,822,3,45,19:19:39,25.188,25188,3,7
1074,855,3,45,19:19:45,28.647,28647,3,7
1074,844,3,46,19:19:53,24.613,24613,3,7
1074,840,3,45,19:20:32,25.039,25039,3,7
1074,846,3,45,19:20:59,24.975,24975,3,7
1074,849,3,45,19:21:07,24.658,24658,3,7
1074,825,3,46,19:21:29,26.051,26051,3,7
1074,848,3,46,19:22:54,25.055,25055,3,7
1075,817,1,8,20:16:37,20.650,20650,77,15
1075,840,1,13,20:24:49,22.339,22339,77,15
1075,848,1,13,20:24:54,20.683,20683,77,15
1075,815,1,15,20:27:12,20.481,20481,77,15
1075,842,1,15,20:27:52,22.820,22820,77,15
1075,844,1,16,20:28:55,21.038,21038,77,15
1075,830,1,16,20:28:58,20.731,20731,77,15
1075,832,1,16,20:29:04,21.521,21521,77,15
1075,847,1,16,20:29:21,21.415,21415,77,15
1075,4,1,16,20:29:40,21.543,21543,77,15
1075,822,1,16,20:29:43,22.561,22561,77,15
1075,839,1,16,20:29:50,21.141,21141,77,15
1075,846,1,16,20:29:54,20.383,20383,77,15
1075,855,1,16,20:29:56,33.734,33734,77,15
1075,855,2,27,20:51:18,15.103,15103,77,15
1075,822,2,35,21:03:48,22.710,22710,77,15
1075,825,1,37,21:06:57,22.374,22374,77,15
1075,807,1,37,21:07:16,21.425,21425,77,15
1075,1,1,40,21:12:59,21.788,21788,77,15
1076,840,1,3,15:08:15,18.242,18242,1,10
1076,840,2,4,15:10:29,18.560,18560,1,10
1076,849,1,13,15:25:03,18.552,18552,1,10
1076,854,1,14,15:26:23,19.039,19039,1,10
1076,839,1,17,15:30:30,19.128,19128,1,10
1076,830,1,18,15:31:37,18.281,18281,1,10
1076,852,1,18,15:32:02,18.443,18443,1,10
1076,815,1,20,15:34:33,17.434,17434,1,10
1076,846,1,20,15:34:40,17.556,17556,1,10
1076,817,1,21,15:36:06,18.150,18150,1,10
1076,842,1,21,15:36:15,18.926,18926,1,10
1076,855,1,21,15:36:22,18.380,18380,1,10
1076,844,1,22,15:37:04,17.973,17973,1,10
1076,1,1,22,15:37:22,17.877,17877,1,10
1076,822,1,22,15:37:40,18.413,18413,1,10
1076,847,1,23,15:38:51,18.479,18479,1,10
1076,840,3,23,15:39:30,20.402,20402,1,10
1076,849,2,23,15:40:00,17.936,17936,1,10
1076,4,1,39,16:05:24,18.796,18796,1,10
1076,825,1,39,16:05:30,19.111,19111,1,10
1076,4,2,53,16:25:28,18.394,18394,1,10
1076,848,1,57,16:30:33,19.845,19845,1,10
1077,817,1,2,15:07:48,32.362,32362,21,37
1077,817,2,16,15:31:14,30.422,30422,21,37
1077,20,1,17,15:32:26,30.484,30484,21,37
1077,842,1,17,15:32:38,30.405,30405,21,37
1077,848,1,17,15:32:41,30.793,30793,21,37
1077,815,1,18,15:33:26,30.366,30366,21,37
1077,847,1,18,15:33:46,31.079,31079,21,37
1077,822,1,18,15:33:47,40.957,40957,21,37
1077,825,1,18,15:33:56,33.765,33765,21,37
1077,852,1,18,15:34:06,30.372,30372,21,37
1077,840,1,18,15:34:06,32.667,32667,21,37
1077,1,1,18,15:34:07,32.740,32740,21,37
1077,839,1,18,15:34:08,31.409,31409,21,37
1077,849,1,18,15:34:17,31.125,31125,21,37
1077,855,1,18,15:34:18,32.203,32203,21,37
1077,854,1,18,15:34:18,31.320,31320,21,37
1077,830,1,19,15:34:49,30.001,30001,21,37
1077,844,1,19,15:34:56,31.794,31794,21,37
1077,846,1,19,15:35:07,30.070,30070,21,37
1077,817,3,30,15:51:37,30.155,30155,21,37
1077,844,2,49,16:16:19,30.042,30042,21,37
1077,815,2,50,16:17:38,29.627,29627,21,37
1077,830,2,51,16:18:44,29.942,29942,21,37
1077,854,2,52,16:22:04,30.984,30984,21,37
1077,844,3,53,16:22:17,36.560,36560,21,37
1078,852,1,11,15:51:11,18.870,18870,79,0
1078,825,1,12,15:52:43,19.760,19760,79,0
1078,854,1,14,15:55:54,20.413,20413,79,0
1078,4,1,15,15:57:23,21.638,21638,79,0
1078,842,1,16,15:58:56,19.543,19543,79,0
1078,848,1,16,15:59:11,20.059,20059,79,0
1078,846,1,18,16:02:13,19.986,19986,79,0
1078,1,1,22,16:08:23,18.820,18820,79,0
1078,844,1,24,16:11:03,19.697,19697,79,0
1078,830,1,26,16:14:04,18.798,18798,79,0
1078,822,1,26,16:14:35,19.614,19614,79,0
1078,832,1,27,16:15:51,22.063,22063,79,0
1078,815,1,27,16:16:00,18.519,18519,79,0
1078,817,1,30,16:21:25,19.484,19484,79,0
1078,849,1,34,16:28:20,19.185,19185,79,0
1078,847,1,40,16:36:53,19.035,19035,79,0
1078,840,1,40,16:37:28,19.074,19074,79,0
1078,842,2,40,16:37:43,19.007,19007,79,0
1078,815,2,41,16:38:38,18.433,18433,79,0
1078,839,1,41,16:39:21,19.019,19019,79,0
1078,20,1,41,16:39:42,19.861,19861,79,0
1078,817,2,41,16:39:49,19.280,19280,79,0
1078,852,2,41,16:40:43,19.618,19618,79,0
1078,825,2,42,16:41:34,20.673,20673,79,0
1078,854,2,54,17:03:43,32.381,32381,79,0
1079,1,1,1,15:05:05,31.054,31054,4,109
1079,825,1,1,15:05:25,29.632,29632,4,109
1079,832,1,10,15:18:23,22.341,22341,4,109
1079,4,1,10,15:18:24,22.375,22375,4,109
1079,842,1,10,15:18:27,22.008,22008,4,109
1079,855,1,10,15:18:29,23.109,23109,4,109
1079,852,1,11,15:19:52,23.083,23083,4,109
1079,817,1,11,15:19:54,22.124,22124,4,109
1079,848,1,11,15:20:05,23.419,23419,4,109
1079,846,1,12,15:21:18,21.916,21916,4,109
1079,854,1,12,15:21:23,23.582,23582,4,109
1079,849,1,12,15:21:38,23.189,23189,4,109
1079,847,1,13,15:22:29,22.154,22154,4,109
1079,830,1,13,15:22:30,22.173,22173,4,109
1079,839,1,13,15:22:43,22.137,22137,4,109
1079,822,1,14,15:24:08,22.987,22987,4,109
1079,840,1,14,15:24:34,22.833,22833,4,109
1079,815,1,17,15:28:29,22.032,22032,4,109
1079,844,1,21,15:34:08,21.794,21794,4,109
1079,20,1,21,15:35:06,22.536,22536,4,109
1079,1,2,22,15:36:50,22.105,22105,4,109
1079,848,2,25,15:41:42,22.657,22657,4,109
1079,849,2,26,15:43:09,22.311,22311,4,109
1079,840,2,27,15:44:33,23.394,23394,4,109
1079,830,2,28,15:44:56,21.966,21966,4,109
1079,842,2,29,15:47:23,27.947,27947,4,109
1079,825,2,29,15:47:59,23.878,23878,4,109
1079,854,2,30,15:48:45,23.127,23127,4,109
1079,832,2,31,15:49:46,21.867,21867,4,109
1079,4,2,31,15:50:10,21.914,21914,4,109
1079,817,2,31,15:50:18,22.399,22399,4,109
1079,852,2,32,15:51:35,22.802,22802,4,109
1079,846,2,33,15:52:58,23.341,23341,4,109
1079,822,2,34,15:54:04,22.541,22541,4,109
1079,839,2,35,15:55:53,22.953,22953,4,109
1079,847,2,36,15:56:49,22.039,22039,4,109
1079,815,2,37,15:58:12,21.619,21619,4,109
1079,20,2,42,16:06:42,22.456,22456,4,109
1079,830,3,44,16:08:25,21.941,21941,4,109
1079,832,3,45,16:10:31,22.302,22302,4,109
1079,848,3,45,16:12:16,23.328,23328,4,109
1079,842,3,46,16:13:00,21.838,21838,4,109
1079,840,3,46,16:13:18,23.812,23812,4,109
1079,1,3,48,16:15:01,22.241,22241,4,109
1079,817,3,48,16:15:50,22.154,22154,4,109
1079,847,3,51,16:19:02,22.815,22815,4,109
1079,849,3,50,16:19:30,22.761,22761,4,109
1079,846,3,51,16:19:48,22.165,22165,4,109
1079,839,3,52,16:21:10,22.033,22033,4,109
1079,852,3,52,16:21:27,22.316,22316,4,109
1079,815,3,53,16:21:47,21.694,21694,4,109
1079,4,3,53,16:22:49,25.407,25407,4,109
1079,848,4,54,16:26:07,23.404,23404,4,109
1080,840,1,1,16:07:59,26.731,26731,6,7
1080,849,1,1,16:08:10,36.773,36773,6,7
1080,842,1,2,16:10:02,35.486,35486,6,7
1080,840,2,2,16:10:09,32.750,32750,6,7
1080,849,2,2,16:10:20,36.351,36351,6,7
1080,854,1,4,16:13:36,27.637,27637,6,7
1080,20,1,6,16:16:58,24.965,24965,6,7
1080,852,1,6,16:17:00,25.068,25068,6,7
1080,1,1,15,16:31:22,24.796,24796,6,7
1080,815,1,16,16:32:29,24.409,24409,6,7
1080,846,1,17,16:34:17,24.872,24872,6,7
1080,854,2,17,16:35:15,36.854,36854,6,7
1080,844,1,18,16:35:26,25.710,25710,6,7
1080,830,1,18,16:35:33,27.009,27009,6,7
1080,848,1,18,16:36:49,27.231,27231,6,7
1080,817,1,19,16:38:22,26.056,26056,6,7
1080,855,1,19,16:38:23,25.594,25594,6,7
1080,849,3,19,16:38:26,26.910,26910,6,7
1080,822,1,20,16:39:34,25.865,25865,6,7
1080,832,1,21,16:40:05,24.666,24666,6,7
1080,844,2,21,16:40:08,28.034,28034,6,7
1080,847,1,21,16:40:29,25.352,25352,6,7
1080,4,1,21,16:40:33,24.526,24526,6,7
1080,839,1,21,16:40:50,24.875,24875,6,7
1080,852,2,21,16:41:30,26.021,26021,6,7
1080,815,2,22,16:41:35,24.536,24536,6,7
1080,830,2,22,16:41:38,26.930,26930,6,7
1080,846,2,22,16:41:58,24.760,24760,6,7
1080,1,2,22,16:42:19,24.507,24507,6,7
1080,842,2,22,16:42:42,28.770,28770,6,7
1080,848,2,22,16:43:36,31.518,31518,6,7
1080,20,2,23,16:44:09,25.133,25133,6,7
1080,840,3,24,16:45:45,25.650,25650,6,7
1080,815,3,30,16:55:41,19:32.062,1172062,6,7
1080,832,2,30,16:55:42,19:34.793,1174793,6,7
1080,830,3,30,16:55:43,19:35.575,1175575,6,7
1080,840,4,29,16:55:46,19:34.965,1174965,6,7
1080,844,3,30,16:55:47,19:36.822,1176822,6,7
1080,852,3,29,16:55:51,19:34.444,1174444,6,7
1080,855,2,29,16:55:52,19:34.235,1174235,6,7
1080,847,2,30,16:55:54,19:37.545,1177545,6,7
1080,846,3,30,16:55:56,19:43.029,1183029,6,7
1080,849,4,29,16:55:58,19:41.839,1181839,6,7
1080,4,2,30,16:56:01,19:42.058,1182058,6,7
1080,1,3,30,16:56:02,19:46.281,1186281,6,7
1080,848,3,29,16:56:04,19:45.676,1185676,6,7
1080,839,2,30,16:56:06,19:46.485,1186485,6,7
1080,822,2,30,16:56:07,19:46.699,1186699,6,7
1080,20,3,30,16:56:28,19:29.495,1169495,6,7
1080,842,3,30,16:56:31,19:29.460,1169460,6,7
1080,817,2,30,16:56:33,19:28.673,1168673,6,7
1080,846,4,51,17:44:43,24.607,24607,6,7
1080,852,4,56,17:52:23,25.266,25266,6,7
1081,849,1,3,15:09:50,29.395,29395,73,-7
1081,844,1,9,15:20:26,23.212,23212,73,-7
1081,847,1,9,15:20:43,20.538,20538,73,-7
1081,842,1,9,15:20:49,22.698,22698,73,-7
1081,1,1,9,15:20:54,21.470,21470,73,-7
1081,20,1,9,15:20:55,20.249,20249,73,-7
1081,852,1,9,15:20:57,23.083,23083,73,-7
1081,855,1,9,15:21:08,23.001,23001,73,-7
1081,825,1,9,15:21:11,21.555,21555,73,-7
1081,848,1,9,15:21:16,25.577,25577,73,-7
1081,854,1,9,15:21:23,26.973,26973,73,-7
1081,815,1,16,15:33:43,23.379,23379,73,-7
1081,849,2,17,15:37:03,22.069,22069,73,-7
1081,830,1,18,15:37:17,21.468,21468,73,-7
1081,4,1,18,15:37:59,20.571,20571,73,-7
1081,846,1,20,15:41:42,21.443,21443,73,-7
1081,854,2,23,15:47:51,22.231,22231,73,-7
1081,848,2,29,15:58:39,21.540,21540,73,-7
1081,840,1,30,16:00:30,22.059,22059,73,-7
1081,830,2,33,16:04:40,20.722,20722,73,-7
1081,815,2,33,16:04:56,22.349,22349,73,-7
1081,847,2,33,16:05:19,20.527,20527,73,-7
1081,1,2,33,16:05:49,20.831,20831,73,-7
1081,817,1,33,16:06:02,21.794,21794,73,-7
1081,839,1,33,16:06:22,22.638,22638,73,-7
1081,822,1,33,16:06:34,20.979,20979,73,-7
1081,852,2,38,16:15:56,41.500,41500,73,-7
1082,20,1,5,14:10:02,23.406,23406,7,13
1082,842,1,5,14:10:04,23.557,23557,7,13
1082,825,1,7,14:12:33,38.262,38262,7,13
1082,830,1,9,14:15:15,24.217,24217,7,13
1082,1,1,9,14:15:24,23.845,23845,7,13
1082,852,1,9,14:15:50,23.248,23248,7,13
1082,849,1,9,14:15:59,24.020,24020,7,13
1082,848,1,18,14:28:07,23.804,23804,7,13
1082,847,1,19,14:29:03,23.951,23951,7,13
1082,839,1,19,14:29:16,25.684,25684,7,13
1082,855,1,19,14:29:24,24.281,24281,7,13
1082,817,1,19,14:29:26,27.937,27937,7,13
1082,846,1,19,14:29:34,43.032,43032,7,13
1082,20,2,19,14:29:44,23.681,23681,7,13
1082,832,1,20,14:30:33,24.215,24215,7,13
1082,4,1,28,14:41:26,23.779,23779,7,13
1082,842,2,36,14:52:35,23.613,23613,7,13
1082,849,2,37,14:54:22,30.034,30034,7,13
1082,844,1,41,14:58:44,26.199,26199,7,13
1082,830,2,43,15:00:29,23.704,23704,7,13
1082,846,2,42,15:00:41,24.134,24134,7,13
1082,1,2,44,15:02:06,23.841,23841,7,13
1082,847,2,45,15:03:30,24.069,24069,7,13
1082,840,1,47,15:06:55,25.252,25252,7,13
1082,852,2,47,15:07:00,23.450,23450,7,13
1082,832,2,49,15:08:24,24.881,24881,7,13
1082,848,2,48,15:08:45,23.530,23530,7,13
1082,839,2,49,15:09:34,23.945,23945,7,13
1082,4,2,49,15:09:42,25.139,25139,7,13
1082,822,1,49,15:09:50,26.089,26089,7,13
1082,855,2,49,15:10:04,23.980,23980,7,13
1082,817,2,49,15:10:08,24.833,24833,7,13
1083,830,1,1,15:05:31,50:37.323,3037323,9,153
1083,832,1,1,15:05:33,50:31.752,3031752,9,153
1083,1,1,1,15:05:36,50:46.888,3046888,9,153
1083,844,1,1,15:05:37,50:36.360,3036360,9,153
1083,4,1,1,15:05:41,50:55.700,3055700,9,153
1083,815,1,1,15:05:43,50:34.772,3034772,9,153
1083,846,1,1,15:05:46,50:43.215,3043215,9,153
1083,849,1,1,15:05:48,50:51.904,3051904,9,153
1083,822,1,1,15:05:50,50:55.732,3055732,9,153
1083,817,1,1,15:05:52,51:03.314,3063314,9,153
1083,842,1,1,15:05:55,50:48.950,3048950,9,153
1083,825,1,1,15:05:57,51:03.613,3063613,9,153
1083,20,1,1,15:06:00,51:07.301,3067301,9,153
1083,840,1,1,15:06:02,51:09.017,3069017,9,153
1083,854,1,1,15:06:04,51:05.174,3065174,9,153
1083,852,1,1,15:06:40,50:11.861,3011861,9,153
1083,839,1,1,15:07:49,49:10.760,2950760,9,153
1083,815,2,5,16:04:31,37.302,37302,9,153
1083,20,2,6,16:06:13,29.846,29846,9,153
1083,830,2,12,16:15:21,29.395,29395,9,153
1083,840,2,15,16:20:37,28.632,28632,9,153
1083,842,2,16,16:22:13,29.632,29632,9,153
1083,852,2,18,16:25:31,34.759,34759,9,153
1083,849,2,19,16:26:52,28.829,28829,9,153
1083,854,2,19,16:26:53,29.147,29147,9,153
1083,832,2,20,16:27:47,28.574,28574,9,153
1083,817,2,20,16:28:29,30.262,30262,9,153
1083,839,2,22,16:31:35,30.342,30342,9,153
1083,825,2,22,16:31:40,29.473,29473,9,153
1083,830,3,23,16:33:05,29.296,29296,9,153
1083,844,2,25,16:35:33,28.805,28805,9,153
1083,817,3,32,16:47:52,30.599,30599,9,153
1083,1,2,33,16:47:54,29.837,29837,9,153
1083,4,2,33,16:48:31,28.733,28733,9,153
1083,846,2,34,16:50:02,28.947,28947,9,153
1083,832,3,39,16:57:33,28.435,28435,9,153
1083,1,3,39,16:57:35,28.996,28996,9,153
1083,817,4,38,16:57:44,29.345,29345,9,153
1083,815,3,39,16:58:08,28.155,28155,9,153
1083,852,3,38,16:58:09,29.448,29448,9,153
1083,4,3,39,16:58:32,28.841,28841,9,153
1083,20,3,39,16:59:03,28.540,28540,9,153
1083,830,4,39,16:59:10,28.709,28709,9,153
1083,854,3,39,16:59:12,30.832,30832,9,153
1083,849,3,39,16:59:24,28.438,28438,9,153
1083,846,3,40,17:00:36,28.659,28659,9,153
1083,840,3,40,17:01:33,29.780,29780,9,153
1084,815,1,1,15:05:03,23.681,23681,70,678
1084,822,1,6,15:10:38,24.677,24677,70,678
1084,847,1,11,15:16:24,38.201,38201,70,678
1084,848,1,11,15:16:33,22.301,22301,70,678
1084,817,1,12,15:17:44,21.356,21356,70,678
1084,842,1,12,15:17:45,22.724,22724,70,678
1084,849,1,12,15:17:50,21.722,21722,70,678
1084,830,1,13,15:18:34,22.022,22022,70,678
1084,846,1,14,15:20:05,22.684,22684,70,678
1084,825,1,15,15:21:15,22.205,22205,70,678
1084,839,1,16,15:22:24,21.755,21755,70,678
1084,854,1,16,15:22:28,22.120,22120,70,678
1084,20,1,20,15:27:30,22.112,22112,70,678
1084,855,1,24,15:32:20,22.704,22704,70,678
1084,844,1,26,15:33:54,21.532,21532,70,678
1084,852,1,26,15:34:42,21.749,21749,70,678
1084,832,1,27,15:35:10,21.212,21212,70,678
1084,4,1,27,15:35:56,21.552,21552,70,678
1084,1,1,28,15:36:38,23.026,23026,70,678
1084,840,1,29,15:38:12,21.431,21431,70,678
1084,849,2,35,15:45:51,21.206,21206,70,678
1084,830,2,36,15:45:57,21.444,21444,70,678
1084,822,2,39,15:50:27,22.278,22278,70,678
1084,847,2,40,15:51:25,21.731,21731,70,678
1084,842,2,40,15:51:40,27.610,27610,70,678
1084,825,2,41,15:52:37,22.088,22088,70,678
1084,848,2,41,15:52:47,22.122,22122,70,678
1084,854,2,43,15:54:56,22.880,22880,70,678
1084,846,2,43,15:55:00,27.324,27324,70,678
1084,839,2,44,15:56:05,22.109,22109,70,678
1084,817,2,44,15:56:18,21.889,21889,70,678
1084,20,2,44,15:56:41,21.583,21583,70,678
1084,855,2,46,15:58:57,28.860,28860,70,678
1084,852,2,46,15:58:59,21.519,21519,70,678
1084,844,2,49,16:01:09,21.319,21319,70,678
1084,840,2,48,16:01:18,21.952,21952,70,678
1084,832,2,50,16:02:23,21.492,21492,70,678
1084,1,2,51,16:04:01,22.697,22697,70,678
1084,4,2,57,16:11:50,21.827,21827,70,678
1084,844,3,58,16:12:03,21.650,21650,70,678
1084,830,3,58,16:12:09,21.319,21319,70,678
1084,4,3,58,16:13:43,24.252,24252,70,678
1085,825,1,8,15:17:07,36.779,36779,34,432
1085,854,1,9,15:18:50,36.704,36704,34,432
1085,855,1,9,15:18:55,36.444,36444,34,432
1085,852,1,11,15:22:23,37.648,37648,34,432
1085,830,1,16,15:29:58,35.266,35266,34,432
1085,1,1,18,15:33:29,37.189,37189,34,432
1085,815,1,18,15:33:34,38.061,38061,34,432
1085,847,1,18,15:33:35,38.277,38277,34,432
1085,4,1,18,15:33:47,36.524,36524,34,432
1085,846,1,18,15:33:55,37.539,37539,34,432
1085,839,1,18,15:34:00,44.747,44747,34,432
1085,832,1,18,15:34:02,41.458,41458,34,432
1085,817,1,18,15:34:05,36.264,36264,34,432
1085,840,1,18,15:34:07,39.844,39844,34,432
1085,848,1,18,15:34:13,37.380,37380,34,432
1085,842,1,18,15:34:17,35.969,35969,34,432
1085,822,1,18,15:34:25,37.855,37855,34,432
1085,825,2,18,15:34:37,36.403,36403,34,432
1085,854,2,18,15:34:48,37.003,37003,34,432
1085,20,1,19,15:36:34,36.671,36671,34,432
1085,849,1,19,15:36:38,37.497,37497,34,432
1085,855,2,22,15:42:44,50.790,50790,34,432
1085,822,2,36,16:05:53,36.520,36520,34,432
1085,849,2,38,16:09:37,36.942,36942,34,432
1085,832,2,42,16:15:12,42.292,42292,34,432
1086,848,1,2,15:06:40,31.224,31224,11,264
1086,825,1,6,15:12:24,29.641,29641,11,264
1086,852,1,13,15:22:33,21.577,21577,11,264
1086,846,1,14,15:23:43,23.567,23567,11,264
1086,840,1,14,15:23:56,21.779,21779,11,264
1086,817,1,15,15:25:20,21.558,21558,11,264
1086,20,1,15,15:25:23,21.402,21402,11,264
1086,847,1,16,15:26:14,22.763,22763,11,264
1086,830,1,16,15:26:25,21.351,21351,11,264
1086,842,1,16,15:26:55,21.675,21675,11,264
1086,832,1,17,15:27:39,22.820,22820,11,264
1086,815,1,18,15:29:20,21.118,21118,11,264
1086,849,1,18,15:29:51,21.865,21865,11,264
1086,1,1,19,15:30:39,21.699,21699,11,264
1086,844,1,21,15:33:16,21.775,21775,11,264
1086,4,1,21,15:33:45,22.083,22083,11,264
1086,854,1,21,15:33:58,22.953,22953,11,264
1086,848,2,21,15:34:22,21.816,21816,11,264
1086,839,1,23,15:36:35,23.581,23581,11,264
1086,822,1,26,15:41:08,22.272,22272,11,264
1086,855,1,27,15:42:36,22.321,22321,11,264
1086,852,2,33,15:51:30,22.016,22016,11,264
1086,825,2,35,15:54:34,23.210,23210,11,264
1086,830,2,38,15:57:25,21.228,21228,11,264
1086,844,2,39,15:58:41,21.972,21972,11,264
1086,847,2,39,15:58:47,21.743,21743,11,264
1086,849,2,39,16:00:11,22.452,22452,11,264
1086,848,3,40,16:01:49,24.298,24298,11,264
1086,854,2,41,16:03:01,22.566,22566,11,264
1086,815,2,42,16:03:23,21.167,21167,11,264
1086,846,2,42,16:03:39,21.855,21855,11,264
1086,817,2,46,16:09:35,21.521,21521,11,264
1086,840,2,46,16:09:36,21.615,21615,11,264
1086,20,2,46,16:09:42,25.030,25030,11,264
1086,842,2,46,16:09:48,21.489,21489,11,264
1086,832,2,47,16:10:02,23.456,23456,11,264
1086,1,2,51,16:15:42,22.095,22095,11,264
1086,855,2,51,16:17:20,28.218,28218,11,264
1086,852,3,51,16:17:46,22.128,22128,11,264
1086,844,3,54,16:20:03,21.544,21544,11,264
1086,849,3,56,16:24:42,28.777,28777,11,264
1086,825,3,67,16:40:35,23.147,23147,11,264
1087,844,1,3,15:11:12,24.198,24198,13,401
1087,849,1,3,15:11:25,35.825,35825,13,401
1087,848,1,10,15:25:41,23.334,23334,13,401
1087,842,1,10,15:25:49,22.857,22857,13,401
1087,832,1,11,15:27:20,22.543,22543,13,401
1087,4,1,11,15:27:31,22.641,22641,13,401
1087,825,1,11,15:27:45,26.815,26815,13,401
1087,817,1,12,15:29:33,23.085,23085,13,401
1087,839,1,12,15:29:35,23.511,23511,13,401
1087,847,1,13,15:31:15,22.825,22825,13,401
1087,846,1,13,15:31:34,23.036,23036,13,401
1087,815,1,14,15:33:07,22.349,22349,13,401
1087,20,1,14,15:33:20,23.222,23222,13,401
1087,855,1,14,15:33:31,23.744,23744,13,401
1087,854,1,14,15:33:42,24.158,24158,13,401
1087,830,1,15,15:34:57,22.882,22882,13,401
1087,840,1,15,15:35:24,23.555,23555,13,401
1087,849,2,15,15:35:37,24.168,24168,13,401
1087,852,1,18,15:41:15,30.055,30055,13,401
1087,842,2,22,15:49:05,22.542,22542,13,401
1087,832,2,25,15:54:09,22.750,22750,13,401
1087,844,2,25,15:54:29,23.189,23189,13,401
1087,4,2,25,15:54:38,23.954,23954,13,401
1087,848,2,26,15:56:46,24.415,24415,13,401
1087,840,2,26,15:56:48,23.349,23349,13,401
1087,815,2,27,15:57:52,22.650,22650,13,401
1087,825,2,27,15:58:52,23.396,23396,13,401
1087,855,2,28,16:00:41,23.364,23364,13,401
1087,847,2,29,16:01:48,22.977,22977,13,401
1087,846,2,29,16:02:33,23.560,23560,13,401
1087,830,2,30,16:03:17,22.322,22322,13,401
1087,852,2,30,16:04:30,24.253,24253,13,401
1087,854,2,30,16:04:45,24.982,24982,13,401
1087,839,2,32,16:08:04,23.491,23491,13,401
1087,817,2,32,16:08:17,23.146,23146,13,401
1087,20,2,33,16:09:55,22.833,22833,13,401
1087,849,3,34,16:12:36,23.414,23414,13,401
1087,844,3,42,16:26:44,23.334,23334,13,401
1088,20,1,9,15:14:56,22.391,22391,39,6
1088,842,1,11,15:17:31,18.789,18789,39,6
1088,817,1,11,15:17:33,19.546,19546,39,6
1088,4,1,12,15:18:45,19.578,19578,39,6
1088,855,1,12,15:18:49,19.548,19548,39,6
1088,854,1,13,15:20:02,26.813,26813,39,6
1088,852,1,13,15:20:05,18.774,18774,39,6
1088,849,1,13,15:20:19,20.284,20284,39,6
1088,832,1,14,15:21:02,29.705,29705,39,6
1088,815,1,14,15:21:05,18.835,18835,39,6
1088,825,1,14,15:21:35,20.785,20785,39,6
1088,840,1,16,15:23:49,20.205,20205,39,6
1088,822,1,16,15:24:05,19.741,19741,39,6
1088,844,1,17,15:24:47,19.080,19080,39,6
1088,846,1,17,15:25:04,19.303,19303,39,6
1088,830,1,18,15:25:58,19.634,19634,39,6
1088,839,1,18,15:26:30,19.455,19455,39,6
1088,848,1,21,15:30:35,19.325,19325,39,6
1088,849,2,26,15:37:39,20.733,20733,39,6
1088,817,2,27,15:38:47,19.567,19567,39,6
1088,1,1,29,15:40:15,19.046,19046,39,6
1088,847,1,31,15:42:53,19.359,19359,39,6
1088,842,2,32,15:45:03,18.700,18700,39,6
1088,854,2,33,15:46:28,21.814,21814,39,6
1088,822,2,34,15:47:42,21.049,21049,39,6
1088,825,2,34,15:47:53,23.710,23710,39,6
1088,20,2,35,15:49:07,19.156,19156,39,6
1088,855,2,37,15:51:33,25.433,25433,39,6
1088,840,2,38,15:52:27,20.214,20214,39,6
1088,815,2,40,15:54:40,18.738,18738,39,6
1088,852,2,42,15:57:54,19.293,19293,39,6
1088,848,2,42,15:58:02,19.911,19911,39,6
1088,832,2,43,15:58:43,19.493,19493,39,6
1088,844,2,45,16:00:48,19.084,19084,39,6
1088,852,3,43,16:01:22,52.684,52684,39,6
1088,846,2,47,16:04:07,21.117,21117,39,6
1088,4,2,47,16:04:12,21.501,21501,39,6
1088,830,2,48,16:04:44,19.610,19610,39,6
1088,1,2,48,16:05:02,19.164,19164,39,6
1088,847,2,48,16:05:08,20.742,20742,39,6
1088,854,3,47,16:05:28,20.283,20283,39,6
1088,825,3,47,16:05:32,23.663,23663,39,6
1088,817,3,47,16:05:38,19.718,19718,39,6
1088,20,3,48,16:07:10,18.709,18709,39,6
1088,849,3,54,16:15:44,20.051,20051,39,6
1088,830,3,56,16:15:47,19.655,19655,39,6
1088,848,3,55,16:16:14,20.508,20508,39,6
1088,844,3,56,16:16:24,19.576,19576,39,6
1088,815,3,56,16:16:29,19.250,19250,39,6
1088,855,3,55,16:16:34,20.188,20188,39,6
1088,817,4,55,16:16:52,20.295,20295,39,6
1088,839,2,56,16:17:06,21.602,21602,39,6
1088,840,3,56,16:17:12,19.141,19141,39,6
1088,842,3,56,16:17:37,18.572,18572,39,6
1088,1,3,57,16:18:18,14.155,14155,39,6
1088,849,4,55,16:18:20,14.459,14459,39,6
1088,847,3,57,16:18:21,21.363,21363,39,6
1088,830,4,57,16:18:22,14.113,14113,39,6
1088,848,4,56,16:18:24,14.114,14114,39,6
1088,854,4,56,16:18:26,14.144,14144,39,6
1088,20,4,56,16:18:30,14.349,14349,39,6
1088,844,4,57,16:18:32,14.008,14008,39,6
1088,825,4,56,16:18:34,14.175,14175,39,6
1088,815,4,57,16:18:36,14.113,14113,39,6
1088,855,4,56,16:18:40,14.128,14128,39,6
1088,832,3,57,16:18:46,21.164,21164,39,6
1088,846,3,57,16:18:50,21.264,21264,39,6
1088,4,3,57,16:18:53,15.762,15762,39,6
1088,817,5,56,16:19:00,14.493,14493,39,6
1088,839,3,57,16:19:10,14.041,14041,39,6
1088,840,4,57,16:19:11,14.118,14118,39,6
1088,842,4,57,16:19:20,13.973,13973,39,6
1089,815,1,7,15:13:53,23.698,23698,14,162
1089,844,1,12,15:21:01,23.531,23531,14,162
1089,849,1,15,15:26:02,26.782,26782,14,162
1089,842,1,18,15:30:13,25.376,25376,14,162
1089,855,1,18,15:30:16,25.366,25366,14,162
1089,840,1,18,15:30:22,24.254,24254,14,162
1089,817,1,19,15:31:40,25.164,25164,14,162
1089,856,1,19,15:31:43,24.628,24628,14,162
1089,839,1,19,15:31:50,24.336,24336,14,162
1089,852,1,19,15:31:51,24.009,24009,14,162
1089,847,1,23,15:37:02,25.075,25075,14,162
1089,825,1,24,15:39:20,30.164,30164,14,162
1089,830,1,25,15:39:43,23.791,23791,14,162
1089,832,1,30,15:47:28,23.728,23728,14,162
1089,844,2,33,15:51:22,23.904,23904,14,162
1089,1,1,33,15:52:05,24.282,24282,14,162
1089,854,1,33,15:52:21,24.817,24817,14,162
1089,846,1,35,15:54:54,26.714,26714,14,162
1089,822,1,35,15:55:18,24.758,24758,14,162
1089,815,2,42,16:05:01,23.299,23299,14,162
1089,847,2,47,16:11:50,24.114,24114,14,162
1089,825,2,46,16:12:00,24.846,24846,14,162
1089,832,2,47,16:12:01,24.525,24525,14,162
1089,846,2,47,16:12:41,24.784,24784,14,162
1089,830,2,48,16:13:04,24.091,24091,14,162
1089,852,2,47,16:13:25,23.904,23904,14,162
1089,844,3,48,16:13:27,23.719,23719,14,162
1089,849,2,47,16:13:35,24.263,24263,14,162
1091,825,1,7,21:23:45,39.247,39247,15,18
1091,847,1,21,21:54:16,30.378,30378,15,18
1091,842,1,33,22:19:45,29.867,29867,15,18
1091,852,1,33,22:20:11,31.293,31293,15,18
1091,822,1,33,22:20:13,32.167,32167,15,18
1091,825,2,33,22:20:17,32.603,32603,15,18
1091,844,1,34,22:20:56,32.058,32058,15,18
1091,1,1,34,22:21:36,41.019,41019,15,18
1091,20,1,34,22:21:44,29.704,29704,15,18
1091,854,1,34,22:22:03,31.201,31201,15,18
1091,815,1,35,22:22:51,29.550,29550,15,18
1091,832,1,35,22:23:17,30.603,30603,15,18
1091,830,1,35,22:23:33,29.407,29407,15,18
1091,840,1,35,22:23:50,29.863,29863,15,18
1091,847,2,35,22:25:08,29.713,29713,15,18
1091,846,1,36,22:25:51,30.528,30528,15,18
1091,817,1,36,22:26:23,30.946,30946,15,18
1091,830,2,40,22:36:35,29.775,29775,15,18
1091,854,2,41,22:39:34,34.722,34722,15,18
1091,847,3,41,22:39:46,33.211,33211,15,18
1091,847,4,51,22:59:32,29.893,29893,15,18
1092,842,1,1,14:06:24,41.319,41319,22,45
1092,830,1,2,14:08:39,6:27.399,387399,22,45
1092,844,1,2,14:08:41,6:29.973,389973,22,45
1092,815,1,2,14:08:44,6:32.517,392517,22,45
1092,839,1,2,14:08:46,6:33.601,393601,22,45
1092,1,1,2,14:08:49,6:36.504,396504,22,45
1092,4,1,2,14:08:52,6:36.837,396837,22,45
1092,847,1,2,14:08:54,6:41.057,401057,22,45
1092,817,1,2,14:08:57,6:41.749,401749,22,45
1092,852,1,2,14:09:00,6:42.478,402478,22,45
1092,854,1,2,14:09:04,6:40.857,400857,22,45
1092,840,1,2,14:09:07,6:40.463,400463,22,45
1092,825,1,2,14:09:08,6:42.029,402029,22,45
1092,846,1,2,14:09:10,6:46.256,406256,22,45
1092,822,1,2,14:09:11,6:47.553,407553,22,45
1092,849,1,2,14:09:14,6:47.673,407673,22,45
1092,20,1,2,14:09:17,6:49.647,409647,22,45
1092,855,1,2,14:09:20,6:50.005,410005,22,45
1092,842,2,2,14:09:22,6:49.011,409011,22,45
1092,849,2,5,16:23:57,24.785,24785,22,45
1092,20,2,5,16:23:58,24.218,24218,22,45
1092,846,2,6,16:25:53,24.595,24595,22,45
1092,822,2,6,16:25:56,24.869,24869,22,45
1092,830,2,7,16:27:26,24.308,24308,22,45
1092,844,2,7,16:27:27,25.899,25899,22,45
1092,815,2,7,16:27:32,25.322,25322,22,45
1092,839,2,7,16:27:34,25.172,25172,22,45
1092,1,2,7,16:27:36,25.059,25059,22,45
1092,847,2,7,16:27:40,28.728,28728,22,45
1092,852,2,7,16:27:44,24.439,24439,22,45
1092,825,2,7,16:27:47,25.594,25594,22,45
1092,840,2,7,16:27:48,24.005,24005,22,45
1092,842,3,7,16:27:52,24.966,24966,22,45
1092,4,2,8,16:29:28,24.106,24106,22,45
1092,817,2,8,16:29:36,25.377,25377,22,45
1092,855,2,9,16:31:37,24.563,24563,22,45
1092,854,2,11,16:35:25,24.608,24608,22,45
1092,855,3,18,16:48:24,24.266,24266,22,45
1092,840,3,19,16:50:04,23.870,23870,22,45
1092,842,4,19,16:50:13,23.966,23966,22,45
1092,852,3,20,16:51:53,23.756,23756,22,45
1092,4,3,22,16:55:11,24.123,24123,22,45
1093,849,1,5,14:12:42,25.321,25321,69,161
1093,848,1,9,14:19:29,24.624,24624,69,161
1093,855,1,9,14:19:31,27.326,27326,69,161
1093,822,1,10,14:21:08,25.013,25013,69,161
1093,852,1,10,14:21:14,23.688,23688,69,161
1093,817,1,10,14:21:17,26.206,26206,69,161
1093,842,1,11,14:22:51,23.670,23670,69,161
1093,1,1,12,14:24:13,24.362,24362,69,161
1093,830,1,13,14:25:50,23.866,23866,69,161
1093,847,1,13,14:26:03,30.038,30038,69,161
1093,815,1,14,14:27:47,23.403,23403,69,161
1093,846,1,14,14:28:05,24.026,24026,69,161
1093,840,1,15,14:29:39,25.417,25417,69,161
1093,844,1,18,14:34:58,24.314,24314,69,161
1093,20,1,18,14:35:06,24.307,24307,69,161
1093,4,1,18,14:35:26,23.870,23870,69,161
1093,839,1,18,14:35:37,24.816,24816,69,161
1093,854,1,18,14:35:37,25.209,25209,69,161
1093,825,1,18,14:35:42,29.039,29039,69,161
1093,848,2,18,14:35:50,24.311,24311,69,161
1093,849,2,18,14:36:12,24.195,24195,69,161
1093,4,2,22,14:45:23,39.707,39707,69,161
1093,855,2,23,14:48:10,25.015,25015,69,161
1093,842,2,32,15:05:32,28.918,28918,69,161
1093,852,2,33,15:07:16,23.241,23241,69,161
1093,854,2,33,15:07:18,24.651,24651,69,161
1093,1,2,34,15:08:39,24.135,24135,69,161
1093,846,2,34,15:08:59,23.702,23702,69,161
1093,830,2,35,15:10:18,32.254,32254,69,161
1093,844,2,35,15:10:26,23.755,23755,69,161
1093,817,2,35,15:10:56,24.436,24436,69,161
1093,847,2,36,15:12:10,24.509,24509,69,161
1093,815,2,38,15:15:33,24.801,24801,69,161
1093,20,2,41,15:20:46,38.157,38157,69,161
1093,839,2,45,15:28:05,24.711,24711,69,161
1093,847,3,54,15:42:52,23.947,23947,69,161
1094,840,1,17,14:27:31,23.509,23509,32,2227
1094,815,1,23,14:35:10,24.892,24892,32,2227
1094,849,1,23,14:36:14,23.826,23826,32,2227
1094,854,1,24,14:37:37,23.679,23679,32,2227
1094,830,1,25,14:37:51,22.487,22487,32,2227
1094,844,1,28,14:42:33,22.193,22193,32,2227
1094,1,1,29,14:43:26,23.194,23194,32,2227
1094,832,1,29,14:43:52,23.469,23469,32,2227
1094,852,1,29,14:44:16,22.468,22468,32,2227
1094,846,1,31,14:47:02,22.585,22585,32,2227
1094,839,1,33,14:49:47,22.343,22343,32,2227
1094,847,1,34,14:50:27,22.795,22795,32,2227
1094,20,1,38,14:57:10,22.534,22534,32,2227
1094,848,1,38,14:57:16,23.182,23182,32,2227
1094,825,1,38,14:57:34,23.722,23722,32,2227
1094,822,1,39,14:58:09,23.863,23863,32,2227
1094,4,1,40,14:59:30,23.159,23159,32,2227
1094,842,1,40,15:00:02,29.168,29168,32,2227
1094,840,2,40,15:00:20,23.119,23119,32,2227
1094,817,1,44,15:05:25,22.280,22280,32,2227
1094,855,1,45,15:07:02,24.218,24218,32,2227
1094,849,2,52,15:17:55,24.039,24039,32,2227
1094,847,2,69,15:39:22,23.118,23118,32,2227
1095,848,1,4,15:10:31,24.361,24361,18,785
1095,830,1,7,15:15:34,30.942,30942,18,785
1095,844,1,7,15:15:42,30.080,30080,18,785
1095,4,1,14,15:24:40,23.478,23478,18,785
1095,855,1,16,15:27:16,24.332,24332,18,785
1095,832,1,17,15:28:17,25.206,25206,18,785
1095,842,1,19,15:31:04,23.460,23460,18,785
1095,852,1,20,15:32:36,23.287,23287,18,785
1095,849,1,20,15:32:40,28.807,28807,18,785
1095,844,2,21,15:34:01,23.172,23172,18,785
1095,815,1,23,15:35:54,22.869,22869,18,785
1095,830,2,23,15:36:31,31.682,31682,18,785
1095,847,1,24,15:37:06,23.521,23521,18,785
1095,846,1,24,15:37:31,29.338,29338,18,785
1095,822,1,24,15:37:32,23.908,23908,18,785
1095,839,1,24,15:37:35,23.868,23868,18,785
1095,854,1,24,15:37:40,24.487,24487,18,785
1095,848,2,25,15:39:08,23.352,23352,18,785
1095,20,1,26,15:40:04,24.248,24248,18,785
1095,1,1,29,15:43:41,24.081,24081,18,785
1095,840,1,29,15:44:14,23.469,23469,18,785
1095,849,2,32,15:48:45,24.292,24292,18,785
1095,4,2,35,15:51:56,28.855,28855,18,785
1095,842,2,35,15:52:05,23.328,23328,18,785
1095,832,2,36,15:52:50,23.483,23483,18,785
1095,855,2,37,15:54:45,25.111,25111,18,785
1095,852,2,40,15:58:47,23.645,23645,18,785
1095,844,3,44,16:03:38,23.124,23124,18,785
1095,822,2,45,16:04:45,24.616,24616,18,785
1095,20,2,45,16:04:49,24.028,24028,18,785
1095,846,2,45,16:04:59,24.669,24669,18,785
1095,854,2,46,16:06:22,25.156,25156,18,785
1095,815,2,47,16:06:49,23.152,23152,18,785
1095,839,2,47,16:07:25,24.445,24445,18,785
1095,848,3,47,16:07:54,23.322,23322,18,785
1095,1,2,48,16:08:02,23.415,23415,18,785
1095,830,3,48,16:08:48,24.102,24102,18,785
1095,840,2,48,16:08:59,23.764,23764,18,785
1095,847,2,49,16:09:08,23.480,23480,18,785
1095,4,3,52,16:13:58,23.790,23790,18,785
1095,842,3,52,16:14:19,23.009,23009,18,785
1095,832,3,53,16:14:50,23.816,23816,18,785
1095,849,3,52,16:15:23,23.640,23640,18,785
1095,852,3,54,16:18:28,23.635,23635,18,785
1096,848,1,12,17:21:53,21.793,21793,24,3
1096,840,1,13,17:23:19,21.814,21814,24,3
1096,839,1,14,17:24:48,21.895,21895,24,3
1096,852,1,14,17:24:50,21.591,21591,24,3
1096,854,1,14,17:24:59,22.276,22276,24,3
1096,842,1,14,17:25:03,21.855,21855,24,3
1096,815,1,15,17:26:00,21.360,21360,24,3
1096,847,1,15,17:26:08,24.243,24243,24,3
1096,846,1,15,17:26:16,22.234,22234,24,3
1096,855,1,15,17:26:28,22.435,22435,24,3
1096,849,1,15,17:26:44,22.423,22423,24,3
1096,832,1,17,17:29:08,21.930,21930,24,3
1096,1,1,18,17:30:48,21.270,21270,24,3
1096,4,1,19,17:32:33,21.740,21740,24,3
1096,817,1,19,17:32:38,21.893,21893,24,3
1096,830,1,20,17:33:31,22.735,22735,24,3
1096,844,1,21,17:35:10,22.210,22210,24,3
1096,20,1,25,17:41:51,23.186,23186,24,3
1096,825,1,28,17:46:53,22.387,22387,24,3
1096,822,1,30,17:49:54,22.573,22573,24,3
1096,815,2,33,17:53:33,21.367,21367,24,3
1096,854,2,34,17:55:56,23.530,23530,24,3
1096,848,2,35,17:57:22,21.798,21798,24,3
1096,852,2,38,18:01:49,22.262,22262,24,3
1096,832,2,39,18:02:41,21.575,21575,24,3
1096,847,2,39,18:02:44,27.931,27931,24,3
1096,849,2,38,18:02:50,25.174,25174,24,3
1096,840,2,40,18:04:44,21.802,21802,24,3
1096,839,2,41,18:06:09,21.734,21734,24,3
1096,846,2,42,18:07:36,21.559,21559,24,3
1096,855,2,44,18:11:10,23.159,23159,24,3
1098,842,1,9,18:18:56,25.885,25885,3,7
1098,846,1,10,18:20:31,32.766,32766,3,7
1098,852,1,10,18:20:34,25.267,25267,3,7
1098,822,1,11,18:22:06,25.399,25399,3,7
1098,848,1,11,18:22:12,25.054,25054,3,7
1098,807,1,11,18:22:21,26.075,26075,3,7
1098,856,1,11,18:22:21,25.018,25018,3,7
1098,1,1,12,18:23:40,24.682,24682,3,7
1098,839,1,12,18:23:50,24.966,24966,3,7
1098,858,1,12,18:23:55,25.600,25600,3,7
1098,855,1,12,18:24:01,25.787,25787,3,7
1098,844,1,13,18:25:06,24.345,24345,3,7
1098,832,1,13,18:25:17,24.500,24500,3,7
1098,847,1,13,18:25:24,27.062,27062,3,7
1098,830,1,14,18:26:35,24.289,24289,3,7
1098,4,1,14,18:27:02,25.800,25800,3,7
1098,840,1,15,18:28:45,25.449,25449,3,7
1098,825,1,15,18:29:10,25.439,25439,3,7
1098,839,2,15,18:29:11,41.462,41462,3,7
1098,815,1,17,18:31:42,24.264,24264,3,7
1098,846,2,17,18:32:38,33.661,33661,3,7
1098,842,2,25,18:45:48,24.879,24879,3,7
1098,848,2,26,18:47:25,24.920,24920,3,7
1098,852,2,26,18:47:26,24.372,24372,3,7
1098,807,2,26,18:47:41,37.769,37769,3,7
1098,856,2,27,18:49:16,25.234,25234,3,7
1098,846,3,27,18:49:35,33.467,33467,3,7
1098,822,2,29,18:52:16,25.643,25643,3,7
1098,825,2,29,18:52:40,25.344,25344,3,7
1098,1,2,30,18:53:36,24.690,24690,3,7
1098,840,2,30,18:53:45,24.639,24639,3,7
1098,858,2,30,18:54:09,25.670,25670,3,7
1098,832,2,31,18:55:11,24.227,24227,3,7
1098,847,2,31,18:55:21,24.406,24406,3,7
1098,855,2,32,18:57:31,25.282,25282,3,7
1098,839,3,32,18:58:03,44.518,44518,3,7
1098,844,2,33,18:58:16,24.644,24644,3,7
1098,815,2,34,18:59:45,25.091,25091,3,7
1098,4,2,34,19:00:09,24.869,24869,3,7
1098,830,2,36,19:02:47,24.910,24910,3,7
1098,846,4,37,19:06:27,33.236,33236,3,7
1098,848,3,40,19:10:51,24.458,24458,3,7
1098,842,3,40,19:10:52,24.736,24736,3,7
1098,852,3,40,19:10:53,25.818,25818,3,7
1098,858,3,40,19:11:05,25.047,25047,3,7
1098,825,3,40,19:11:20,25.125,25125,3,7
1098,807,3,40,19:11:26,27.080,27080,3,7
1098,846,5,47,19:23:45,30.710,30710,3,7
1098,855,3,54,19:34:31,30.167,30167,3,7
1098,846,6,54,19:35:35,31.494,31494,3,7
1099,857,1,1,20:05:36,31.534,31534,77,15
1099,846,1,2,20:07:18,29.444,29444,77,15
1099,825,1,8,20:16:55,20.870,20870,77,15
1099,822,1,9,20:18:38,21.505,21505,77,15
1099,855,1,11,20:21:41,21.703,21703,77,15
1099,807,1,11,20:21:43,21.567,21567,77,15
1099,840,1,13,20:24:39,21.150,21150,77,15
1099,842,1,14,20:26:26,20.719,20719,77,15
1099,832,1,15,20:27:49,20.760,20760,77,15
1099,844,1,16,20:29:29,20.026,20026,77,15
1099,839,1,16,20:29:34,20.762,20762,77,15
1099,852,1,17,20:31:24,21.414,21414,77,15
1099,848,1,17,20:31:32,21.397,21397,77,15
1099,856,1,17,20:31:39,21.116,21116,77,15
1099,822,2,17,20:32:08,22.191,22191,77,15
1099,815,1,18,20:32:46,20.715,20715,77,15
1099,4,1,18,20:32:54,26.879,26879,77,15
1099,847,1,18,20:33:05,20.828,20828,77,15
1099,830,1,18,20:33:15,20.824,20824,77,15
1099,1,1,18,20:33:24,21.102,21102,77,15
1099,858,1,18,20:33:55,21.064,21064,77,15
1099,855,2,18,20:34:06,21.282,21282,77,15
1099,846,2,19,20:36:25,21.352,21352,77,15
1099,822,3,35,21:02:57,21.808,21808,77,15
1100,839,1,1,15:05:04,18.056,18056,1,10
1100,855,1,1,15:05:11,18.951,18951,1,10
1100,858,1,1,15:05:13,18.382,18382,1,10
1100,815,1,1,15:05:15,17.657,17657,1,10
1100,822,1,1,15:05:16,21.659,21659,1,10
1100,858,2,2,15:07:25,19.158,19158,1,10
1100,815,2,2,15:07:26,17.814,17814,1,10
1100,847,1,7,15:15:01,19.146,19146,1,10
1100,832,1,7,15:15:05,18.319,18319,1,10
1100,825,1,7,15:15:21,20.789,20789,1,10
1100,1,1,8,15:17:43,15:25.181,925181,1,10
1100,830,1,8,15:17:45,15:25.112,925112,1,10
1100,4,1,8,15:17:48,15:26.940,926940,1,10
1100,840,1,8,15:17:51,15:27.222,927222,1,10
1100,842,1,8,15:17:53,15:26.996,926996,1,10
1100,807,1,8,15:17:55,15:26.326,926326,1,10
1100,847,2,8,15:17:59,15:30.824,930824,1,10
1100,852,1,8,15:18:02,15:31.820,931820,1,10
1100,846,1,8,15:18:04,15:34.763,934763,1,10
1100,857,1,8,15:18:06,15:34.541,934541,1,10
1100,832,2,8,15:18:08,15:37.024,937024,1,10
1100,856,1,8,15:18:11,15:37.874,937874,1,10
1100,839,2,8,15:18:14,15:37.929,937929,1,10
1100,815,3,8,15:18:16,15:37.512,937512,1,10
1100,855,2,8,15:18:19,15:37.849,937849,1,10
1100,822,2,8,15:18:21,15:37.594,937594,1,10
1100,858,3,8,15:18:23,15:38.017,938017,1,10
1100,825,2,8,15:18:27,15:40.228,940228,1,10
1100,858,4,36,16:15:29,19.018,19018,1,10
1100,856,2,45,16:28:14,18.080,18080,1,10
1100,822,3,53,16:39:03,19.825,19825,1,10
1100,857,2,54,16:40:06,19.442,19442,1,10
1100,855,3,54,16:40:31,21.881,21881,1,10
1100,852,2,54,16:40:36,18.258,18258,1,10
1100,830,2,55,16:41:38,14:27.756,867756,1,10
1100,1,2,55,16:41:40,14:31.670,871670,1,10
1100,4,2,55,16:41:42,14:34.306,874306,1,10
1100,822,4,54,16:41:44,12:19.342,739342,1,10
1100,832,3,55,16:41:45,14:34.924,874924,1,10
1100,842,2,55,16:41:47,14:35.210,875210,1,10
1100,840,2,55,16:41:50,14:35.053,875053,1,10
1100,815,4,55,16:41:53,14:36.462,876462,1,10
1100,858,5,54,16:41:54,12:12.022,732022,1,10
1100,846,2,55,16:41:56,14:41.064,881064,1,10
1100,807,2,55,16:41:58,14:40.712,880712,1,10
1100,856,3,54,16:42:01,12:06.783,726783,1,10
1100,839,3,55,16:42:03,14:39.804,879804,1,10
1100,857,3,55,16:42:20,14:24.653,864653,1,10
1100,855,4,55,16:42:47,14:01.565,841565,1,10
1100,852,3,55,16:42:52,14:01.820,841820,1,10
1100,822,5,55,16:55:40,1:16.634,76634,1,10
1100,858,6,55,16:55:45,1:14.200,74200,1,10
1100,856,4,55,16:55:47,1:13.234,73234,1,10
1100,830,3,57,17:02:10,30:56.502,1856502,1,10
1100,1,3,57,17:02:11,30:59.435,1859435,1,10
1100,832,4,57,17:02:13,31:01.554,1861554,1,10
1100,807,3,57,17:02:14,31:09.055,1869055,1,10
1100,852,4,57,17:02:16,31:11.209,1871209,1,10
1100,846,3,57,17:02:17,31:04.087,1864087,1,10
1100,857,4,57,17:02:19,31:06.226,1866226,1,10
1100,855,5,57,17:02:22,31:04.998,1864998,1,10
1100,822,6,57,17:02:23,31:07.182,1867182,1,10
1100,815,5,57,17:02:25,30:53.568,1853568,1,10
1100,4,3,57,17:02:27,30:45.073,1845073,1,10
1100,840,3,57,17:02:29,30:45.925,1845925,1,10
1101,842,1,5,15:13:22,20.235,20235,73,-7
1101,822,1,6,15:15:14,20.967,20967,73,-7
1101,848,1,7,15:16:57,21.103,21103,73,-7
1101,852,1,8,15:18:43,20.497,20497,73,-7
1101,857,1,8,15:18:44,20.902,20902,73,-7
1101,858,1,8,15:18:50,21.015,21015,73,-7
1101,1,1,9,15:20:23,20.324,20324,73,-7
1101,846,1,9,15:20:27,20.346,20346,73,-7
1101,830,1,10,15:22:00,20.707,20707,73,-7
1101,825,1,10,15:22:35,30.951,30951,73,-7
1101,815,1,11,15:24:20,20.389,20389,73,-7
1101,844,1,11,15:24:25,21.126,21126,73,-7
1101,832,1,11,15:24:33,21.970,21970,73,-7
1101,4,1,11,15:24:35,23.148,23148,73,-7
1101,847,1,11,15:24:42,20.459,20459,73,-7
1101,840,1,11,15:24:42,23.161,23161,73,-7
1101,855,1,11,15:25:01,22.247,22247,73,-7
1101,822,2,12,15:27:47,22.354,22354,73,-7
1101,842,2,23,15:48:15,21.169,21169,73,-7
1101,822,3,34,16:08:14,21.012,21012,73,-7
1101,847,2,49,16:34:10,21.389,21389,73,-7
1101,807,1,49,16:34:47,24.748,24748,73,-7
1101,839,1,50,16:36:20,20.367,20367,73,-7
1102,858,1,2,15:37:09,48.938,48938,79,0
1102,846,1,4,15:40:18,24.090,24090,79,0
1102,857,1,5,15:41:49,22.205,22205,79,0
1102,825,1,14,15:55:45,22.616,22616,79,0
1102,842,1,15,15:57:16,22.417,22417,79,0
1102,822,1,15,15:57:23,23.158,23158,79,0
1102,856,1,15,15:57:33,23.487,23487,79,0
1102,847,1,17,16:00:18,22.335,22335,79,0
1102,844,1,17,16:00:25,22.068,22068,79,0
1102,832,1,18,16:01:46,22.278,22278,79,0
1102,815,1,20,16:04:48,21.884,21884,79,0
1102,848,1,22,16:08:22,22.482,22482,79,0
1102,4,1,24,16:11:02,22.631,22631,79,0
1102,855,1,31,16:22:27,22.796,22796,79,0
1102,807,1,33,16:25:26,23.120,23120,79,0
1102,852,1,36,16:30:01,22.390,22390,79,0
1102,1,1,37,16:31:29,22.150,22150,79,0
1102,839,1,39,16:34:33,21.942,21942,79,0
1102,840,1,42,16:39:18,22.651,22651,79,0
1102,830,1,45,16:42:58,22.688,22688,79,0
1104,807,1,1,15:04:32,32.494,32494,6,7
1104,855,1,1,15:04:37,26.141,26141,6,7
1104,815,1,1,15:04:37,24.887,24887,6,7
1104,848,1,18,15:27:12,24.290,24290,6,7
1104,858,1,20,15:30:02,24.376,24376,6,7
1104,858,2,23,15:34:16,27.774,27774,6,7
1104,1,1,31,15:43:34,24.594,24594,6,7
1104,839,1,32,15:44:45,25.833,25833,6,7
1104,832,1,33,15:46:05,24.252,24252,6,7
1104,815,2,34,15:48:26,32.749,32749,6,7
1104,844,1,44,16:00:25,24.192,24192,6,7
1104,842,1,47,16:04:16,23.902,23902,6,7
1104,846,1,50,16:08:48,24.663,24663,6,7
1104,822,1,51,16:10:46,30.395,30395,6,7
1104,840,1,51,16:10:52,24.656,24656,6,7
1104,855,2,52,16:12:35,25.260,25260,6,7
1104,848,2,52,16:12:37,26.990,26990,6,7
1104,852,1,53,16:13:18,33.706,33706,6,7
1104,858,3,52,16:13:19,25.946,25946,6,7
1104,4,1,54,16:13:32,24.414,24414,6,7
1104,856,1,53,16:13:47,24.539,24539,6,7
1104,847,1,54,16:13:57,30.980,30980,6,7
1104,839,2,54,16:14:06,24.707,24707,6,7
1104,1,2,54,16:14:09,26.685,26685,6,7
1104,842,2,54,16:14:18,29.949,29949,6,7
1104,815,3,53,16:14:19,24.217,24217,6,7
1104,830,1,55,16:15:17,24.798,24798,6,7
1104,857,1,54,16:15:18,25.851,25851,6,7
1104,846,2,54,16:15:20,33.428,33428,6,7
1104,4,2,55,16:15:37,25.916,25916,6,7
1104,807,2,54,16:16:01,34.725,34725,6,7
1104,844,2,55,16:16:03,25.713,25713,6,7
1104,832,2,55,16:16:04,29.300,29300,6,7
1104,825,1,56,16:20:26,51.052,51052,6,7
1104,815,4,57,16:21:27,29.337,29337,6,7
1104,807,3,59,16:25:02,25.672,25672,6,7
1104,815,5,70,16:43:16,25.466,25466,6,7
1105,846,1,1,15:04:44,37.736,37736,4,109
1105,822,1,5,15:10:18,23.691,23691,4,109
1105,807,1,8,15:14:21,22.298,22298,4,109
1105,855,1,9,15:15:38,23.430,23430,4,109
1105,856,1,9,15:15:44,22.522,22522,4,109
1105,852,1,10,15:17:01,22.176,22176,4,109
1105,825,1,10,15:17:06,22.124,22124,4,109
1105,839,1,13,15:21:01,22.112,22112,4,109
1105,840,1,14,15:22:19,22.355,22355,4,109
1105,832,1,15,15:23:33,22.321,22321,4,109
1105,844,1,16,15:25:17,21.778,21778,4,109
1105,848,1,16,15:25:24,23.319,23319,4,109
1105,857,1,17,15:26:32,22.370,22370,4,109
1105,858,1,17,15:26:49,22.583,22583,4,109
1105,4,1,19,15:29:09,22.558,22558,4,109
1105,842,1,19,15:29:18,23.388,23388,4,109
1105,846,2,22,15:33:50,22.850,22850,4,109
1105,1,1,24,15:35:37,22.575,22575,4,109
1105,825,2,24,15:36:26,24.800,24800,4,109
1105,847,1,25,15:37:07,22.275,22275,4,109
1105,830,1,26,15:38:06,22.241,22241,4,109
1105,807,2,26,15:39:04,23.257,23257,4,109
1105,815,1,27,15:39:57,21.775,21775,4,109
1105,840,2,34,15:49:34,23.371,23371,4,109
1105,852,2,34,15:49:38,22.009,22009,4,109
1105,839,2,35,15:50:57,24.110,24110,4,109
1105,855,2,36,15:52:25,22.889,22889,4,109
1105,858,2,36,15:52:53,23.827,23827,4,109
1105,848,2,37,15:54:12,23.449,23449,4,109
1105,856,2,38,15:55:17,21.976,21976,4,109
1105,857,2,39,15:56:28,22.862,22862,4,109
1105,842,2,39,15:56:30,23.610,23610,4,109
1105,822,2,39,15:56:58,24.097,24097,4,109
1105,832,2,41,15:58:46,22.375,22375,4,109
1105,844,2,41,15:59:13,23.003,23003,4,109
1105,825,3,42,16:00:59,22.291,22291,4,109
1105,807,3,43,16:02:05,24.484,24484,4,109
1105,4,2,44,16:03:01,22.896,22896,4,109
1105,847,2,45,16:03:58,22.054,22054,4,109
1105,1,2,50,16:10:22,22.731,22731,4,109
1105,815,2,50,16:10:42,21.537,21537,4,109
1105,846,3,50,16:11:39,22.062,22062,4,109
1105,830,2,52,16:12:44,22.357,22357,4,109
1106,852,1,1,14:04:32,23.646,23646,7,13
1106,842,1,10,14:16:36,27.515,27515,7,13
1106,807,1,11,14:17:50,24.880,24880,7,13
1106,840,1,11,14:17:53,23.711,23711,7,13
1106,856,1,11,14:17:56,24.960,24960,7,13
1106,830,1,12,14:18:49,23.644,23644,7,13
1106,1,1,12,14:18:59,24.339,24339,7,13
1106,4,1,12,14:19:00,24.031,24031,7,13
1106,839,1,12,14:19:12,24.402,24402,7,13
1106,857,1,12,14:19:16,24.828,24828,7,13
1106,846,1,12,14:19:24,25.862,25862,7,13
1106,848,1,12,14:19:25,25.064,25064,7,13
1106,855,1,12,14:19:31,24.161,24161,7,13
1106,847,1,12,14:19:55,1:28.943,88943,7,13
1106,840,2,27,14:42:23,23.839,23839,7,13
1106,807,2,31,14:47:37,24.200,24200,7,13
1106,855,2,32,14:48:55,27.509,27509,7,13
1106,842,2,33,14:50:14,24.117,24117,7,13
1106,852,2,34,14:51:31,27.523,27523,7,13
1106,846,2,35,14:52:42,23.570,23570,7,13
1106,825,1,35,14:53:34,24.909,24909,7,13
1106,839,2,36,14:53:56,23.698,23698,7,13
1106,822,1,36,14:53:58,24.038,24038,7,13
1106,815,1,37,14:55:06,23.281,23281,7,13
1106,857,2,37,14:55:21,23.436,23436,7,13
1106,832,1,38,14:56:16,24.133,24133,7,13
1106,844,1,39,14:57:32,24.343,24343,7,13
1106,1,2,40,14:58:46,23.749,23749,7,13
1106,4,2,41,14:59:58,23.928,23928,7,13
1106,830,2,42,15:01:10,23.910,23910,7,13
1106,856,2,50,15:13:30,23.786,23786,7,13
1106,825,2,53,15:17:18,24.515,24515,7,13
1106,815,2,68,15:34:57,23.218,23218,7,13
1107,825,1,1,15:04:16,26.587,26587,70,678
1107,852,1,1,15:04:31,29.691,29691,70,678
1107,830,1,2,15:05:57,16.369,16369,70,678
1107,844,1,2,15:05:59,16.393,16393,70,678
1107,832,1,2,15:06:01,16.380,16380,70,678
1107,1,1,2,15:06:03,16.415,16415,70,678
1107,846,1,2,15:06:05,18.076,18076,70,678
1107,4,1,2,15:06:08,16.600,16600,70,678
1107,807,1,2,15:06:09,16.778,16778,70,678
1107,840,1,2,15:06:11,16.646,16646,70,678
1107,842,1,2,15:06:12,16.380,16380,70,678
1107,848,1,2,15:06:13,16.737,16737,70,678
1107,847,1,2,15:06:17,17.946,17946,70,678
1107,839,1,2,15:06:19,18.143,18143,70,678
1107,815,1,2,15:06:20,17.428,17428,70,678
1107,855,1,2,15:06:22,17.467,17467,70,678
1107,857,1,2,15:06:23,17.324,17324,70,678
1107,858,1,2,15:06:25,17.337,17337,70,678
1107,822,1,2,15:06:27,17.130,17130,70,678
1107,856,1,2,15:06:28,17.033,17033,70,678
1107,825,2,2,15:06:31,25.654,25654,70,678
1107,852,2,2,15:06:33,16.246,16246,70,678
1107,855,2,8,15:14:10,24.374,24374,70,678
1107,807,2,11,15:17:41,21.891,21891,70,678
1107,856,2,12,15:19:01,21.333,21333,70,678
1107,1,2,14,15:21:10,21.993,21993,70,678
1107,846,2,14,15:21:12,21.290,21290,70,678
1107,842,2,14,15:21:20,21.814,21814,70,678
1107,848,2,14,15:21:22,21.562,21562,70,678
1107,847,2,14,15:21:23,22.262,22262,70,678
1107,839,2,14,15:21:26,22.028,22028,70,678
1107,857,2,14,15:21:27,22.467,22467,70,678
1107,858,2,14,15:21:32,23.194,23194,70,678
1107,844,2,15,15:22:36,23.425,23425,70,678
1107,832,2,15,15:22:41,26.283,26283,70,678
1107,4,2,15,15:22:48,22.371,22371,70,678
1107,840,2,15,15:22:54,24.332,24332,70,678
1107,822,2,21,15:30:27,31.785,31785,70,678
1107,857,3,22,15:31:40,29.912,29912,70,678
1107,852,3,23,15:32:50,27.286,27286,70,678
1107,830,2,24,15:33:13,21.365,21365,70,678
1107,815,2,25,15:34:47,21.655,21655,70,678
1107,825,3,34,15:46:08,22.250,22250,70,678
1107,840,3,36,15:48:10,22.050,22050,70,678
1107,856,3,37,15:49:41,21.074,21074,70,678
1107,855,3,38,15:50:48,21.910,21910,70,678
1107,839,3,40,15:52:55,30.427,30427,70,678
1107,822,3,40,15:53:22,21.975,21975,70,678
1107,846,3,41,15:53:39,22.088,22088,70,678
1107,847,3,41,15:53:57,21.702,21702,70,678
1107,848,3,41,15:54:04,27.683,27683,70,678
1107,857,4,41,15:54:36,22.313,22313,70,678
1107,1,3,42,15:54:50,27.724,27724,70,678
1107,858,3,43,15:56:40,21.543,21543,70,678
1107,852,4,43,15:56:56,21.392,21392,70,678
1107,4,3,44,15:57:15,21.993,21993,70,678
1107,842,3,44,15:57:30,27.804,27804,70,678
1107,832,3,45,15:58:10,28.583,28583,70,678
1107,844,3,47,16:00:26,21.470,21470,70,678
1107,830,3,49,16:02:31,21.641,21641,70,678
1107,815,3,50,16:04:07,21.267,21267,70,678
1107,840,4,54,16:09:28,21.837,21837,70,678
1107,830,4,69,16:25:43,21.328,21328,70,678
1108,807,1,7,15:14:17,41.972,41972,9,153
1108,852,1,14,15:25:15,28.353,28353,9,153
1108,844,1,18,15:31:08,28.244,28244,9,153
1108,855,1,24,15:40:56,29.177,29177,9,153
1108,832,1,26,15:43:36,28.869,28869,9,153
1108,856,1,27,15:45:34,28.242,28242,9,153
1108,847,1,28,15:46:37,29.455,29455,9,153
1108,815,1,28,15:46:50,28.060,28060,9,153
1108,857,1,29,15:48:05,28.655,28655,9,153
1108,858,1,29,15:48:37,28.847,28847,9,153
1108,842,1,31,15:51:30,28.458,28458,9,153
1108,840,1,31,15:51:39,28.561,28561,9,153
1108,848,1,32,15:53:10,29.634,29634,9,153
1108,844,2,32,15:53:11,28.805,28805,9,153
1108,822,1,32,15:53:38,29.662,29662,9,153
1108,852,2,32,15:53:48,28.603,28603,9,153
1108,856,2,32,15:53:55,28.413,28413,9,153
1108,807,2,32,15:54:11,30.003,30003,9,153
1108,830,1,33,15:54:29,29.056,29056,9,153
1108,846,1,33,15:54:43,28.438,28438,9,153
1108,1,1,33,15:54:58,29.169,29169,9,153
1108,4,1,33,15:55:09,28.679,28679,9,153
1108,855,2,33,15:56:08,28.709,28709,9,153
1108,855,3,36,16:02:39,34.374,34374,9,153
1109,848,1,8,15:14:47,22.076,22076,11,264
1109,840,1,9,15:16:10,21.910,21910,11,264
1109,852,1,9,15:16:10,26.170,26170,11,264
1109,822,1,9,15:16:11,22.114,22114,11,264
1109,855,1,10,15:17:40,29.211,29211,11,264
1109,858,1,13,15:21:59,24.001,24001,11,264
1109,825,1,14,15:23:24,22.753,22753,11,264
1109,832,1,15,15:24:37,21.402,21402,11,264
1109,1,1,16,15:25:56,21.974,21974,11,264
1109,807,1,16,15:26:11,22.922,22922,11,264
1109,846,1,17,15:27:16,21.541,21541,11,264
1109,844,1,17,15:27:23,28.404,28404,11,264
1109,857,1,18,15:28:39,21.171,21171,11,264
1109,817,1,18,15:29:10,21.958,21958,11,264
1109,4,1,20,15:31:46,22.916,22916,11,264
1109,830,1,23,15:35:32,21.407,21407,11,264
1109,815,1,24,15:37:20,21.862,21862,11,264
1109,847,1,28,15:43:20,21.886,21886,11,264
1109,817,2,29,15:45:13,22.203,22203,11,264
1109,848,2,31,15:47:54,21.762,21762,11,264
1109,840,2,34,15:52:02,22.403,22403,11,264
1109,858,2,34,15:52:24,22.197,22197,11,264
1109,807,2,38,15:57:58,21.955,21955,11,264
1109,855,2,38,15:58:02,22.853,22853,11,264
1109,822,2,40,16:00:39,23.242,23242,11,264
1109,825,2,41,16:02:32,22.152,22152,11,264
1109,857,2,42,16:02:48,22.030,22030,11,264
1109,815,2,42,16:02:51,20.880,20880,11,264
1109,844,2,43,16:04:31,21.452,21452,11,264
1109,4,2,43,16:04:39,24.152,24152,11,264
1109,846,2,44,16:05:28,21.430,21430,11,264
1109,832,2,44,16:05:56,22.051,22051,11,264
1109,852,2,44,16:06:33,21.181,21181,11,264
1109,847,2,46,16:08:49,21.675,21675,11,264
1109,1,2,49,16:12:41,21.728,21728,11,264
1109,830,2,51,16:14:53,21.680,21680,11,264
1110,846,1,5,15:13:27,25.012,25012,13,401
1110,825,1,5,15:13:30,23.638,23638,13,401
1110,817,1,5,15:13:31,22.843,22843,13,401
1110,839,1,6,15:15:23,23.085,23085,13,401
1110,822,1,6,15:15:24,23.362,23362,13,401
1110,848,1,7,15:17:14,25.015,25015,13,401
1110,832,1,7,15:17:20,23.303,23303,13,401
1110,855,1,7,15:17:21,24.449,24449,13,401
1110,858,1,8,15:19:14,23.570,23570,13,401
1110,852,1,9,15:20:59,22.610,22610,13,401
1110,4,1,10,15:22:48,23.085,23085,13,401
1110,1,1,12,15:26:27,23.090,23090,13,401
1110,807,1,12,15:26:56,24.571,24571,13,401
1110,815,1,13,15:28:09,23.684,23684,13,401
1110,844,1,13,15:28:16,23.224,23224,13,401
1110,830,1,14,15:30:04,22.887,22887,13,401
1110,846,2,17,15:36:37,23.744,23744,13,401
1110,840,1,20,15:42:12,25.397,25397,13,401
1110,847,1,22,15:46:00,23.837,23837,13,401
1110,817,2,22,15:46:18,23.290,23290,13,401
1110,842,1,23,15:48:00,25.664,25664,13,401
1110,848,2,23,15:48:02,23.596,23596,13,401
1110,852,2,24,15:49:52,22.737,22737,13,401
1110,822,2,24,15:50:02,23.786,23786,13,401
1110,807,2,24,15:50:04,25.238,25238,13,401
1110,858,2,24,15:50:09,23.938,23938,13,401
1110,839,2,25,15:51:50,23.339,23339,13,401
1110,825,2,25,15:51:55,23.572,23572,13,401
1110,855,2,25,15:52:01,24.045,24045,13,401
1110,1,2,27,15:55:00,23.023,23023,13,401
1110,844,2,28,15:56:48,23.148,23148,13,401
1110,815,2,29,15:58:34,22.710,22710,13,401
1110,4,2,29,15:59:01,23.798,23798,13,401
1110,830,2,30,16:00:16,23.012,23012,13,401
1110,848,3,33,16:07:06,23.529,23529,13,401
1110,858,3,34,16:09:09,23.109,23109,13,401
1110,1,3,42,16:23:05,23.156,23156,13,401
1111,815,1,1,15:04:43,22.666,22666,39,6
1111,844,1,1,15:04:46,32.686,32686,39,6
1111,842,1,1,15:04:47,28.469,28469,39,6
1111,855,1,1,15:04:49,23.088,23088,39,6
1111,852,1,1,15:04:50,32.321,32321,39,6
1111,859,1,1,15:04:53,42.641,42641,39,6
1111,825,1,1,15:04:55,31.341,31341,39,6
1111,830,1,2,15:06:25,20.379,20379,39,6
1111,4,1,2,15:06:26,20.647,20647,39,6
1111,832,1,2,15:06:31,20.973,20973,39,6
1111,839,1,2,15:06:39,22.534,22534,39,6
1111,846,1,3,15:08:18,20.170,20170,39,6
1111,1,1,3,15:08:35,20.266,20266,39,6
1111,847,1,4,15:10:00,21.201,21201,39,6
1111,840,1,4,15:10:16,20.036,20036,39,6
1111,825,2,9,15:16:59,20.137,20137,39,6
1111,1,2,9,15:17:26,19.970,19970,39,6
1111,840,2,9,15:17:44,20.208,20208,39,6
1111,855,2,10,15:18:09,20.231,20231,39,6
1111,4,2,10,15:18:10,20.109,20109,39,6
1111,832,2,10,15:18:16,19.511,19511,39,6
1111,852,2,10,15:18:24,18.904,18904,39,6
1111,839,2,10,15:18:26,19.795,19795,39,6
1111,846,2,10,15:18:33,20.395,20395,39,6
1111,859,2,10,15:18:37,30.836,30836,39,6
1111,847,2,10,15:18:55,20.148,20148,39,6
1111,830,2,11,15:19:24,19.289,19289,39,6
1111,842,2,11,15:19:34,19.518,19518,39,6
1111,844,2,11,15:19:46,27.202,27202,39,6
1111,815,2,12,15:20:46,19.460,19460,39,6
1111,857,1,15,15:25:18,18.979,18979,39,6
1111,822,1,16,15:27:09,20.187,20187,39,6
1111,807,1,16,15:27:10,20.438,20438,39,6
1111,847,3,16,15:27:30,19.607,19607,39,6
1111,840,3,16,15:27:53,19.653,19653,39,6
1111,859,3,17,15:29:22,19.600,19600,39,6
1111,840,4,34,15:53:38,19.923,19923,39,6
1111,825,3,35,15:54:48,20.510,20510,39,6
1111,855,3,37,15:57:19,20.469,20469,39,6
1111,832,3,41,16:02:07,19.398,19398,39,6
1111,846,3,42,16:03:37,18.878,18878,39,6
1111,839,3,43,16:04:50,19.024,19024,39,6
1111,848,1,44,16:06:01,19.667,19667,39,6
1111,815,3,45,16:06:58,18.789,18789,39,6
1111,1,3,45,16:07:26,19.327,19327,39,6
1111,842,3,46,16:08:21,25.404,25404,39,6
1111,857,2,46,16:08:46,19.120,19120,39,6
1111,859,4,46,16:09:09,19.192,19192,39,6
1111,822,2,47,16:10:17,20.213,20213,39,6
1111,4,3,48,16:10:51,25.147,25147,39,6
1111,807,2,48,16:11:31,19.713,19713,39,6
1111,830,3,49,16:11:52,18.706,18706,39,6
1111,822,3,59,16:25:45,19.735,19735,39,6
1111,859,5,59,16:25:48,19.307,19307,39,6
1111,815,4,60,16:26:00,27.596,27596,39,6
1111,842,4,60,16:26:21,20.417,20417,39,6
1111,832,4,60,16:26:22,19.838,19838,39,6
1111,1,4,60,16:26:30,20.779,20779,39,6
1111,847,4,60,16:26:34,24.019,24019,39,6
1111,846,4,60,16:26:35,19.871,19871,39,6
1111,857,3,60,16:26:40,22.376,22376,39,6
1111,852,3,60,16:26:50,20.602,20602,39,6
1111,855,4,60,16:26:53,21.439,21439,39,6
1111,840,5,60,16:26:58,21.532,21532,39,6
1111,807,3,60,16:26:58,23.582,23582,39,6
1111,825,4,60,16:27:09,23.584,23584,39,6
1111,830,4,61,16:27:10,19.429,19429,39,6
1111,4,4,61,16:27:35,20.655,20655,39,6
1111,848,2,61,16:27:57,21.300,21300,39,6
1111,839,4,61,16:28:03,22.096,22096,39,6
1111,830,5,63,16:30:26,20.402,20402,39,6
1111,815,5,63,16:31:04,41:01.612,2461612,39,6
1111,846,5,63,16:31:28,40:43.212,2443212,39,6
1111,847,5,63,16:31:31,40:46.251,2446251,39,6
1111,848,3,63,16:31:37,40:43.475,2443475,39,6
1111,857,4,63,16:31:49,40:34.653,2434653,39,6
1111,839,5,63,16:31:53,40:32.201,2432201,39,6
1111,852,4,63,16:32:13,40:14.895,2414895,39,6
1111,840,6,63,16:32:20,40:10.734,2410734,39,6
1111,807,4,63,16:32:22,40:10.704,2410704,39,6
1111,822,4,63,16:32:29,40:05.113,2405113,39,6
1111,859,6,63,16:32:43,39:56.340,2396340,39,6
1111,825,5,63,16:32:48,39:54.733,2394733,39,6
1111,830,6,64,16:32:50,41:23.382,2483382,39,6
1111,4,5,64,16:33:22,40:55.302,2455302,39,6
1111,842,5,64,16:33:40,40:43.169,2443169,39,6
1111,832,5,64,16:33:44,40:43.147,2443147,39,6
1111,1,5,64,16:33:59,40:31.108,2431108,39,6
1111,815,6,64,17:13:46,35.592,35592,39,6
1111,846,6,64,17:13:49,44.272,44272,39,6
1111,847,6,64,17:13:59,39.845,39845,39,6
1111,848,4,64,17:14:02,39.234,39234,39,6
1111,857,5,64,17:14:06,38.453,38453,39,6
1111,839,6,64,17:14:09,37.037,37037,39,6
1111,852,5,64,17:14:14,34.901,34901,39,6
1111,840,7,64,17:14:17,33.553,33553,39,6
1111,807,5,64,17:14:19,32.884,32884,39,6
1111,822,5,64,17:14:22,32.518,32518,39,6
1111,859,7,64,17:14:27,31.306,31306,39,6
1111,825,6,64,17:14:31,30.628,30628,39,6
1111,847,7,67,17:20:51,22.379,22379,39,6
1112,842,1,10,15:38:07,27.376,27376,14,162
1112,855,1,11,15:39:33,24.396,24396,14,162
1112,825,1,12,15:41:12,24.660,24660,14,162
1112,859,1,13,15:42:27,24.212,24212,14,162
1112,807,1,14,15:43:56,26.095,26095,14,162
1112,858,1,14,15:43:57,24.779,24779,14,162
1112,848,1,15,15:45:13,24.538,24538,14,162
1112,832,1,19,15:50:52,25.183,25183,14,162
1112,847,1,19,15:50:56,24.215,24215,14,162
1112,830,1,20,15:52:13,24.228,24228,14,162
1112,844,1,20,15:52:19,23.931,23931,14,162
1112,840,1,20,15:52:50,25.667,25667,14,162
1112,815,1,21,15:53:46,23.819,23819,14,162
1112,4,1,21,15:54:03,24.798,24798,14,162
1112,846,1,22,15:55:26,23.727,23727,14,162
1112,857,1,23,15:56:53,24.133,24133,14,162
1112,839,1,24,15:58:45,24.249,24249,14,162
1112,822,1,25,16:00:06,24.658,24658,14,162
1112,1,1,27,16:02:46,24.255,24255,14,162
1112,842,2,31,16:09:08,24.686,24686,14,162
1112,859,2,33,16:11:56,24.281,24281,14,162
1112,855,2,33,16:11:58,25.959,25959,14,162
1112,825,2,33,16:12:15,24.765,24765,14,162
1112,807,2,39,16:20:52,24.328,24328,14,162
1112,857,2,41,16:23:21,31.799,31799,14,162
1113,855,1,2,20:07:21,30.032,30032,15,18
1113,858,1,19,20:36:42,1:03.543,63543,15,18
1113,832,1,20,20:37:19,29.499,29499,15,18
1113,844,1,20,20:37:28,32.888,32888,15,18
1113,847,1,20,20:37:29,29.976,29976,15,18
1113,846,1,20,20:37:31,29.485,29485,15,18
1113,1,1,20,20:37:33,32.631,32631,15,18
1113,4,1,20,20:37:39,30.670,30670,15,18
1113,839,1,20,20:37:43,29.755,29755,15,18
1113,825,1,20,20:37:50,31.475,31475,15,18
1113,807,1,20,20:37:53,35.497,35497,15,18
1113,842,1,20,20:37:54,31.802,31802,15,18
1113,859,1,20,20:37:55,32.348,32348,15,18
1113,857,1,20,20:37:58,29.369,29369,15,18
1113,848,1,20,20:37:59,30.138,30138,15,18
1113,855,2,20,20:38:30,30.637,30637,15,18
1113,815,1,39,21:11:53,28.977,28977,15,18
1113,830,1,40,21:13:21,29.698,29698,15,18
1113,822,1,40,21:13:47,30.487,30487,15,18
1113,848,2,43,21:18:51,29.787,29787,15,18
1113,825,2,43,21:19:04,33.078,33078,15,18
1113,858,2,43,21:19:17,31.018,31018,15,18
1113,847,2,44,21:20:21,30.039,30039,15,18
1113,1,2,44,21:20:24,33.581,33581,15,18
1113,4,2,44,21:20:59,52.708,52708,15,18
1114,848,1,1,14:06:29,50.143,50143,22,45
1114,855,1,1,14:06:34,41.041,41041,22,45
1114,839,1,1,14:06:45,27.056,27056,22,45
1114,822,1,1,14:06:58,55.802,55802,22,45
1114,815,1,2,14:08:56,32.450,32450,22,45
1114,858,1,2,14:09:11,32.715,32715,22,45
1114,858,2,5,14:16:24,43.868,43868,22,45
1114,822,2,6,14:18:28,53.512,53512,22,45
1114,807,1,8,14:21:18,23.520,23520,22,45
1114,852,1,9,14:22:56,22.944,22944,22,45
1114,859,1,10,14:24:35,23.136,23136,22,45
1114,855,2,10,14:24:44,24.091,24091,22,45
1114,4,1,11,14:26:10,24.086,24086,22,45
1114,815,2,12,14:28:22,41.499,41499,22,45
1114,825,1,12,14:28:23,23.816,23816,22,45
1114,857,1,13,14:29:24,24.455,24455,22,45
1114,848,2,13,14:29:58,52.165,52165,22,45
1114,840,1,14,14:31:37,23.441,23441,22,45
1114,815,3,13,14:31:50,41:25.913,2485913,22,45
1114,830,1,16,14:34:31,24.382,24382,22,45
1114,1,1,16,14:34:49,24.841,24841,22,45
1114,846,1,17,14:36:20,23.523,23523,22,45
1114,844,1,17,14:36:23,23.197,23197,22,45
1114,832,1,18,14:38:04,23.075,23075,22,45
1114,842,1,18,14:38:20,24.488,24488,22,45
1114,807,2,21,14:43:39,23.660,23660,22,45
1114,858,3,21,14:44:16,35.182,35182,22,45
1114,847,1,24,14:48:05,24.034,24034,22,45
1114,4,2,25,14:50:07,24.294,24294,22,45
1114,859,2,25,14:50:20,23.671,23671,22,45
1114,839,2,28,14:55:08,23.789,23789,22,45
1114,855,3,29,14:57:06,24.116,24116,22,45
1114,852,2,30,14:58:41,23.327,23327,22,45
1114,825,2,31,15:00:39,23.858,23858,22,45
1114,844,2,34,15:04:38,22.926,22926,22,45
1114,1,2,34,15:04:43,23.631,23631,22,45
1114,842,2,34,15:05:03,24.651,24651,22,45
1114,857,2,35,15:06:11,23.198,23198,22,45
1114,846,2,36,15:07:43,23.182,23182,22,45
1114,830,2,37,15:09:05,23.696,23696,22,45
1114,807,3,37,15:10:23,23.338,23338,22,45
1114,832,2,38,15:11:15,23.374,23374,22,45
1114,815,4,14,15:14:59,30.651,30651,22,45
1115,847,1,1,20:05:46,39.686,39686,78,12
1115,822,1,3,20:10:22,29.977,29977,78,12
1115,825,1,3,20:10:26,28.743,28743,78,12
1115,840,1,3,20:10:27,28.886,28886,78,12
1115,859,1,3,20:10:28,29.330,29330,78,12
1115,852,1,9,20:20:28,27.781,27781,78,12
1115,839,1,10,20:21:53,28.961,28961,78,12
1115,4,1,11,20:23:19,28.373,28373,78,12
1115,842,1,11,20:23:25,28.429,28429,78,12
1115,857,1,12,20:24:45,28.875,28875,78,12
1115,844,1,12,20:24:49,28.228,28228,78,12
1115,846,1,13,20:26:21,28.134,28134,78,12
1115,807,1,13,20:26:32,39.879,39879,78,12
1115,858,1,13,20:26:35,29.436,29436,78,12
1115,847,2,14,20:27:57,28.542,28542,78,12
1115,830,1,17,20:32:05,28.233,28233,78,12
1115,815,1,17,20:32:32,27.808,27808,78,12
1115,848,1,18,20:33:58,29.253,29253,78,12
1115,855,1,18,20:34:06,28.984,28984,78,12
1115,822,2,21,20:38:42,29.387,29387,78,12
1115,840,2,21,20:38:45,28.156,28156,78,12
1115,825,2,21,20:38:52,28.948,28948,78,12
1115,859,2,21,20:38:54,28.665,28665,78,12
1115,852,2,22,20:40:25,27.596,27596,78,12
1115,857,2,25,20:44:26,27.868,27868,78,12
1115,844,2,25,20:44:40,27.873,27873,78,12
1115,839,2,25,20:44:42,28.969,28969,78,12
1115,4,2,26,20:46:01,28.432,28432,78,12
1115,842,2,26,20:46:12,30.192,30192,78,12
1115,858,2,26,20:46:27,29.373,29373,78,12
1115,846,2,27,20:47:29,27.611,27611,78,12
1115,807,2,27,20:47:58,28.274,28274,78,12
1115,815,2,31,20:53:34,33.246,33246,78,12
1115,848,2,31,20:53:43,28.747,28747,78,12
1115,847,3,32,20:54:52,28.314,28314,78,12
1115,830,2,34,20:57:24,28.103,28103,78,12
1115,855,2,35,20:59:41,28.854,28854,78,12
1115,822,3,39,21:05:42,28.946,28946,78,12
1115,840,3,39,21:05:45,29.399,29399,78,12
1115,825,3,39,21:05:53,30.331,30331,78,12
1115,859,3,39,21:06:05,28.171,28171,78,12
1115,807,3,39,21:06:08,28.591,28591,78,12
1115,852,3,40,21:07:30,27.809,27809,78,12
1115,857,3,43,21:10:55,27.489,27489,78,12
1115,844,3,43,21:11:17,27.513,27513,78,12
1115,839,3,43,21:11:27,29.169,29169,78,12
1115,815,3,43,21:11:35,33.165,33165,78,12
1115,846,3,44,21:12:24,27.677,27677,78,12
1115,4,3,44,21:12:50,28.393,28393,78,12
1115,842,3,44,21:12:58,34.856,34856,78,12
1115,848,3,44,21:13:12,28.981,28981,78,12
1115,847,4,50,21:21:11,28.191,28191,78,12
1115,830,3,51,21:22:13,29.726,29726,78,12
1115,855,3,52,21:24:48,28.815,28815,78,12
1116,822,2,28,14:52:29,25.020,25020,69,161
1116,848,2,29,14:54:08,24.354,24354,69,161
1116,825,2,29,14:54:24,24.745,24745,69,161
1116,1,1,20,14:37:53,24.916,24916,69,161
1116,840,1,20,14:38:28,24.457,24457,69,161
1116,847,1,21,14:39:49,24.357,24357,69,161
1116,848,1,10,14:21:07,24.563,24563,69,161
1116,822,1,10,14:21:09,24.783,24783,69,161
1116,825,1,10,14:21:11,25.067,25067,69,161
1116,858,1,11,14:22:55,24.990,24990,69,161
1116,830,1,16,14:31:06,23.756,23756,69,161
1116,846,1,17,14:32:42,24.155,24155,69,161
1116,832,1,17,14:32:54,23.668,23668,69,161
1116,815,1,17,14:32:58,24.245,24245,69,161
1116,852,1,17,14:33:06,24.354,24354,69,161
1116,842,1,18,14:34:46,23.900,23900,69,161
1116,4,1,19,14:36:41,25.055,25055,69,161
1116,807,1,19,14:36:48,26.573,26573,69,161
1116,855,1,9,14:19:22,25.636,25636,69,161
1116,855,2,27,14:50:48,24.717,24717,69,161
1116,832,2,35,15:03:42,23.673,23673,69,161
1116,830,2,35,15:03:31,24.974,24974,69,161
1116,807,2,34,15:02:47,24.308,24308,69,161
1116,858,2,32,14:59:24,25.547,25547,69,161
1116,846,2,34,15:01:53,23.361,23361,69,161
1116,852,2,34,15:02:26,24.125,24125,69,161
1116,817,1,23,14:43:10,23.963,23963,69,161
1116,815,2,37,15:07:07,23.747,23747,69,161
1116,842,2,37,15:07:28,24.880,24880,69,161
1116,1,2,38,15:08:41,24.648,24648,69,161
1116,847,2,39,15:10:47,23.969,23969,69,161
1116,840,2,40,15:12:45,23.955,23955,69,161
1116,4,2,42,15:16:00,24.823,24823,69,161
1116,817,2,47,15:25:15,26.513,26513,69,161
1116,852,3,54,15:36:35,23.472,23472,69,161
1116,844,1,23,14:43:10,23.963,23963,69,161
1117,852,1,9,14:16:34,30.121,30121,32,2227
1117,846,1,11,14:19:23,23.408,23408,32,2227
1117,830,1,19,14:30:10,22.427,22427,32,2227
1117,855,1,21,14:33:34,22.817,22817,32,2227
1117,858,1,22,14:35:03,23.945,23945,32,2227
1117,807,1,23,14:36:19,23.144,23144,32,2227
1117,825,1,23,14:36:27,23.642,23642,32,2227
1117,1,1,24,14:37:21,22.210,22210,32,2227
1117,857,1,25,14:38:53,23.734,23734,32,2227
1117,847,1,26,14:40:18,22.311,22311,32,2227
1117,817,1,27,14:41:39,22.406,22406,32,2227
1117,842,1,28,14:43:24,22.627,22627,32,2227
1117,4,1,29,14:45:06,22.844,22844,32,2227
1117,832,1,30,14:45:46,22.067,22067,32,2227
1117,840,1,30,14:46:28,22.582,22582,32,2227
1117,844,1,31,14:47:01,22.248,22248,32,2227
1117,822,1,31,14:47:48,23.638,23638,32,2227
1117,830,2,33,14:50:02,22.372,22372,32,2227
1117,846,2,33,14:50:50,22.563,22563,32,2227
1117,848,1,33,14:50:54,23.680,23680,32,2227
1117,830,3,34,14:52:56,20:09.136,1209136,32,2227
1117,844,2,34,14:52:57,20:10.512,1210512,32,2227
1117,1,2,34,14:52:59,20:12.908,1212908,32,2227
1117,832,2,34,14:53:00,20:15.432,1215432,32,2227
1117,817,2,34,14:53:02,20:17.136,1217136,32,2227
1117,857,2,34,14:53:04,20:19.064,1219064,32,2227
1117,847,2,34,14:53:10,20:18.200,1218200,32,2227
1117,852,2,34,14:53:13,20:18.057,1218057,32,2227
1117,807,2,34,14:53:15,20:19.826,1219826,32,2227
1117,846,3,34,14:53:17,20:26.386,1226386,32,2227
1117,842,2,34,14:53:20,20:25.698,1225698,32,2227
1117,848,2,34,14:53:22,20:27.980,1227980,32,2227
1117,855,2,34,14:53:24,20:29.539,1229539,32,2227
1117,839,1,34,14:53:30,20:26.296,1226296,32,2227
1117,858,2,34,14:53:33,20:27.718,1227718,32,2227
1117,822,2,34,14:53:35,20:29.349,1229349,32,2227
1117,840,2,34,14:53:38,20:29.686,1229686,32,2227
1117,4,2,34,14:53:42,20:29.837,1229837,32,2227
1118,830,1,1,14:05:19,18.535,18535,18,785
1118,846,1,1,14:05:21,19.386,19386,18,785
1118,1,1,1,14:05:24,18.521,18521,18,785
1118,4,1,1,14:05:26,18.487,18487,18,785
1118,840,1,1,14:05:28,18.504,18504,18,785
1118,847,1,1,14:05:30,20.449,20449,18,785
1118,815,1,1,14:05:32,20.811,20811,18,785
1118,832,1,1,14:05:33,23.030,23030,18,785
1118,839,1,1,14:05:35,22.209,22209,18,785
1118,857,1,1,14:05:36,26:24.007,1584007,18,785
1118,852,1,1,14:05:39,20.969,20969,18,785
1118,842,1,1,14:05:40,20.523,20523,18,785
1118,822,1,1,14:05:41,20.732,20732,18,785
1118,855,1,1,14:05:45,21.256,21256,18,785
1118,858,1,1,14:05:46,27.472,27472,18,785
1118,817,1,1,14:05:47,26:16.725,1576725,18,785
1118,807,1,1,14:05:49,34.261,34261,18,785
1118,830,2,2,14:07:42,23:22.632,1402632,18,785
1118,846,2,2,14:07:44,23:24.611,1404611,18,785
1118,1,2,2,14:07:46,23:26.375,1406375,18,785
1118,4,2,2,14:07:47,23:28.154,1408154,18,785
1118,840,2,2,14:07:50,23:29.984,1409984,18,785
1118,847,2,2,14:07:53,23:30.984,1410984,18,785
1118,815,2,2,14:07:55,23:31.712,1411712,18,785
1118,832,2,2,14:07:57,23:33.704,1413704,18,785
1118,839,2,2,14:07:59,23:34.725,1414725,18,785
1118,852,2,2,14:08:02,23:35.420,1415420,18,785
1118,842,2,2,14:08:04,23:36.706,1416706,18,785
1118,822,2,2,14:08:05,23:38.156,1418156,18,785
1118,855,2,2,14:08:09,23:39.945,1419945,18,785
1118,858,2,2,14:08:10,23:41.207,1421207,18,785
1118,807,2,2,14:08:14,23:41.069,1421069,18,785
1118,857,2,2,14:33:41,38.489,38489,18,785
1118,817,2,2,14:33:47,32.770,32770,18,785
1118,839,3,14,14:48:20,24.037,24037,18,785
1118,855,3,15,14:49:40,23.953,23953,18,785
1118,858,3,17,14:52:18,24.367,24367,18,785
1118,1,3,18,14:53:23,23.571,23571,18,785
1118,822,3,18,14:53:31,24.077,24077,18,785
1118,847,3,19,14:54:41,23.730,23730,18,785
1118,815,3,20,14:55:57,23.164,23164,18,785
1118,807,3,21,14:57:33,24.401,24401,18,785
1118,840,3,22,14:58:34,23.558,23558,18,785
1118,4,3,25,15:02:12,24.204,24204,18,785
1118,857,3,24,15:02:38,23.536,23536,18,785
1118,832,3,26,15:03:43,23.557,23557,18,785
1118,842,3,26,15:03:46,25.295,25295,18,785
1118,852,3,26,15:03:48,27.114,27114,18,785
1118,830,3,27,15:04:35,22.994,22994,18,785
1118,846,3,27,15:04:39,23.806,23806,18,785
1118,817,3,26,15:05:07,23.955,23955,18,785
1118,839,4,31,15:10:28,24.406,24406,18,785
1118,858,4,44,15:27:16,24.137,24137,18,785
1118,847,4,45,15:28:17,23.962,23962,18,785
1118,815,4,46,15:29:13,23.522,23522,18,785
1118,1,4,46,15:29:28,24.074,24074,18,785
1118,842,4,46,15:29:32,23.583,23583,18,785
1118,807,4,46,15:30:00,23.841,23841,18,785
1118,4,4,47,15:30:25,23.830,23830,18,785
1118,832,4,51,15:35:44,23.704,23704,18,785
1118,839,5,51,15:36:12,23.599,23599,18,785
1118,840,4,52,15:36:55,25.294,25294,18,785
1118,857,4,52,15:38:37,23.338,23338,18,785
1118,852,4,55,15:41:00,23.453,23453,18,785
1118,830,4,56,15:41:21,23.397,23397,18,785
1118,817,4,55,15:42:16,23.508,23508,18,785
1118,846,4,59,15:45:16,23.664,23664,18,785
1119,815,1,1,22:06:05,33.599,33599,80,642
1119,4,1,1,22:06:26,29.304,29304,80,642
1119,822,1,1,22:06:30,43.914,43914,80,642
1119,840,1,3,22:10:06,22.222,22222,80,642
1119,832,1,3,22:10:19,21.261,21261,80,642
1119,852,1,10,22:25:26,20.619,20619,80,642
1119,807,1,12,22:28:45,22.154,22154,80,642
1119,825,1,14,22:32:02,21.611,21611,80,642
1119,847,1,15,22:33:29,21.257,21257,80,642
1119,858,1,15,22:33:40,21.367,21367,80,642
1119,830,1,16,22:35:04,26.686,26686,80,642
1119,848,1,16,22:35:17,21.242,21242,80,642
1119,857,1,16,22:35:19,23.269,23269,80,642
1119,842,1,17,22:36:53,22.262,22262,80,642
1119,1,1,17,22:37:11,25.047,25047,80,642
1119,817,1,17,22:37:13,22.242,22242,80,642
1119,839,1,20,22:41:58,21.763,21763,80,642
1119,844,1,21,22:43:18,22.559,22559,80,642
1119,852,2,21,22:44:16,20.894,20894,80,642
1119,822,2,24,22:49:10,21.575,21575,80,642
1119,815,2,26,22:51:52,21.568,21568,80,642
1119,840,2,26,22:52:07,22.570,22570,80,642
1119,830,2,26,22:52:08,21.323,21323,80,642
1119,847,2,26,22:52:11,21.952,21952,80,642
1119,832,2,26,22:52:13,22.630,22630,80,642
1119,4,2,26,22:52:17,23.214,23214,80,642
1119,855,1,26,22:52:26,22.155,22155,80,642
1119,825,2,26,22:52:38,21.868,21868,80,642
1119,807,2,26,22:52:42,25.453,25453,80,642
1119,1,2,26,22:52:49,22.508,22508,80,642
1119,857,2,43,23:22:11,20.535,20535,80,642
1120,825,1,5,17:11:16,22.764,22764,24,3
1120,817,1,7,17:14:15,21.692,21692,24,3
1120,4,1,12,17:21:44,22.462,22462,24,3
1120,857,1,13,17:23:13,21.697,21697,24,3
1120,807,1,13,17:23:25,21.861,21861,24,3
1120,855,1,13,17:23:27,22.867,22867,24,3
1120,846,1,14,17:24:40,24.061,24061,24,3
1120,847,1,14,17:24:42,21.650,21650,24,3
1120,1,1,15,17:26:21,22.195,22195,24,3
1120,839,1,15,17:26:22,22.160,22160,24,3
1120,858,1,15,17:26:35,22.124,22124,24,3
1120,830,1,16,17:27:36,21.662,21662,24,3
1120,848,1,16,17:28:04,22.170,22170,24,3
1120,844,1,17,17:29:09,21.919,21919,24,3
1120,815,1,17,17:29:21,21.446,21446,24,3
1120,842,1,17,17:29:26,23.091,23091,24,3
1120,852,1,22,17:36:54,21.486,21486,24,3
1120,840,1,22,17:36:59,21.866,21866,24,3
1120,825,2,22,17:37:30,22.163,22163,24,3
1120,832,1,23,17:38:36,21.229,21229,24,3
1120,822,1,29,17:48:01,22.665,22665,24,3
1120,817,2,31,17:50:51,21.740,21740,24,3
1120,842,2,32,17:52:26,23.478,23478,24,3
1120,846,2,33,17:53:31,21.432,21432,24,3
1120,807,2,33,17:54:04,22.081,22081,24,3
1120,847,2,34,17:54:57,22.084,22084,24,3
1120,844,2,35,17:56:25,21.246,21246,24,3
1120,1,2,35,17:56:42,22.045,22045,24,3
1120,857,2,36,17:58:08,21.156,21156,24,3
1120,4,2,36,17:58:11,21.841,21841,24,3
1120,855,2,37,18:00:12,22.345,22345,24,3
1120,858,2,41,18:06:20,21.880,21880,24,3
1120,815,2,42,18:06:56,21.274,21274,24,3
1120,840,2,42,18:07:20,21.667,21667,24,3
1120,830,2,43,18:08:09,21.275,21275,24,3
1120,848,2,43,18:09:09,21.919,21919,24,3
1120,832,2,56,18:28:24,21.564,21564,24,3
1121,807,1,1,18:05:33,36.604,36604,3,7
1121,855,1,9,18:18:39,25.208,25208,3,7
1121,840,1,9,18:18:42,24.418,24418,3,7
1121,839,1,10,18:20:20,24.877,24877,3,7
1121,858,1,10,18:21:19,35.729,35729,3,7
1121,847,1,11,18:21:38,24.778,24778,3,7
1121,844,1,11,18:21:41,24.069,24069,3,7
1121,825,1,11,18:21:55,25.951,25951,3,7
1121,815,1,12,18:23:16,24.516,24516,3,7
1122,830,1,7,20:15:25,20.607,20607,77,15
1121,1,1,12,18:23:26,25.087,25087,3,7
1121,842,1,12,18:23:38,29.980,29980,3,7
1121,822,1,12,18:23:42,26.420,26420,3,7
1122,815,1,7,20:15:30,22.196,22196,77,15
1121,817,1,13,18:25:17,24.988,24988,3,7
1121,832,1,14,18:26:32,24.474,24474,3,7
1121,852,1,14,18:26:47,24.724,24724,3,7
1121,4,1,15,18:28:24,24.786,24786,3,7
1121,848,1,15,18:28:29,24.681,24681,3,7
1121,830,1,17,18:31:12,25.064,25064,3,7
1121,807,2,20,18:37:08,24.768,24768,3,7
1121,840,2,27,18:48:25,24.545,24545,3,7
1121,855,2,28,18:49:59,25.094,25094,3,7
1121,858,2,28,18:51:33,25.070,25070,3,7
1121,839,2,30,18:53:30,25.145,25145,3,7
1121,822,2,30,18:53:32,1:14.773,74773,3,7
1121,847,2,31,18:54:21,24.866,24866,3,7
1121,842,2,31,18:55:10,26.462,26462,3,7
1121,825,2,32,18:56:37,24.446,24446,3,7
1122,844,1,7,20:15:31,23.419,23419,77,15
1121,1,2,33,18:57:45,24.094,24094,3,7
1121,844,2,34,18:59:13,24.136,24136,3,7
1122,857,1,7,20:15:36,21.427,21427,77,15
1121,852,2,34,18:59:47,24.324,24324,3,7
1121,832,2,35,19:00:38,23.866,23866,3,7
1121,817,2,35,19:01:34,24.856,24856,3,7
1121,815,2,36,19:02:12,24.563,24563,3,7
1121,848,2,36,19:03:09,24.610,24610,3,7
1121,830,2,37,19:03:29,24.209,24209,3,7
1121,4,2,41,19:10:58,25.109,25109,3,7
1121,858,3,40,19:11:22,25.346,25346,3,7
1121,807,3,41,19:11:29,24.387,24387,3,7
1121,842,3,43,19:14:55,25.240,25240,3,7
1121,857,1,12,18:23:24,25.450,25450,3,7
1121,846,1,13,18:25:00,24.205,24205,3,7
1121,846,2,33,18:57:39,24.705,24705,3,7
1121,857,2,34,18:59:20,24.852,24852,3,7
1122,4,1,7,20:15:37,22.129,22129,77,15
1122,847,1,7,20:15:42,21.013,21013,77,15
1122,852,1,7,20:15:51,21.694,21694,77,15
1122,860,1,7,20:15:51,22.457,22457,77,15
1122,825,1,7,20:15:53,21.460,21460,77,15
1122,848,1,7,20:15:53,21.723,21723,77,15
1122,817,1,7,20:15:57,1:03.364,63364,77,15
1122,839,1,7,20:15:59,22.502,22502,77,15
1122,822,1,7,20:16:00,22.795,22795,77,15
1122,858,1,7,20:16:01,23.645,23645,77,15
1122,807,1,33,20:59:21,21.035,21035,77,15
1122,822,2,35,21:02:58,23.281,23281,77,15
1122,1,1,36,21:03:38,20.170,20170,77,15
1123,817,1,5,15:10:25,18.265,18265,1,10
1122,855,1,41,21:12:03,46.381,46381,77,15
1122,846,1,37,21:05:08,22.211,22211,77,15
1123,848,1,6,15:11:45,17.755,17755,1,10
1123,855,1,6,15:11:49,19.032,19032,1,10
1123,1,1,7,15:13:04,17.596,17596,1,10
1123,825,1,7,15:13:08,18.301,18301,1,10
1123,847,1,8,15:14:23,18.046,18046,1,10
1123,840,1,8,15:14:26,17.901,17901,1,10
1123,822,1,8,15:14:30,46.969,46969,1,10
1123,844,1,9,15:15:42,17.409,17409,1,10
1123,857,1,9,15:15:43,17.573,17573,1,10
1123,852,1,9,15:15:50,18.523,18523,1,10
1123,839,1,9,15:15:55,18.287,18287,1,10
1123,846,1,14,15:22:37,17.776,17776,1,10
1123,815,1,14,15:22:45,18.112,18112,1,10
1123,832,1,16,15:25:14,17.599,17599,1,10
1123,839,2,16,15:25:58,30.626,30626,1,10
1123,4,1,17,15:27:06,18.160,18160,1,10
1123,807,1,17,15:27:28,18.320,18320,1,10
1123,842,1,17,15:27:32,20.316,20316,1,10
1123,848,2,27,15:41:35,17.745,17745,1,10
1123,817,2,29,15:44:29,17.751,17751,1,10
1123,825,2,33,15:49:58,18.151,18151,1,10
1123,844,2,34,15:50:35,17.308,17308,1,10
1123,815,2,35,15:52:18,17.222,17222,1,10
1123,807,2,35,15:52:40,18.145,18145,1,10
1123,855,2,35,15:52:50,36.866,36866,1,10
1123,852,2,36,15:53:59,17.535,17535,1,10
1123,822,2,36,15:54:30,18.938,18938,1,10
1123,840,2,37,15:55:19,17.977,17977,1,10
1123,857,2,39,15:57:32,18.533,18533,1,10
1123,846,2,40,15:58:46,17.653,17653,1,10
1123,832,2,41,15:59:57,17.740,17740,1,10
1123,4,2,41,16:00:37,17.995,17995,1,10
1123,842,2,41,16:01:21,17.682,17682,1,10
1123,839,3,42,16:02:51,18.007,18007,1,10
1123,847,2,45,16:06:07,17.964,17964,1,10
1124,830,1,1,14:05:50,26:15.603,1575603,22,45
1124,815,1,1,14:05:52,26:17.661,1577661,22,45
1124,846,1,1,14:05:54,26:20.116,1580116,22,45
1124,832,1,1,14:05:57,26:20.097,1580097,22,45
1124,4,1,1,14:06:00,26:20.924,1580924,22,45
1124,857,1,1,14:06:03,26:20.204,1580204,22,45
1124,1,1,1,14:06:12,26:20.696,1580696,22,45
1124,844,1,1,14:06:13,26:23.333,1583333,22,45
1124,847,1,1,14:06:18,26:21.238,1581238,22,45
1124,807,1,1,14:06:21,26:20.886,1580886,22,45
1124,822,1,1,14:06:22,26:22.542,1582542,22,45
1124,852,1,1,14:06:25,26:24.553,1584553,22,45
1124,839,1,1,14:06:28,26:26.095,1586095,22,45
1124,842,1,1,14:06:30,26:26.793,1586793,22,45
1124,840,1,1,14:06:35,26:25.911,1585911,22,45
1124,825,1,1,14:06:40,26:24.630,1584630,22,45
1124,858,1,1,14:06:43,26:25.267,1585267,22,45
1124,855,1,1,14:06:50,26:22.912,1582912,22,45
1124,807,2,5,14:40:46,23.622,23622,22,45
1124,822,2,6,14:42:21,24.824,24824,22,45
1124,852,2,7,14:43:59,23.358,23358,22,45
1124,855,2,7,14:44:07,23.910,23910,22,45
1124,846,2,11,14:50:21,23.049,23049,22,45
1124,855,3,11,14:51:01,26.653,26653,22,45
1124,857,2,12,14:52:06,23.420,23420,22,45
1124,840,2,12,14:52:17,23.358,23358,22,45
1124,4,2,13,14:53:43,22.998,22998,22,45
1124,815,2,15,14:56:51,22.990,22990,22,45
1124,832,2,15,14:56:55,23.136,23136,22,45
1124,830,2,16,14:58:23,23.177,23177,22,45
1124,842,2,16,14:59:18,23.844,23844,22,45
1124,839,2,19,15:04:11,23.394,23394,22,45
1124,847,2,22,15:08:39,23.577,23577,22,45
1124,825,2,22,15:09:03,26.198,26198,22,45
1124,822,3,22,15:09:04,25.946,25946,22,45
1124,858,2,22,15:09:04,25.530,25530,22,45
1124,852,3,22,15:09:05,23.486,23486,22,45
1124,840,3,22,15:09:06,23.238,23238,22,45
1124,1,2,23,15:10:21,23.333,23333,22,45
1124,844,2,26,15:15:01,23.285,23285,22,45
1124,846,3,26,15:15:02,23.232,23232,22,45
1124,857,3,32,15:25:00,22.848,22848,22,45
1124,842,3,32,15:26:03,23.102,23102,22,45
1124,815,3,33,15:26:18,22.956,22956,22,45
1124,4,3,33,15:26:33,23.157,23157,22,45
1124,807,3,33,15:27:22,23.993,23993,22,45
1124,839,3,33,15:27:33,24.181,24181,22,45
1124,830,3,34,15:27:43,23.234,23234,22,45
1124,840,4,34,15:28:58,22.911,22911,22,45
1124,858,3,34,15:29:04,24.220,24220,22,45
1124,832,3,36,15:31:14,23.591,23591,22,45
1124,847,3,37,15:33:07,22.991,22991,22,45
1124,1,3,39,15:36:25,23.956,23956,22,45
1124,858,4,41,15:41:24,23.287,23287,22,45
1125,807,1,8,15:17:30,23.004,23004,17,5
1125,852,1,8,15:17:35,23.160,23160,17,5
1125,855,1,8,15:17:39,23.362,23362,17,5
1125,840,1,9,15:19:10,23.823,23823,17,5
1125,822,1,9,15:19:12,22.949,22949,17,5
1125,839,1,9,15:19:14,23.156,23156,17,5
1125,848,1,9,15:19:15,23.273,23273,17,5
1125,1,1,9,15:19:19,22.518,22518,17,5
1125,4,1,11,15:22:28,23.049,23049,17,5
1125,847,1,11,15:22:32,22.415,22415,17,5
1125,842,1,11,15:22:43,39.712,39712,17,5
1125,858,1,12,15:24:34,23.229,23229,17,5
1125,830,1,13,15:25:33,22.456,22456,17,5
1125,815,1,13,15:25:43,22.027,22027,17,5
1125,817,1,14,15:27:53,22.598,22598,17,5
1125,857,1,16,15:31:03,22.673,22673,17,5
1125,832,1,17,15:32:49,22.629,22629,17,5
1125,825,1,17,15:33:13,22.974,22974,17,5
1125,844,1,21,15:39:34,22.360,22360,17,5
1125,840,2,21,15:40:07,22.911,22911,17,5
1125,1,2,21,15:40:23,22.662,22662,17,5
1125,846,1,22,15:41:37,22.161,22161,17,5
1125,830,2,23,15:43:44,22.270,22270,17,5
1125,815,2,23,15:44:03,22.371,22371,17,5
1125,4,2,23,15:44:21,22.687,22687,17,5
1125,847,2,23,15:44:25,22.707,22707,17,5
1125,807,2,23,15:44:41,23.336,23336,17,5
1125,839,2,23,15:44:48,23.208,23208,17,5
1125,852,2,23,15:44:54,22.387,22387,17,5
1125,848,2,23,15:44:57,23.600,23600,17,5
1125,855,2,23,15:45:02,25.610,25610,17,5
1125,842,2,23,15:45:12,23.987,23987,17,5
1125,857,2,24,15:46:41,22.262,22262,17,5
1125,858,2,24,15:47:14,22.684,22684,17,5
1125,840,3,26,15:51:46,1:33.274,93274,17,5
1125,825,2,27,15:54:22,25.727,25727,17,5
1125,840,4,35,16:10:09,34.777,34777,17,5
1125,842,3,38,16:15:11,22.836,22836,17,5
1125,855,3,40,16:18:35,23.252,23252,17,5
1125,4,3,43,16:23:18,23.179,23179,17,5
1126,848,1,10,16:19:16,22.828,22828,79,0
1126,840,1,11,16:20:48,23.038,23038,79,0
1126,858,1,11,16:20:52,22.611,22611,79,0
1126,822,1,11,16:20:55,23.730,23730,79,0
1126,807,1,12,16:22:21,23.055,23055,79,0
1126,842,1,12,16:22:22,22.466,22466,79,0
1126,815,1,17,16:29:57,21.695,21695,79,0
1126,844,1,19,16:32:56,21.825,21825,79,0
1126,839,1,22,16:38:08,22.663,22663,79,0
1126,4,1,22,16:38:11,22.374,22374,79,0
1126,825,1,22,16:38:18,23.265,23265,79,0
1126,830,1,23,16:39:17,22.187,22187,79,0
1126,847,1,24,16:41:18,22.800,22800,79,0
1126,1,1,26,16:44:23,22.107,22107,79,0
1126,857,1,27,16:45:31,22.216,22216,79,0
1126,832,1,27,16:45:33,22.805,22805,79,0
1126,815,2,28,16:47:40,22.396,22396,79,0
1126,852,1,28,16:47:44,22.153,22153,79,0
1126,855,1,28,16:48:01,23.017,23017,79,0
1126,817,1,28,16:48:05,22.540,22540,79,0
1126,807,2,28,16:48:13,22.487,22487,79,0
1126,840,2,28,16:48:15,22.631,22631,79,0
1126,825,2,28,16:48:47,29.727,29727,79,0
1126,846,1,29,16:49:15,22.041,22041,79,0
1126,822,2,29,16:50:34,22.765,22765,79,0
1126,825,3,31,16:54:36,30.732,30732,79,0
1126,857,2,40,17:08:34,30.409,30409,79,0
1126,848,2,53,17:29:03,22.567,22567,79,0
1127,4,1,7,15:13:08,31.368,31368,21,37
1127,848,1,8,15:14:25,30.050,30050,21,37
1127,842,1,8,15:14:26,30.081,30081,21,37
1127,822,1,8,15:14:28,30.240,30240,21,37
1127,848,2,9,15:17:08,33.179,33179,21,37
1127,817,1,11,15:18:29,30.068,30068,21,37
1127,852,1,12,15:19:49,29.628,29628,21,37
1127,807,1,13,15:21:11,29.749,29749,21,37
1127,847,1,21,15:31:57,29.664,29664,21,37
1127,846,1,22,15:33:08,29.956,29956,21,37
1127,857,1,23,15:34:37,29.770,29770,21,37
1127,830,1,24,15:35:46,30.416,30416,21,37
1127,848,3,23,15:36:52,38.413,38413,21,37
1127,844,1,25,15:37:15,30.149,30149,21,37
1127,839,1,25,15:37:56,30.659,30659,21,37
1127,832,1,27,15:40:03,30.508,30508,21,37
1127,1,1,27,15:40:14,29.547,29547,21,37
1127,848,4,28,15:44:25,31.131,31131,21,37
1127,842,2,30,15:45:06,30.654,30654,21,37
1127,858,1,31,15:46:28,31.085,31085,21,37
1127,855,1,33,15:49:09,30.244,30244,21,37
1127,815,1,37,15:54:16,29.669,29669,21,37
1127,840,1,37,15:54:22,29.971,29971,21,37
1127,825,1,37,15:54:36,31.302,31302,21,37
1127,4,2,40,15:59:03,30.483,30483,21,37
1127,847,2,52,16:14:22,29.605,29605,21,37
1127,4,3,59,16:25:23,29.931,29931,21,37
1129,825,1,7,14:14:25,30.472,30472,7,13
1129,807,1,12,14:22:33,24.233,24233,7,13
1129,855,1,24,14:40:42,25.598,25598,7,13
1129,830,1,25,14:40:52,24.306,24306,7,13
1129,847,1,25,14:40:52,24.044,24044,7,13
1129,857,1,25,14:40:53,23.977,23977,7,13
1129,4,1,25,14:41:12,25.788,25788,7,13
1129,1,1,25,14:41:13,23.762,23762,7,13
1129,840,1,25,14:41:47,24.284,24284,7,13
1129,848,1,25,14:41:54,24.753,24753,7,13
1129,844,1,25,14:41:58,24.031,24031,7,13
1129,832,1,25,14:42:01,27.626,27626,7,13
1129,825,2,25,14:42:03,26.794,26794,7,13
1129,842,1,25,14:42:06,24.911,24911,7,13
1129,815,1,25,14:42:09,33.762,33762,7,13
1129,807,2,25,14:42:21,24.668,24668,7,13
1129,846,1,26,14:42:44,23.423,23423,7,13
1129,817,1,26,14:43:37,30.298,30298,7,13
1129,844,2,28,14:47:31,47.186,47186,7,13
1129,844,3,31,14:53:31,24.629,24629,7,13
1129,842,2,40,15:05:55,24.408,24408,7,13
1129,825,3,41,15:07:24,24.833,24833,7,13
1129,822,1,42,15:08:45,24.929,24929,7,13
1129,1,2,43,15:09:46,24.226,24226,7,13
1129,817,2,43,15:10:10,23.860,23860,7,13
1129,832,2,43,15:10:12,24.125,24125,7,13
1129,815,2,43,15:10:12,24.423,24423,7,13
1129,857,2,44,15:11:10,23.476,23476,7,13
1129,4,2,44,15:11:23,24.346,24346,7,13
1129,852,1,44,15:11:26,25.569,25569,7,13
1129,840,2,44,15:11:30,25.025,25025,7,13
1129,839,1,44,15:11:32,24.495,24495,7,13
1129,848,2,44,15:11:34,24.804,24804,7,13
1129,807,3,44,15:11:43,24.751,24751,7,13
1129,855,2,44,15:11:53,1:05.564,65564,7,13
1129,830,2,45,15:12:29,24.246,24246,7,13
1129,847,2,45,15:12:31,25.431,25431,7,13
1129,846,2,47,15:15:19,23.983,23983,7,13
1129,855,3,52,15:25:02,28.375,28375,7,13
1129,847,3,54,15:25:19,28.157,28157,7,13
1129,1,3,54,15:25:24,28.817,28817,7,13
1129,825,4,54,15:26:25,26.845,26845,7,13
1128,844,1,1,15:04:50,39:18.026,2358026,6,7
1128,857,1,1,15:04:52,39:17.645,2357645,6,7
1128,846,1,1,15:04:54,39:25.538,2365538,6,7
1128,847,1,1,15:04:56,39:29.363,2369363,6,7
1128,830,1,1,15:04:57,39:32.670,2372670,6,7
1128,1,1,1,15:05:00,39:35.369,2375369,6,7
1128,852,1,1,15:05:02,39:37.564,2377564,6,7
1128,848,1,1,15:05:05,39:41.390,2381390,6,7
1128,842,1,1,15:05:07,39:41.893,2381893,6,7
1128,840,1,1,15:05:10,39:43.588,2383588,6,7
1128,817,1,1,15:05:13,39:45.823,2385823,6,7
1128,4,1,1,15:05:15,39:49.467,2389467,6,7
1128,858,1,1,15:05:16,39:51.600,2391600,6,7
1128,822,1,1,15:05:19,39:54.053,2394053,6,7
1128,832,1,1,15:05:27,38:47.072,2327072,6,7
1128,855,1,1,15:05:31,39:46.414,2386414,6,7
1128,822,15,2,16:04:57,24.239,24239,6,7
1128,840,42,2,16:41:05,24.132,24132,6,7
1128,840,48,3,16:49:27,28.211,28211,6,7
1128,1,51,2,16:52:10,24.232,24232,6,7
1128,830,52,2,16:53:26,23.813,23813,6,7
1128,858,57,2,17:01:43,24.384,24384,6,7
1128,855,70,2,17:19:04,24.367,24367,6,7
1130,855,1,9,15:15:47,22.523,22523,4,109
1130,852,1,9,15:15:48,22.064,22064,4,109
1130,825,1,10,15:17:08,23.360,23360,4,109
1130,822,1,11,15:18:28,22.744,22744,4,109
1130,807,1,12,15:19:44,22.722,22722,4,109
1130,839,1,13,15:21:03,21.834,21834,4,109
1130,815,1,13,15:21:05,22.181,22181,4,109
1130,842,1,14,15:22:19,26.097,26097,4,109
1130,858,1,14,15:22:45,22.401,22401,4,109
1130,847,1,15,15:23:33,25.023,25023,4,109
1130,832,1,15,15:23:36,22.194,22194,4,109
1130,1,1,16,15:24:57,21.840,21840,4,109
1130,817,1,16,15:25:24,22.364,22364,4,109
1130,830,1,17,15:26:11,21.544,21544,4,109
1130,840,1,17,15:26:39,21.880,21880,4,109
1130,848,1,18,15:28:15,23.248,23248,4,109
1130,4,1,19,15:29:25,21.957,21957,4,109
1130,857,1,21,15:31:54,22.224,22224,4,109
1130,846,1,23,15:34:21,21.618,21618,4,109
1130,844,1,24,15:35:49,22.260,22260,4,109
1130,852,2,27,15:40:44,22.084,22084,4,109
1130,822,2,28,15:41:58,22.963,22963,4,109
1130,825,2,29,15:43:22,28.967,28967,4,109
1130,815,2,31,15:45:43,21.464,21464,4,109
1130,858,2,34,15:50:28,22.506,22506,4,109
1130,847,2,36,15:52:01,22.700,22700,4,109
1130,832,2,36,15:52:05,22.249,22249,4,109
1130,839,2,37,15:53:54,21.921,21921,4,109
1130,840,2,37,15:54:06,23.381,23381,4,109
1130,842,2,38,15:55:06,21.687,21687,4,109
1130,807,2,38,15:55:17,22.518,22518,4,109
1130,855,2,41,15:59:31,24.253,24253,4,109
1130,817,2,42,16:01:01,22.108,22108,4,109
1130,1,2,43,16:01:21,21.603,21603,4,109
1130,830,2,44,16:02:29,22.340,22340,4,109
1130,848,2,43,16:02:33,21.892,21892,4,109
1130,852,3,44,16:04:06,22.564,22564,4,109
1130,4,2,45,16:04:54,22.571,22571,4,109
1130,857,2,46,16:05:37,22.420,22420,4,109
1130,846,2,47,16:06:31,22.631,22631,4,109
1130,844,2,47,16:06:44,21.624,21624,4,109
1130,815,3,49,16:09:52,21.472,21472,4,109
1131,844,1,1,15:04:20,31.917,31917,70,678
1131,858,1,1,15:04:23,31.722,31722,70,678
1131,825,1,10,15:15:02,21.518,21518,70,678
1131,817,1,10,15:15:04,21.502,21502,70,678
1131,807,1,11,15:16:12,22.355,22355,70,678
1131,4,1,11,15:16:18,21.483,21483,70,678
1131,848,1,12,15:17:30,21.878,21878,70,678
1131,844,2,16,15:22:38,21.685,21685,70,678
1131,839,1,19,15:25:51,22.291,22291,70,678
1131,822,1,19,15:26:01,21.918,21918,70,678
1131,842,1,20,15:27:05,21.431,21431,70,678
1131,840,1,20,15:27:11,21.399,21399,70,678
1131,858,2,20,15:27:51,22.502,22502,70,678
1131,1,1,21,15:28:03,21.563,21563,70,678
1131,815,1,21,15:28:10,21.291,21291,70,678
1131,852,1,21,15:28:21,21.250,21250,70,678
1131,847,1,22,15:29:09,21.673,21673,70,678
1131,832,1,22,15:29:12,21.226,21226,70,678
1131,830,1,23,15:30:10,21.899,21899,70,678
1131,846,1,23,15:30:16,21.617,21617,70,678
1131,857,1,25,15:32:49,20.978,20978,70,678
1131,855,1,28,15:37:09,23.198,23198,70,678
1131,844,3,33,15:43:03,22.243,22243,70,678
1131,4,2,35,15:45:19,33.947,33947,70,678
1131,817,2,37,15:47:39,21.093,21093,70,678
1131,825,2,38,15:48:49,21.832,21832,70,678
1131,807,2,39,15:49:55,21.814,21814,70,678
1131,848,2,39,15:50:11,21.692,21692,70,678
1131,842,2,42,15:53:40,22.043,22043,70,678
1131,822,2,42,15:53:49,21.991,21991,70,678
1131,839,2,43,15:54:52,21.231,21231,70,678
1131,840,2,43,15:54:58,21.302,21302,70,678
1131,852,2,44,15:56:07,23.444,23444,70,678
1131,847,2,46,15:57:41,21.229,21229,70,678
1131,832,2,47,15:58:55,21.283,21283,70,678
1131,858,3,49,16:03:04,22.093,22093,70,678
1131,830,2,51,16:03:13,25.841,25841,70,678
1131,846,2,51,16:03:21,21.411,21411,70,678
1131,857,2,51,16:03:40,20.775,20775,70,678
1131,815,2,51,16:04:03,27.500,27500,70,678
1131,844,4,51,16:04:33,20.903,20903,70,678
1131,855,2,51,16:05:02,21.594,21594,70,678
1131,1,2,53,16:06:06,27.281,27281,70,678
1131,830,3,64,16:19:06,22.729,22729,70,678
1131,4,3,68,16:25:31,22.487,22487,70,678
